/home/yuru/DRO-proj/DRO-aistats-submission/.venv/lib/python3.10/site-packages/botorch/test_functions/base.py:45: UserWarning: To copy construct from a tensor, it is recommended to use sourceTensor.clone().detach() or sourceTensor.clone().detach().requires_grad_(True), rather than torch.tensor(sourceTensor).
  "bounds", torch.tensor(self._bounds, dtype=torch.float).transpose(-1, -2)

=================================================================
  Floored Dynamic RTG (DT-GP) — Ackley 2D
  Trials : 10  |  Seeds 0–9
  Budget : 10 init + 30 iter = 40 evaluations
  Conditions: DT-GP×3 (floor α∈{0.5,0.2,0.1}) + DT-GT-dynamic (reference)
  Save dir  : res/floored_rtg_dtgp_ackley
=================================================================


── Trial 1/10  (seed=0) ────────────────────────────────────────
  [DT-GP-floor05] running... Using device: cpu, dtype: torch.float64
Set random seed: 0
Save directory set to: res
Sampling 10 initial points using 'sobol' method...
Initializing BoTorch GP ensemble...
[DT-GP] iter=  1 | zero_steps=96.8%  mean_RTG=0.0578±0.3110  max_RTG=1.7327  avg_len=1.0  min_len=1  ls=[0.1, 8.457, 11.2689, 13.8886, 16.5375]
[DT-GP] iter=  1 | dt_loss=1.560356  target_RTG=1.7327  floor=0.0000(active=0)
[DT-GP] iter=  2 | zero_steps=83.3%  mean_RTG=0.1998±0.4481  max_RTG=1.7031  avg_len=1.2  min_len=1  ls=[1.9679, 10.9485, 13.8572, 16.562, 19.2783]
[DT-GP] iter=  2 | dt_loss=0.019303  target_RTG=1.7031  floor=0.8664(active=0)
[DT-GP] iter=  3 | zero_steps=78.9%  mean_RTG=0.0394±0.1233  max_RTG=0.5332  avg_len=1.3  min_len=1  ls=[2.8068, 8.3869, 11.7124, 14.9572, 18.3794]
[DT-GP] iter=  3 | dt_loss=0.441059  target_RTG=0.8664  floor=0.8664(active=1)
[DT-GP] iter=  4 | zero_steps=85.7%  mean_RTG=0.1177±0.4693  max_RTG=2.5740  avg_len=1.2  min_len=1  ls=[2.5183, 4.1525, 8.2516, 11.9783, 15.9832]
[DT-GP] iter=  4 | dt_loss=0.39967  target_RTG=2.5740  floor=0.8664(active=0)
[DT-GP] iter=  5 | zero_steps=88.2%  mean_RTG=0.0371±0.1140  max_RTG=0.5199  avg_len=1.1  min_len=1  ls=[2.4926, 1.4277, 4.3042, 9.0951, 13.8801]
[DT-GP] iter=  5 | dt_loss=0.012781  target_RTG=1.2870  floor=1.2870(active=1)
[DT-GP] iter=  6 | zero_steps=93.8%  mean_RTG=0.0407±0.1865  max_RTG=1.0276  avg_len=1.1  min_len=1  ls=[1.7053, 1.8167, 1.4449, 6.6078, 12.4969]
[DT-GP] iter=  6 | dt_loss=0.005916  target_RTG=1.2870  floor=1.2870(active=1)
[DT-GP] iter=  7 | zero_steps=73.2%  mean_RTG=0.3670±0.9396  max_RTG=4.8636  avg_len=1.4  min_len=1  ls=[1.5839, 1.5629, 1.5562, 4.4092, 12.1855]
[DT-GP] iter=  7 | dt_loss=0.052481  target_RTG=4.8636  floor=1.2870(active=0)
[DT-GP] iter=  8 | zero_steps=93.8%  mean_RTG=0.0127±0.0625  max_RTG=0.3478  avg_len=1.1  min_len=1  ls=[1.7093, 1.7105, 1.8279, 1.2669, 12.1579]
[DT-GP] iter=  8 | dt_loss=0.004428  target_RTG=2.4318  floor=2.4318(active=1)
[DT-GP] iter=  9 | zero_steps=88.2%  mean_RTG=0.1499±0.5487  max_RTG=2.9065  avg_len=1.1  min_len=1  ls=[1.6313, 1.63, 1.8262, 1.4103, 12.1487]
[DT-GP] iter=  9 | dt_loss=0.005521  target_RTG=2.9065  floor=2.4318(active=0)
[DT-GP] iter= 10 | zero_steps=78.9%  mean_RTG=0.3403±0.6832  max_RTG=2.9058  avg_len=1.3  min_len=1  ls=[1.5604, 1.5599, 1.5728, 1.3771, 12.1433]
[DT-GP] iter= 10 | dt_loss=0.003741  target_RTG=2.9058  floor=2.4318(active=0)
[DT-GP] iter= 11 | zero_steps=75.0%  mean_RTG=0.3522±0.8274  max_RTG=4.2627  avg_len=1.3  min_len=1  ls=[1.4681, 1.4682, 1.4624, 1.4866, 12.1394]
[DT-GP] iter= 11 | dt_loss=0.07966  target_RTG=4.2627  floor=2.4318(active=0)
[DT-GP] iter= 12 | zero_steps=76.9%  mean_RTG=0.1661±0.3932  max_RTG=1.5142  avg_len=1.3  min_len=1  ls=[1.4259, 1.4259, 1.4252, 1.7029, 12.1363]
[DT-GP] iter= 12 | dt_loss=0.034768  target_RTG=2.4318  floor=2.4318(active=1)
[DT-GP] iter= 13 | zero_steps=90.9%  mean_RTG=0.0189±0.0741  max_RTG=0.3717  avg_len=1.1  min_len=1  ls=[1.4085, 1.4085, 1.4086, 1.2368, 12.1338]
[DT-GP] iter= 13 | dt_loss=0.002766  target_RTG=2.4318  floor=2.4318(active=1)
[DT-GP] iter= 14 | zero_steps=90.9%  mean_RTG=0.1670±0.6334  max_RTG=3.0584  avg_len=1.1  min_len=1  ls=[1.2103, 1.2104, 1.2104, 1.2105, 12.1315]
[DT-GP] iter= 14 | dt_loss=0.003464  target_RTG=3.0584  floor=2.4318(active=0)
[DT-GP] iter= 15 | zero_steps=42.3%  mean_RTG=0.3812±0.6512  max_RTG=3.7883  avg_len=2.4  min_len=1  ls=[0.5032, 0.5032, 0.5032, 0.5039, 12.1296]
[DT-GP] iter= 15 | dt_loss=0.005102  target_RTG=3.7883  floor=2.4318(active=0)
[DT-GP] iter= 16 | zero_steps=31.4%  mean_RTG=0.3813±0.1802  max_RTG=0.5799  avg_len=2.9  min_len=1  ls=[0.447, 0.447, 0.4469, 0.4464, 12.1278]
[DT-GP] iter= 16 | dt_loss=0.010857  target_RTG=2.4318  floor=2.4318(active=1)
[DT-GP] iter= 17 | zero_steps=37.7%  mean_RTG=0.3994±0.1986  max_RTG=1.0008  avg_len=2.6  min_len=1  ls=[0.3956, 0.3956, 0.3956, 0.3957, 12.1262]
[DT-GP] iter= 17 | dt_loss=0.009015  target_RTG=2.4318  floor=2.4318(active=1)
[DT-GP] iter= 18 | zero_steps=37.0%  mean_RTG=0.3122±0.1685  max_RTG=0.5337  avg_len=2.7  min_len=1  ls=[0.3354, 0.3354, 0.3354, 0.3353, 12.1247]
[DT-GP] iter= 18 | dt_loss=0.010136  target_RTG=2.4318  floor=2.4318(active=1)
[DT-GP] iter= 19 | zero_steps=29.1%  mean_RTG=0.7140±1.0156  max_RTG=4.1146  avg_len=2.9  min_len=1  ls=[0.3329, 0.3329, 0.3329, 0.3329, 12.1233]
[DT-GP] iter= 19 | dt_loss=0.005081  target_RTG=4.1146  floor=2.4318(active=0)
[DT-GP] iter= 20 | zero_steps=31.8%  mean_RTG=0.4171±0.4827  max_RTG=2.8692  avg_len=2.8  min_len=1  ls=[0.3305, 0.3305, 0.3305, 0.3305, 12.122]
[DT-GP] iter= 20 | dt_loss=0.011942  target_RTG=2.8692  floor=2.4318(active=0)
[DT-GP] iter= 21 | zero_steps=32.1%  mean_RTG=0.3108±0.1717  max_RTG=0.8180  avg_len=2.7  min_len=1  ls=[0.3383, 0.3383, 0.3383, 0.3383, 12.1207]
[DT-GP] iter= 21 | dt_loss=0.003227  target_RTG=2.4318  floor=2.4318(active=1)
[DT-GP] iter= 22 | zero_steps=37.5%  mean_RTG=0.1784±0.3666  max_RTG=1.9470  avg_len=2.4  min_len=1  ls=[0.3302, 0.3302, 0.3302, 0.3302, 12.1195]
[DT-GP] iter= 22 | dt_loss=0.008517  target_RTG=2.4318  floor=2.4318(active=1)
[DT-GP] iter= 23 | zero_steps=42.6%  mean_RTG=0.1384±0.3134  max_RTG=1.8090  avg_len=2.3  min_len=1  ls=[0.3283, 0.3283, 0.3283, 0.3283, 12.1183]
[DT-GP] iter= 23 | dt_loss=0.011083  target_RTG=2.4318  floor=2.4318(active=1)
[DT-GP] iter= 24 | zero_steps=48.4%  mean_RTG=0.2112±0.5248  max_RTG=2.8293  avg_len=2.1  min_len=1  ls=[0.318, 0.318, 0.318, 0.318, 12.1173]
[DT-GP] iter= 24 | dt_loss=0.007064  target_RTG=2.8293  floor=2.4318(active=0)
[DT-GP] iter= 25 | zero_steps=43.9%  mean_RTG=0.0789±0.0483  max_RTG=0.1546  avg_len=2.2  min_len=1  ls=[0.3188, 0.3188, 0.3188, 0.3188, 12.1162]
[DT-GP] iter= 25 | dt_loss=0.011552  target_RTG=2.4318  floor=2.4318(active=1)
[DT-GP] iter= 26 | zero_steps=44.8%  mean_RTG=0.1852±0.4475  max_RTG=2.5467  avg_len=2.2  min_len=1  ls=[0.3211, 0.3211, 0.3211, 0.3211, 12.1152]
[DT-GP] iter= 26 | dt_loss=0.004323  target_RTG=2.5467  floor=2.4318(active=0)
[DT-GP] iter= 27 | zero_steps=38.4%  mean_RTG=0.0812±0.0477  max_RTG=0.1476  avg_len=2.4  min_len=1  ls=[0.3201, 0.3201, 0.3201, 0.3201, 12.1143]
[DT-GP] iter= 27 | dt_loss=0.008204  target_RTG=2.4318  floor=2.4318(active=1)
[DT-GP] iter= 28 | zero_steps=41.1%  mean_RTG=0.1492±0.3534  max_RTG=2.0337  avg_len=2.4  min_len=1  ls=[0.3204, 0.3204, 0.3204, 0.3204, 12.1133]
[DT-GP] iter= 28 | dt_loss=0.012464  target_RTG=2.4318  floor=2.4318(active=1)
[DT-GP] iter= 29 | zero_steps=58.8%  mean_RTG=0.0191±0.0521  max_RTG=0.2922  avg_len=1.7  min_len=1  ls=[0.318, 0.318, 0.318, 0.318, 12.1124]
[DT-GP] iter= 29 | dt_loss=0.023826  target_RTG=2.4318  floor=2.4318(active=1)
[DT-GP] iter= 30 | zero_steps=55.6%  mean_RTG=0.0834±0.3135  max_RTG=1.7264  avg_len=1.8  min_len=1  ls=[0.3141, 0.3141, 0.3141, 0.3141, 12.1115]
[DT-GP] iter= 30 | dt_loss=0.020826  target_RTG=2.4318  floor=2.4318(active=1)
final best = -0.0994
  [DT-GP-floor02] running... Using device: cpu, dtype: torch.float64
Set random seed: 0
Save directory set to: res
Sampling 10 initial points using 'sobol' method...
Initializing BoTorch GP ensemble...
[DT-GP] iter=  1 | zero_steps=96.8%  mean_RTG=0.0578±0.3110  max_RTG=1.7327  avg_len=1.0  min_len=1  ls=[0.1, 8.457, 11.2689, 13.8886, 16.5375]
[DT-GP] iter=  1 | dt_loss=1.560356  target_RTG=1.7327  floor=0.0000(active=0)
[DT-GP] iter=  2 | zero_steps=83.3%  mean_RTG=0.1998±0.4481  max_RTG=1.7031  avg_len=1.2  min_len=1  ls=[1.9679, 10.9485, 13.8572, 16.562, 19.2783]
[DT-GP] iter=  2 | dt_loss=0.019303  target_RTG=1.7031  floor=0.3465(active=0)
[DT-GP] iter=  3 | zero_steps=78.9%  mean_RTG=0.0394±0.1233  max_RTG=0.5332  avg_len=1.3  min_len=1  ls=[2.8068, 8.3869, 11.7124, 14.9572, 18.3794]
[DT-GP] iter=  3 | dt_loss=0.441059  target_RTG=0.5332  floor=0.3465(active=0)
[DT-GP] iter=  4 | zero_steps=85.7%  mean_RTG=0.1180±0.4705  max_RTG=2.5805  avg_len=1.2  min_len=1  ls=[2.5223, 4.1681, 8.2745, 12.0054, 16.0112]
[DT-GP] iter=  4 | dt_loss=0.400475  target_RTG=2.5805  floor=0.3465(active=0)
[DT-GP] iter=  5 | zero_steps=88.2%  mean_RTG=0.0369±0.1125  max_RTG=0.5094  avg_len=1.1  min_len=1  ls=[2.4946, 1.4237, 4.3393, 9.1193, 13.908]
[DT-GP] iter=  5 | dt_loss=0.012303  target_RTG=0.5161  floor=0.5161(active=1)
[DT-GP] iter=  6 | zero_steps=93.8%  mean_RTG=0.0570±0.2450  max_RTG=1.3224  avg_len=1.1  min_len=1  ls=[1.456, 1.7858, 1.4466, 6.6963, 12.5294]
[DT-GP] iter=  6 | dt_loss=0.005942  target_RTG=1.3224  floor=0.5161(active=0)
[DT-GP] iter=  7 | zero_steps=75.0%  mean_RTG=0.4627±1.0130  max_RTG=5.1444  avg_len=1.3  min_len=1  ls=[1.5446, 1.564, 1.5481, 4.6688, 12.2418]
[DT-GP] iter=  7 | dt_loss=0.039044  target_RTG=5.1444  floor=0.5161(active=0)
[DT-GP] iter=  8 | zero_steps=85.7%  mean_RTG=0.0765±0.2016  max_RTG=0.8694  avg_len=1.2  min_len=1  ls=[1.616, 1.6196, 1.7645, 2.2178, 12.2152]
[DT-GP] iter=  8 | dt_loss=0.003774  target_RTG=1.0289  floor=1.0289(active=1)
[DT-GP] iter=  9 | zero_steps=83.3%  mean_RTG=0.1446±0.4989  max_RTG=2.5096  avg_len=1.2  min_len=1  ls=[1.5024, 1.4978, 1.6458, 1.4005, 12.2063]
[DT-GP] iter=  9 | dt_loss=0.07952  target_RTG=2.5096  floor=1.0289(active=0)
[DT-GP] iter= 10 | zero_steps=76.9%  mean_RTG=0.3078±0.6949  max_RTG=3.0828  avg_len=1.3  min_len=1  ls=[1.5622, 1.5612, 1.5694, 1.3709, 12.2013]
[DT-GP] iter= 10 | dt_loss=0.00392  target_RTG=3.0828  floor=1.0289(active=0)
[DT-GP] iter= 11 | zero_steps=78.9%  mean_RTG=0.2422±0.7930  max_RTG=4.3531  avg_len=1.3  min_len=1  ls=[1.4804, 1.4801, 1.4817, 1.4119, 12.1976]
[DT-GP] iter= 11 | dt_loss=0.002785  target_RTG=4.3531  floor=1.0289(active=0)
[DT-GP] iter= 12 | zero_steps=88.2%  mean_RTG=0.1274±0.3537  max_RTG=1.6156  avg_len=1.1  min_len=1  ls=[1.3864, 1.385, 1.3856, 1.5362, 12.1947]
[DT-GP] iter= 12 | dt_loss=0.002261  target_RTG=1.6156  floor=1.0289(active=0)
[DT-GP] iter= 13 | zero_steps=71.4%  mean_RTG=0.1616±0.3576  max_RTG=1.5047  avg_len=1.4  min_len=1  ls=[0.5206, 0.5206, 0.5207, 1.4524, 12.1923]
[DT-GP] iter= 13 | dt_loss=0.002115  target_RTG=1.5047  floor=1.0289(active=0)
[DT-GP] iter= 14 | zero_steps=39.7%  mean_RTG=0.1776±0.1365  max_RTG=0.5552  avg_len=2.4  min_len=1  ls=[0.3924, 0.3924, 0.3924, 0.5246, 12.1903]
[DT-GP] iter= 14 | dt_loss=0.010915  target_RTG=1.0289  floor=1.0289(active=1)
[DT-GP] iter= 15 | zero_steps=43.5%  mean_RTG=0.2010±0.0982  max_RTG=0.3303  avg_len=2.3  min_len=1  ls=[0.3923, 0.3923, 0.3923, 0.3917, 12.1885]
[DT-GP] iter= 15 | dt_loss=0.00898  target_RTG=1.0289  floor=1.0289(active=1)
[DT-GP] iter= 16 | zero_steps=37.0%  mean_RTG=0.1855±0.1097  max_RTG=0.3251  avg_len=2.4  min_len=1  ls=[0.3992, 0.3992, 0.3992, 0.3995, 12.1868]
[DT-GP] iter= 16 | dt_loss=0.015857  target_RTG=1.0289  floor=1.0289(active=1)
[DT-GP] iter= 17 | zero_steps=37.5%  mean_RTG=0.2074±0.1171  max_RTG=0.3879  avg_len=2.7  min_len=1  ls=[0.3559, 0.3559, 0.3559, 0.356, 12.1853]
[DT-GP] iter= 17 | dt_loss=0.009956  target_RTG=1.0289  floor=1.0289(active=1)
[DT-GP] iter= 18 | zero_steps=40.8%  mean_RTG=0.5929±1.5656  max_RTG=8.1904  avg_len=2.4  min_len=1  ls=[0.3189, 0.3189, 0.3189, 0.3187, 12.1839]
[DT-GP] iter= 18 | dt_loss=0.007556  target_RTG=8.1904  floor=1.0289(active=0)
[DT-GP] iter= 19 | zero_steps=35.1%  mean_RTG=0.3071±0.3645  max_RTG=1.9313  avg_len=2.6  min_len=1  ls=[0.3219, 0.3219, 0.3219, 0.3222, 12.1826]
[DT-GP] iter= 19 | dt_loss=0.007724  target_RTG=1.9313  floor=1.6381(active=0)
[DT-GP] iter= 20 | zero_steps=53.6%  mean_RTG=0.1757±0.4761  max_RTG=2.1746  avg_len=1.9  min_len=1  ls=[0.3205, 0.3205, 0.3205, 0.3205, 12.1813]
[DT-GP] iter= 20 | dt_loss=0.017341  target_RTG=2.1746  floor=1.6381(active=0)
[DT-GP] iter= 21 | zero_steps=52.6%  mean_RTG=0.1363±0.4036  max_RTG=1.8227  avg_len=1.9  min_len=1  ls=[0.3265, 0.3265, 0.3265, 0.3265, 12.1801]
[DT-GP] iter= 21 | dt_loss=0.012645  target_RTG=1.8227  floor=1.6381(active=0)
[DT-GP] iter= 22 | zero_steps=56.6%  mean_RTG=0.0330±0.0973  max_RTG=0.5466  avg_len=1.8  min_len=1  ls=[0.3205, 0.3205, 0.3205, 0.3205, 12.179]
[DT-GP] iter= 22 | dt_loss=0.020989  target_RTG=1.6381  floor=1.6381(active=1)
[DT-GP] iter= 23 | zero_steps=56.6%  mean_RTG=0.0522±0.1803  max_RTG=1.0170  avg_len=1.8  min_len=1  ls=[0.3273, 0.3273, 0.3273, 0.3273, 12.1779]
[DT-GP] iter= 23 | dt_loss=0.014186  target_RTG=1.6381  floor=1.6381(active=1)
[DT-GP] iter= 24 | zero_steps=55.6%  mean_RTG=0.1234±0.4388  max_RTG=2.2980  avg_len=1.8  min_len=1  ls=[0.3264, 0.3264, 0.3264, 0.3264, 12.1769]
[DT-GP] iter= 24 | dt_loss=0.017809  target_RTG=2.2980  floor=1.6381(active=0)
[DT-GP] iter= 25 | zero_steps=50.9%  mean_RTG=0.0634±0.2552  max_RTG=1.4343  avg_len=1.9  min_len=1  ls=[0.3295, 0.3295, 0.3295, 0.3295, 12.1759]
[DT-GP] iter= 25 | dt_loss=0.009982  target_RTG=1.6381  floor=1.6381(active=1)
[DT-GP] iter= 26 | zero_steps=73.2%  mean_RTG=0.1514±0.7821  max_RTG=4.3629  avg_len=1.4  min_len=1  ls=[0.3032, 0.3032, 0.3032, 0.3032, 12.1749]
[DT-GP] iter= 26 | dt_loss=0.026982  target_RTG=4.3629  floor=1.6381(active=0)
[DT-GP] iter= 27 | zero_steps=73.2%  mean_RTG=0.1237±0.6377  max_RTG=3.5573  avg_len=1.4  min_len=1  ls=[0.3081, 0.3081, 0.3081, 0.3081, 12.174]
[DT-GP] iter= 27 | dt_loss=0.025775  target_RTG=3.5573  floor=1.6381(active=0)
[DT-GP] iter= 28 | zero_steps=96.8%  mean_RTG=0.2446±1.3174  max_RTG=7.3392  avg_len=1.0  min_len=1  ls=[0.3197, 0.3197, 0.3197, 0.3197, 12.1731]
[DT-GP] iter= 28 | dt_loss=0.00157  target_RTG=7.3392  floor=1.6381(active=0)
[DT-GP] iter= 29 | zero_steps=93.8%  mean_RTG=0.0728±0.3235  max_RTG=1.7683  avg_len=1.1  min_len=1  ls=[0.3195, 0.3195, 0.3195, 0.3195, 12.1722]
[DT-GP] iter= 29 | dt_loss=0.001421  target_RTG=1.7683  floor=1.6381(active=0)
[DT-GP] iter= 30 | zero_steps=85.7%  mean_RTG=0.0230±0.1183  max_RTG=0.6596  avg_len=1.2  min_len=1  ls=[0.3166, 0.3166, 0.3166, 0.3166, 12.1713]
[DT-GP] iter= 30 | dt_loss=0.001993  target_RTG=1.6381  floor=1.6381(active=1)
final best = -0.0320
  [DT-GP-floor01] running... Using device: cpu, dtype: torch.float64
Set random seed: 0
Save directory set to: res
Sampling 10 initial points using 'sobol' method...
Initializing BoTorch GP ensemble...
[DT-GP] iter=  1 | zero_steps=96.8%  mean_RTG=0.0578±0.3110  max_RTG=1.7327  avg_len=1.0  min_len=1  ls=[0.1, 8.457, 11.2689, 13.8886, 16.5375]
[DT-GP] iter=  1 | dt_loss=1.560356  target_RTG=1.7327  floor=0.0000(active=0)
[DT-GP] iter=  2 | zero_steps=83.3%  mean_RTG=0.1998±0.4481  max_RTG=1.7031  avg_len=1.2  min_len=1  ls=[1.9679, 10.9485, 13.8572, 16.562, 19.2783]
[DT-GP] iter=  2 | dt_loss=0.019303  target_RTG=1.7031  floor=0.1733(active=0)
[DT-GP] iter=  3 | zero_steps=78.9%  mean_RTG=0.0394±0.1233  max_RTG=0.5332  avg_len=1.3  min_len=1  ls=[2.8068, 8.3869, 11.7124, 14.9572, 18.3794]
[DT-GP] iter=  3 | dt_loss=0.441059  target_RTG=0.5332  floor=0.1733(active=0)
[DT-GP] iter=  4 | zero_steps=85.7%  mean_RTG=0.1180±0.4705  max_RTG=2.5805  avg_len=1.2  min_len=1  ls=[2.5223, 4.1681, 8.2745, 12.0054, 16.0112]
[DT-GP] iter=  4 | dt_loss=0.400475  target_RTG=2.5805  floor=0.1733(active=0)
[DT-GP] iter=  5 | zero_steps=88.2%  mean_RTG=0.0369±0.1125  max_RTG=0.5094  avg_len=1.1  min_len=1  ls=[2.4946, 1.4237, 4.3393, 9.1193, 13.908]
[DT-GP] iter=  5 | dt_loss=0.012303  target_RTG=0.5094  floor=0.2580(active=0)
[DT-GP] iter=  6 | zero_steps=93.8%  mean_RTG=0.0571±0.2454  max_RTG=1.3244  avg_len=1.1  min_len=1  ls=[1.4544, 1.7855, 1.4467, 6.6967, 12.5294]
[DT-GP] iter=  6 | dt_loss=0.006067  target_RTG=1.3244  floor=0.2580(active=0)
[DT-GP] iter=  7 | zero_steps=75.0%  mean_RTG=0.4662±1.0169  max_RTG=5.1584  avg_len=1.3  min_len=1  ls=[1.5448, 1.567, 1.5463, 4.6711, 12.2423]
[DT-GP] iter=  7 | dt_loss=0.042601  target_RTG=5.1584  floor=0.2580(active=0)
[DT-GP] iter=  8 | zero_steps=85.7%  mean_RTG=0.0910±0.2284  max_RTG=0.9495  avg_len=1.2  min_len=1  ls=[1.6105, 1.6085, 1.7587, 2.2168, 12.2156]
[DT-GP] iter=  8 | dt_loss=0.003955  target_RTG=0.9495  floor=0.5158(active=0)
[DT-GP] iter=  9 | zero_steps=75.0%  mean_RTG=0.1765±0.5120  max_RTG=2.5303  avg_len=1.3  min_len=1  ls=[1.4965, 1.4973, 1.6326, 1.3983, 12.2068]
[DT-GP] iter=  9 | dt_loss=0.060754  target_RTG=2.5303  floor=0.5158(active=0)
[DT-GP] iter= 10 | zero_steps=78.9%  mean_RTG=0.3402±0.7584  max_RTG=3.2692  avg_len=1.3  min_len=1  ls=[1.5364, 1.5364, 1.5442, 1.3636, 12.2018]
[DT-GP] iter= 10 | dt_loss=0.080164  target_RTG=3.2692  floor=0.5158(active=0)
[DT-GP] iter= 11 | zero_steps=78.9%  mean_RTG=0.2717±0.9002  max_RTG=4.9748  avg_len=1.3  min_len=1  ls=[1.5481, 1.5479, 1.5446, 1.4238, 12.1982]
[DT-GP] iter= 11 | dt_loss=0.003579  target_RTG=4.9748  floor=0.5158(active=0)
[DT-GP] iter= 12 | zero_steps=88.2%  mean_RTG=0.1301±0.3568  max_RTG=1.5949  avg_len=1.1  min_len=1  ls=[1.5094, 1.5094, 1.5105, 1.5501, 12.1952]
[DT-GP] iter= 12 | dt_loss=0.002203  target_RTG=1.5949  floor=0.5158(active=0)
[DT-GP] iter= 13 | zero_steps=73.2%  mean_RTG=0.2439±0.4517  max_RTG=1.3500  avg_len=1.4  min_len=1  ls=[1.4196, 1.4196, 1.4193, 1.5555, 12.1928]
[DT-GP] iter= 13 | dt_loss=0.040688  target_RTG=1.3500  floor=0.5158(active=0)
[DT-GP] iter= 14 | zero_steps=76.9%  mean_RTG=0.2246±0.6033  max_RTG=3.1991  avg_len=1.3  min_len=1  ls=[1.4137, 1.4134, 1.4134, 1.4371, 12.1907]
[DT-GP] iter= 14 | dt_loss=0.025051  target_RTG=3.1991  floor=0.5158(active=0)
[DT-GP] iter= 15 | zero_steps=96.8%  mean_RTG=0.0324±0.1747  max_RTG=0.9735  avg_len=1.0  min_len=1  ls=[1.3365, 1.3364, 1.3364, 1.326, 12.1889]
[DT-GP] iter= 15 | dt_loss=0.001546  target_RTG=0.9735  floor=0.5158(active=0)
[DT-GP] iter= 16 | zero_steps=93.8%  mean_RTG=0.0245±0.1072  max_RTG=0.5828  avg_len=1.1  min_len=1  ls=[0.4927, 0.4927, 0.4927, 0.4921, 12.1872]
[DT-GP] iter= 16 | dt_loss=0.001414  target_RTG=0.5828  floor=0.5158(active=0)
[DT-GP] iter= 17 | zero_steps=90.9%  mean_RTG=0.0138±0.0468  max_RTG=0.2064  avg_len=1.1  min_len=1  ls=[0.4753, 0.4753, 0.4753, 0.4754, 12.1857]
[DT-GP] iter= 17 | dt_loss=0.001308  target_RTG=0.5158  floor=0.5158(active=1)
[DT-GP] iter= 18 | zero_steps=85.7%  mean_RTG=0.0921±0.2912  max_RTG=1.3078  avg_len=1.2  min_len=1  ls=[0.338, 0.338, 0.338, 0.338, 12.1843]
[DT-GP] iter= 18 | dt_loss=0.034831  target_RTG=1.3078  floor=0.5158(active=0)
[DT-GP] iter= 19 | zero_steps=90.9%  mean_RTG=0.1074±0.5699  max_RTG=3.1764  avg_len=1.1  min_len=1  ls=[0.3348, 0.3348, 0.3348, 0.3348, 12.183]
[DT-GP] iter= 19 | dt_loss=0.001362  target_RTG=3.1764  floor=0.5158(active=0)
[DT-GP] iter= 20 | zero_steps=71.4%  mean_RTG=0.0366±0.1615  max_RTG=0.9043  avg_len=1.4  min_len=1  ls=[0.2913, 0.2913, 0.2913, 0.2913, 12.1818]
[DT-GP] iter= 20 | dt_loss=0.033354  target_RTG=0.9043  floor=0.5158(active=0)
[DT-GP] iter= 21 | zero_steps=75.0%  mean_RTG=0.0051±0.0093  max_RTG=0.0288  avg_len=1.3  min_len=1  ls=[0.2895, 0.2895, 0.2895, 0.2895, 12.1806]
[DT-GP] iter= 21 | dt_loss=0.035738  target_RTG=0.5158  floor=0.5158(active=1)
[DT-GP] iter= 22 | zero_steps=76.9%  mean_RTG=0.0043±0.0088  max_RTG=0.0303  avg_len=1.3  min_len=1  ls=[0.2862, 0.2862, 0.2862, 0.2862, 12.1795]
[DT-GP] iter= 22 | dt_loss=0.038692  target_RTG=0.5158  floor=0.5158(active=1)
[DT-GP] iter= 23 | zero_steps=85.7%  mean_RTG=0.2731±0.6751  max_RTG=2.3623  avg_len=1.2  min_len=1  ls=[0.1891, 0.1891, 0.1891, 0.1891, 12.1784]
[DT-GP] iter= 23 | dt_loss=0.001059  target_RTG=2.3623  floor=0.5158(active=0)
[DT-GP] iter= 24 | zero_steps=93.8%  mean_RTG=0.0388±0.1452  max_RTG=0.6097  avg_len=1.1  min_len=1  ls=[0.3048, 0.3048, 0.3048, 0.3049, 12.1774]
[DT-GP] iter= 24 | dt_loss=0.001643  target_RTG=0.6097  floor=0.5158(active=0)
[DT-GP] iter= 25 | zero_steps=96.8%  mean_RTG=0.0400±0.2156  max_RTG=1.2013  avg_len=1.0  min_len=1  ls=[0.365, 0.365, 0.365, 0.365, 12.1764]
[DT-GP] iter= 25 | dt_loss=0.00131  target_RTG=1.2013  floor=0.5158(active=0)
[DT-GP] iter= 26 | zero_steps=90.9%  mean_RTG=0.1788±0.6736  max_RTG=3.0324  avg_len=1.1  min_len=1  ls=[0.3259, 0.3259, 0.3259, 0.3259, 12.1754]
[DT-GP] iter= 26 | dt_loss=0.00092  target_RTG=3.0324  floor=0.5158(active=0)
[DT-GP] iter= 27 | zero_steps=85.7%  mean_RTG=0.3659±1.3441  max_RTG=6.9604  avg_len=1.2  min_len=1  ls=[0.2843, 0.2843, 0.2843, 0.2843, 12.1745]
[DT-GP] iter= 27 | dt_loss=0.001222  target_RTG=6.9604  floor=0.5158(active=0)
[DT-GP] iter= 28 | zero_steps=81.1%  mean_RTG=0.1749±0.3879  max_RTG=1.4195  avg_len=1.2  min_len=1  ls=[0.276, 0.276, 0.276, 0.276, 12.1737]
[DT-GP] iter= 28 | dt_loss=0.029194  target_RTG=1.4195  floor=0.6960(active=0)
[DT-GP] iter= 29 | zero_steps=100.0%  mean_RTG=0.0000±0.0000  max_RTG=0.0000  avg_len=1.0  min_len=1  ls=[0.2759, 0.2759, 0.2759, 0.2759, 12.1728]
[DT-GP] iter= 29 | dt_loss=0.000574  target_RTG=0.6960  floor=0.6960(active=1)
[DT-GP] iter= 30 | zero_steps=83.3%  mean_RTG=0.3156±0.8931  max_RTG=3.4518  avg_len=1.2  min_len=1  ls=[0.2553, 0.2553, 0.2553, 0.2553, 12.172]
[DT-GP] iter= 30 | dt_loss=0.036296  target_RTG=3.4518  floor=0.6960(active=0)
final best = -0.0069
  [DT-GT-dynamic] running... Using device: cpu, dtype: torch.float64
Set random seed: 0
Save directory set to: res
Sampling 10 initial points using 'sobol' method...
Initializing BoTorch GP ensemble...
[DT-GT] iter=  1 | zero_steps=85.7%  mean_RTG=0.0856±0.2428  max_RTG=0.9369  avg_len=1.2  min_len=1  ls=[0.1, 8.457, 11.2689, 13.8886, 16.5375]
[DT-GT] iter=  1 | dt_loss=10.448756  target_RTG=0.9369
[DT-GT] iter=  2 | zero_steps=100.0%  mean_RTG=0.0000±0.0000  max_RTG=0.0000  avg_len=1.0  min_len=1  ls=[0.1, 11.2725, 14.1245, 16.8046, 19.5085]
[DT-GT] iter=  2 | dt_loss=0.513447  target_RTG=0.0000
[DT-GT] iter=  3 | zero_steps=85.7%  mean_RTG=0.0368±0.1672  max_RTG=0.9293  avg_len=1.2  min_len=1  ls=[0.1, 8.9291, 12.175, 15.2301, 18.3445]
[DT-GT] iter=  3 | dt_loss=7.91903  target_RTG=0.9293
[DT-GT] iter=  4 | zero_steps=73.2%  mean_RTG=0.3430±0.6742  max_RTG=2.3068  avg_len=1.4  min_len=1  ls=[2.7076, 6.0056, 9.9041, 13.2891, 16.6575]
[DT-GT] iter=  4 | dt_loss=5.321298  target_RTG=2.3068
[DT-GT] iter=  5 | zero_steps=62.5%  mean_RTG=0.4476±0.8266  max_RTG=3.1911  avg_len=1.6  min_len=1  ls=[2.3125, 1.8605, 6.0558, 10.1437, 14.1387]
[DT-GT] iter=  5 | dt_loss=3.830723  target_RTG=3.1911
[DT-GT] iter=  6 | zero_steps=53.6%  mean_RTG=1.2377±1.4846  max_RTG=3.5649  avg_len=1.9  min_len=1  ls=[2.8045, 1.843, 1.8815, 7.1804, 12.6276]
[DT-GT] iter=  6 | dt_loss=1.582571  target_RTG=3.5649
[DT-GT] iter=  7 | zero_steps=58.8%  mean_RTG=1.4592±1.5145  max_RTG=3.6296  avg_len=1.7  min_len=1  ls=[2.7387, 2.0964, 1.8206, 5.1654, 12.3362]
[DT-GT] iter=  7 | dt_loss=1.345427  target_RTG=3.6296
[DT-GT] iter=  8 | zero_steps=63.8%  mean_RTG=1.8226±1.6236  max_RTG=3.5989  avg_len=1.6  min_len=1  ls=[2.7534, 2.5579, 1.8811, 3.6774, 12.3041]
[DT-GT] iter=  8 | dt_loss=0.025908  target_RTG=3.5989
[DT-GT] iter=  9 | zero_steps=100.0%  mean_RTG=0.0000±0.0000  max_RTG=0.0000  avg_len=1.0  min_len=1  ls=[2.3278, 2.2422, 2.097, 1.8157, 12.2941]
[DT-GT] iter=  9 | dt_loss=0.014229  target_RTG=0.0000
[DT-GT] iter= 10 | zero_steps=96.8%  mean_RTG=0.0044±0.0239  max_RTG=0.1333  avg_len=1.0  min_len=1  ls=[1.1066, 1.0986, 1.1055, 1.6743, 12.2894]
[DT-GT] iter= 10 | dt_loss=0.005886  target_RTG=0.1333
[DT-GT] iter= 11 | zero_steps=100.0%  mean_RTG=0.0000±0.0000  max_RTG=0.0000  avg_len=1.0  min_len=1  ls=[1.051, 1.051, 1.0472, 1.5853, 12.2864]
[DT-GT] iter= 11 | dt_loss=0.004842  target_RTG=0.0000
[DT-GT] iter= 12 | zero_steps=100.0%  mean_RTG=0.0000±0.0000  max_RTG=0.0000  avg_len=1.0  min_len=1  ls=[0.853, 0.8529, 0.8545, 1.6232, 12.2843]
[DT-GT] iter= 12 | dt_loss=0.004028  target_RTG=0.0000
[DT-GT] iter= 13 | zero_steps=100.0%  mean_RTG=0.0000±0.0000  max_RTG=0.0000  avg_len=1.0  min_len=1  ls=[0.4249, 0.425, 0.4255, 1.5746, 12.2825]
[DT-GT] iter= 13 | dt_loss=0.003089  target_RTG=0.0000
[DT-GT] iter= 14 | zero_steps=100.0%  mean_RTG=0.0000±0.0000  max_RTG=0.0000  avg_len=1.0  min_len=1  ls=[0.3914, 0.3913, 0.3908, 0.9921, 12.281]
[DT-GT] iter= 14 | dt_loss=0.002162  target_RTG=0.0000
[DT-GT] iter= 15 | zero_steps=100.0%  mean_RTG=0.0000±0.0000  max_RTG=0.0000  avg_len=1.0  min_len=1  ls=[0.4234, 0.4234, 0.4232, 0.9382, 12.2797]
[DT-GT] iter= 15 | dt_loss=0.003163  target_RTG=0.0000
[DT-GT] iter= 16 | zero_steps=100.0%  mean_RTG=0.0000±0.0000  max_RTG=0.0000  avg_len=1.0  min_len=1  ls=[0.414, 0.4128, 0.4141, 0.9304, 12.2785]
[DT-GT] iter= 16 | dt_loss=0.002402  target_RTG=0.0000
[DT-GT] iter= 17 | zero_steps=100.0%  mean_RTG=0.0000±0.0000  max_RTG=0.0000  avg_len=1.0  min_len=1  ls=[0.4097, 0.4093, 0.4087, 0.9204, 12.2775]
[DT-GT] iter= 17 | dt_loss=0.001794  target_RTG=0.0000
[DT-GT] iter= 18 | zero_steps=100.0%  mean_RTG=0.0000±0.0000  max_RTG=0.0000  avg_len=1.0  min_len=1  ls=[0.3941, 0.3944, 0.3945, 0.9174, 12.2765]
[DT-GT] iter= 18 | dt_loss=0.001348  target_RTG=0.0000
[DT-GT] iter= 19 | zero_steps=100.0%  mean_RTG=0.0000±0.0000  max_RTG=0.0000  avg_len=1.0  min_len=1  ls=[0.3805, 0.3807, 0.3808, 0.9225, 12.2755]
[DT-GT] iter= 19 | dt_loss=0.00162  target_RTG=0.0000
[DT-GT] iter= 20 | zero_steps=100.0%  mean_RTG=0.0000±0.0000  max_RTG=0.0000  avg_len=1.0  min_len=1  ls=[0.3614, 0.3617, 0.3618, 0.9223, 12.2746]
[DT-GT] iter= 20 | dt_loss=0.001311  target_RTG=0.0000
[DT-GT] iter= 21 | zero_steps=100.0%  mean_RTG=0.0000±0.0000  max_RTG=0.0000  avg_len=1.0  min_len=1  ls=[0.2343, 0.2344, 0.2344, 0.915, 12.2738]
[DT-GT] iter= 21 | dt_loss=0.001783  target_RTG=0.0000
[DT-GT] iter= 22 | zero_steps=100.0%  mean_RTG=0.0000±0.0000  max_RTG=0.0000  avg_len=1.0  min_len=1  ls=[0.2385, 0.2385, 0.2385, 0.9126, 12.2729]
[DT-GT] iter= 22 | dt_loss=0.001324  target_RTG=0.0000
[DT-GT] iter= 23 | zero_steps=100.0%  mean_RTG=0.0000±0.0000  max_RTG=0.0000  avg_len=1.0  min_len=1  ls=[0.24, 0.2399, 0.2399, 0.9117, 12.2722]
[DT-GT] iter= 23 | dt_loss=0.001998  target_RTG=0.0000
[DT-GT] iter= 24 | zero_steps=100.0%  mean_RTG=0.0000±0.0000  max_RTG=0.0000  avg_len=1.0  min_len=1  ls=[0.2386, 0.2386, 0.2386, 0.91, 12.2714]
[DT-GT] iter= 24 | dt_loss=0.001971  target_RTG=0.0000
[DT-GT] iter= 25 | zero_steps=100.0%  mean_RTG=0.0000±0.0000  max_RTG=0.0000  avg_len=1.0  min_len=1  ls=[0.2383, 0.2383, 0.2383, 0.9148, 12.2707]
[DT-GT] iter= 25 | dt_loss=0.001842  target_RTG=0.0000
[DT-GT] iter= 26 | zero_steps=100.0%  mean_RTG=0.0000±0.0000  max_RTG=0.0000  avg_len=1.0  min_len=1  ls=[0.2386, 0.2385, 0.2385, 0.9142, 12.2699]
[DT-GT] iter= 26 | dt_loss=0.00161  target_RTG=0.0000
[DT-GT] iter= 27 | zero_steps=100.0%  mean_RTG=0.0000±0.0000  max_RTG=0.0000  avg_len=1.0  min_len=1  ls=[0.239, 0.239, 0.239, 0.9099, 12.2692]
[DT-GT] iter= 27 | dt_loss=0.001016  target_RTG=0.0000
[DT-GT] iter= 28 | zero_steps=100.0%  mean_RTG=0.0000±0.0000  max_RTG=0.0000  avg_len=1.0  min_len=1  ls=[0.2376, 0.2376, 0.2376, 0.9075, 12.2686]
[DT-GT] iter= 28 | dt_loss=0.000991  target_RTG=0.0000
[DT-GT] iter= 29 | zero_steps=100.0%  mean_RTG=0.0000±0.0000  max_RTG=0.0000  avg_len=1.0  min_len=1  ls=[0.238, 0.238, 0.238, 0.9023, 12.2679]
[DT-GT] iter= 29 | dt_loss=0.000931  target_RTG=0.0000
[DT-GT] iter= 30 | zero_steps=100.0%  mean_RTG=0.0000±0.0000  max_RTG=0.0000  avg_len=1.0  min_len=1  ls=[0.2339, 0.2339, 0.2339, 0.9016, 12.2672]
[DT-GT] iter= 30 | dt_loss=0.001016  target_RTG=0.0000
final best = -0.0134
  [ckpt] 1/10 saved → res/floored_rtg_dtgp_ackley/floored_rtg_dtgp.ckpt.json

── Trial 2/10  (seed=1) ────────────────────────────────────────
  [DT-GP-floor05] running... Using device: cpu, dtype: torch.float64
Set random seed: 1
Save directory set to: res
Sampling 10 initial points using 'sobol' method...
Initializing BoTorch GP ensemble...
[DT-GP] iter=  1 | zero_steps=78.9%  mean_RTG=0.3984±0.8983  max_RTG=3.3635  avg_len=1.3  min_len=1  ls=[0.1, 8.0822, 11.0354, 13.7907, 16.4536]
[DT-GP] iter=  1 | dt_loss=1.350673  target_RTG=3.3635  floor=0.0000(active=0)
[DT-GP] iter=  2 | zero_steps=93.8%  mean_RTG=0.0506±0.2291  max_RTG=1.2580  avg_len=1.1  min_len=1  ls=[0.1, 10.9861, 13.8842, 16.6958, 19.4047]
[DT-GP] iter=  2 | dt_loss=0.015806  target_RTG=1.6817  floor=1.6817(active=1)
[DT-GP] iter=  3 | zero_steps=96.8%  mean_RTG=0.0002±0.0013  max_RTG=0.0072  avg_len=1.0  min_len=1  ls=[0.1, 8.09, 11.3368, 14.2082, 16.9662]
[DT-GP] iter=  3 | dt_loss=0.024179  target_RTG=1.6817  floor=1.6817(active=1)
[DT-GP] iter=  4 | zero_steps=100.0%  mean_RTG=0.0000±0.0000  max_RTG=0.0000  avg_len=1.0  min_len=1  ls=[0.1, 5.282, 8.9746, 12.1074, 15.0445]
[DT-GP] iter=  4 | dt_loss=0.017935  target_RTG=1.6817  floor=1.6817(active=1)
[DT-GP] iter=  5 | zero_steps=100.0%  mean_RTG=0.0000±0.0000  max_RTG=0.0000  avg_len=1.0  min_len=1  ls=[0.1, 1.9667, 6.3243, 10.0611, 13.2616]
[DT-GP] iter=  5 | dt_loss=0.018401  target_RTG=1.6817  floor=1.6817(active=1)
[DT-GP] iter=  6 | zero_steps=100.0%  mean_RTG=0.0000±0.0000  max_RTG=0.0000  avg_len=1.0  min_len=1  ls=[2.2726, 1.8841, 2.1106, 7.9627, 11.7515]
[DT-GP] iter=  6 | dt_loss=0.006525  target_RTG=1.6817  floor=1.6817(active=1)
[DT-GP] iter=  7 | zero_steps=93.8%  mean_RTG=0.0370±0.1926  max_RTG=1.0735  avg_len=1.1  min_len=1  ls=[1.95, 1.9257, 1.5778, 6.8907, 11.4362]
[DT-GP] iter=  7 | dt_loss=0.008516  target_RTG=1.6817  floor=1.6817(active=1)
[DT-GP] iter=  8 | zero_steps=93.8%  mean_RTG=0.0681±0.3618  max_RTG=2.0164  avg_len=1.1  min_len=1  ls=[1.8521, 1.8282, 1.5287, 6.6269, 11.404]
[DT-GP] iter=  8 | dt_loss=0.00364  target_RTG=2.0164  floor=1.6817(active=0)
[DT-GP] iter=  9 | zero_steps=88.2%  mean_RTG=0.1761±0.6401  max_RTG=3.2934  avg_len=1.1  min_len=1  ls=[1.7701, 1.7602, 1.6933, 6.483, 11.391]
[DT-GP] iter=  9 | dt_loss=0.109083  target_RTG=3.2934  floor=1.6817(active=0)
[DT-GP] iter= 10 | zero_steps=90.9%  mean_RTG=0.0621±0.2446  max_RTG=1.2291  avg_len=1.1  min_len=1  ls=[1.5398, 1.5405, 1.9992, 6.3802, 11.3832]
[DT-GP] iter= 10 | dt_loss=0.175045  target_RTG=1.6817  floor=1.6817(active=1)
[DT-GP] iter= 11 | zero_steps=88.2%  mean_RTG=0.1570±0.4156  max_RTG=1.6761  avg_len=1.1  min_len=1  ls=[1.3973, 1.3976, 1.4137, 6.2939, 11.3773]
[DT-GP] iter= 11 | dt_loss=0.007713  target_RTG=1.6817  floor=1.6817(active=1)
[DT-GP] iter= 12 | zero_steps=62.5%  mean_RTG=0.0835±0.1298  max_RTG=0.4362  avg_len=1.6  min_len=1  ls=[0.4794, 0.4794, 0.4791, 6.2183, 11.3726]
[DT-GP] iter= 12 | dt_loss=0.041976  target_RTG=1.6817  floor=1.6817(active=1)
[DT-GP] iter= 13 | zero_steps=52.6%  mean_RTG=0.1506±0.4183  max_RTG=2.0001  avg_len=1.9  min_len=1  ls=[0.4061, 0.4061, 0.4079, 6.1494, 11.3687]
[DT-GP] iter= 13 | dt_loss=0.02351  target_RTG=2.0001  floor=1.6817(active=0)
[DT-GP] iter= 14 | zero_steps=46.8%  mean_RTG=0.3670±1.0039  max_RTG=4.5099  avg_len=2.1  min_len=1  ls=[0.381, 0.381, 0.381, 6.0844, 11.3653]
[DT-GP] iter= 14 | dt_loss=0.030684  target_RTG=4.5099  floor=1.6817(active=0)
[DT-GP] iter= 15 | zero_steps=47.5%  mean_RTG=0.1694±0.5863  max_RTG=3.3140  avg_len=2.0  min_len=1  ls=[0.349, 0.349, 0.349, 6.0221, 11.3623]
[DT-GP] iter= 15 | dt_loss=0.028162  target_RTG=3.3140  floor=2.2550(active=0)
[DT-GP] iter= 16 | zero_steps=51.7%  mean_RTG=0.1743±0.6523  max_RTG=3.6751  avg_len=1.9  min_len=1  ls=[0.3341, 0.3341, 0.3341, 5.9616, 11.3595]
[DT-GP] iter= 16 | dt_loss=0.032899  target_RTG=3.6751  floor=2.2550(active=0)
[DT-GP] iter= 17 | zero_steps=42.4%  mean_RTG=0.2801±0.8743  max_RTG=4.3067  avg_len=2.2  min_len=1  ls=[0.3255, 0.3255, 0.3255, 5.9018, 11.357]
[DT-GP] iter= 17 | dt_loss=0.017172  target_RTG=4.3067  floor=2.2550(active=0)
[DT-GP] iter= 18 | zero_steps=47.6%  mean_RTG=0.2324±0.8038  max_RTG=4.4497  avg_len=2.1  min_len=1  ls=[0.3328, 0.3328, 0.3328, 5.8416, 11.3546]
[DT-GP] iter= 18 | dt_loss=0.020612  target_RTG=4.4497  floor=2.2550(active=0)
[DT-GP] iter= 19 | zero_steps=50.0%  mean_RTG=0.1539±0.5560  max_RTG=3.1396  avg_len=1.9  min_len=1  ls=[0.3292, 0.3292, 0.3292, 5.781, 11.3524]
[DT-GP] iter= 19 | dt_loss=0.022081  target_RTG=3.1396  floor=2.2550(active=0)
[DT-GP] iter= 20 | zero_steps=48.4%  mean_RTG=0.1960±0.4670  max_RTG=2.3733  avg_len=2.1  min_len=1  ls=[0.3277, 0.3277, 0.3277, 5.7197, 11.3503]
[DT-GP] iter= 20 | dt_loss=0.024487  target_RTG=2.3733  floor=2.2550(active=0)
[DT-GP] iter= 21 | zero_steps=50.8%  mean_RTG=0.2213±0.7489  max_RTG=4.1364  avg_len=2.0  min_len=1  ls=[0.3167, 0.3167, 0.3167, 5.6568, 11.3483]
[DT-GP] iter= 21 | dt_loss=0.031692  target_RTG=4.1364  floor=2.2550(active=0)
[DT-GP] iter= 22 | zero_steps=57.7%  mean_RTG=0.2671±0.8628  max_RTG=4.1524  avg_len=1.7  min_len=1  ls=[0.3153, 0.3153, 0.3153, 5.5921, 11.3465]
[DT-GP] iter= 22 | dt_loss=0.045054  target_RTG=4.1524  floor=2.2550(active=0)
[DT-GP] iter= 23 | zero_steps=44.4%  mean_RTG=0.4558±1.4678  max_RTG=7.4108  avg_len=2.1  min_len=1  ls=[0.313, 0.313, 0.313, 5.5246, 11.3446]
[DT-GP] iter= 23 | dt_loss=0.02948  target_RTG=7.4108  floor=2.2550(active=0)
[DT-GP] iter= 24 | zero_steps=57.7%  mean_RTG=0.3121±1.4251  max_RTG=7.9825  avg_len=1.7  min_len=1  ls=[0.3157, 0.3157, 0.3157, 5.4539, 11.3429]
[DT-GP] iter= 24 | dt_loss=0.038593  target_RTG=7.9825  floor=3.7054(active=0)
[DT-GP] iter= 25 | zero_steps=50.8%  mean_RTG=0.3453±1.0824  max_RTG=5.7928  avg_len=2.0  min_len=1  ls=[0.3125, 0.3125, 0.3125, 5.3791, 11.3412]
[DT-GP] iter= 25 | dt_loss=0.021001  target_RTG=5.7928  floor=3.9912(active=0)
[DT-GP] iter= 26 | zero_steps=50.0%  mean_RTG=0.3935±1.2652  max_RTG=6.4351  avg_len=1.9  min_len=1  ls=[0.3203, 0.3203, 0.3203, 5.2993, 11.3396]
[DT-GP] iter= 26 | dt_loss=0.019689  target_RTG=6.4351  floor=3.9912(active=0)
[DT-GP] iter= 27 | zero_steps=49.2%  mean_RTG=0.0749±0.0947  max_RTG=0.4077  avg_len=2.0  min_len=1  ls=[0.2926, 0.2926, 0.2926, 5.2126, 11.338]
[DT-GP] iter= 27 | dt_loss=0.025921  target_RTG=3.9912  floor=3.9912(active=1)
[DT-GP] iter= 28 | zero_steps=47.6%  mean_RTG=0.1876±0.4313  max_RTG=2.1171  avg_len=2.1  min_len=1  ls=[0.292, 0.292, 0.292, 5.1177, 11.3365]
[DT-GP] iter= 28 | dt_loss=0.011007  target_RTG=3.9912  floor=3.9912(active=1)
[DT-GP] iter= 29 | zero_steps=54.5%  mean_RTG=0.4550±1.2000  max_RTG=6.0403  avg_len=1.8  min_len=1  ls=[0.2822, 0.2822, 0.2822, 5.012, 11.335]
[DT-GP] iter= 29 | dt_loss=0.033241  target_RTG=6.0403  floor=3.9912(active=0)
[DT-GP] iter= 30 | zero_steps=78.9%  mean_RTG=0.5649±1.4072  max_RTG=6.5990  avg_len=1.3  min_len=1  ls=[0.2531, 0.2531, 0.2531, 4.8925, 11.3335]
[DT-GP] iter= 30 | dt_loss=0.057948  target_RTG=6.5990  floor=3.9912(active=0)
final best = -0.0996
  [DT-GP-floor02] running... Using device: cpu, dtype: torch.float64
Set random seed: 1
Save directory set to: res
Sampling 10 initial points using 'sobol' method...
Initializing BoTorch GP ensemble...
[DT-GP] iter=  1 | zero_steps=78.9%  mean_RTG=0.3984±0.8983  max_RTG=3.3635  avg_len=1.3  min_len=1  ls=[0.1, 8.0822, 11.0354, 13.7907, 16.4536]
[DT-GP] iter=  1 | dt_loss=1.350673  target_RTG=3.3635  floor=0.0000(active=0)
[DT-GP] iter=  2 | zero_steps=93.8%  mean_RTG=0.0506±0.2291  max_RTG=1.2580  avg_len=1.1  min_len=1  ls=[0.1, 10.9861, 13.8842, 16.6958, 19.4047]
[DT-GP] iter=  2 | dt_loss=0.015806  target_RTG=1.2580  floor=0.6727(active=0)
[DT-GP] iter=  3 | zero_steps=100.0%  mean_RTG=0.0000±0.0000  max_RTG=0.0000  avg_len=1.0  min_len=1  ls=[0.1, 8.185, 11.423, 14.301, 17.0637]
[DT-GP] iter=  3 | dt_loss=0.025053  target_RTG=0.6727  floor=0.6727(active=1)
[DT-GP] iter=  4 | zero_steps=100.0%  mean_RTG=0.0000±0.0000  max_RTG=0.0000  avg_len=1.0  min_len=1  ls=[0.1, 5.3945, 9.0577, 12.1504, 15.0862]
[DT-GP] iter=  4 | dt_loss=0.019905  target_RTG=0.6727  floor=0.6727(active=1)
[DT-GP] iter=  5 | zero_steps=100.0%  mean_RTG=0.0000±0.0000  max_RTG=0.0000  avg_len=1.0  min_len=1  ls=[0.1, 2.1302, 6.4589, 9.9954, 13.214]
[DT-GP] iter=  5 | dt_loss=0.026633  target_RTG=0.6727  floor=0.6727(active=1)
[DT-GP] iter=  6 | zero_steps=100.0%  mean_RTG=0.0000±0.0000  max_RTG=0.0000  avg_len=1.0  min_len=1  ls=[2.36, 1.9156, 2.2244, 7.8309, 11.6325]
[DT-GP] iter=  6 | dt_loss=0.014727  target_RTG=0.6727  floor=0.6727(active=1)
[DT-GP] iter=  7 | zero_steps=100.0%  mean_RTG=0.0000±0.0000  max_RTG=0.0000  avg_len=1.0  min_len=1  ls=[2.1013, 1.9456, 1.6423, 6.5952, 11.272]
[DT-GP] iter=  7 | dt_loss=0.007364  target_RTG=0.6727  floor=0.6727(active=1)
[DT-GP] iter=  8 | zero_steps=90.9%  mean_RTG=0.1124±0.4341  max_RTG=2.1018  avg_len=1.1  min_len=1  ls=[1.9583, 1.9293, 1.5107, 6.2343, 11.2329]
[DT-GP] iter=  8 | dt_loss=0.095662  target_RTG=2.1018  floor=0.6727(active=0)
[DT-GP] iter=  9 | zero_steps=90.9%  mean_RTG=0.1126±0.5138  max_RTG=2.8281  avg_len=1.1  min_len=1  ls=[1.9261, 1.9319, 1.7545, 6.0438, 11.2195]
[DT-GP] iter=  9 | dt_loss=0.227992  target_RTG=2.8281  floor=0.6727(active=0)
[DT-GP] iter= 10 | zero_steps=90.9%  mean_RTG=0.0719±0.2832  max_RTG=1.4221  avg_len=1.1  min_len=1  ls=[1.8625, 1.8514, 2.0336, 5.8941, 11.2108]
[DT-GP] iter= 10 | dt_loss=0.21387  target_RTG=1.4221  floor=0.6727(active=0)
[DT-GP] iter= 11 | zero_steps=69.8%  mean_RTG=0.2773±0.5373  max_RTG=1.9448  avg_len=1.4  min_len=1  ls=[0.7735, 0.7686, 0.9663, 5.7642, 11.2044]
[DT-GP] iter= 11 | dt_loss=0.057017  target_RTG=1.9448  floor=0.6727(active=0)
[DT-GP] iter= 12 | zero_steps=100.0%  mean_RTG=0.0000±0.0000  max_RTG=0.0000  avg_len=1.0  min_len=1  ls=[0.5866, 0.5869, 0.5772, 5.645, 11.1993]
[DT-GP] iter= 12 | dt_loss=0.003175  target_RTG=0.6727  floor=0.6727(active=1)
[DT-GP] iter= 13 | zero_steps=96.8%  mean_RTG=0.0132±0.0713  max_RTG=0.3971  avg_len=1.0  min_len=1  ls=[0.5522, 0.5525, 0.5572, 5.5304, 11.1951]
[DT-GP] iter= 13 | dt_loss=0.00349  target_RTG=0.6727  floor=0.6727(active=1)
[DT-GP] iter= 14 | zero_steps=90.9%  mean_RTG=0.2519±0.9023  max_RTG=3.6875  avg_len=1.1  min_len=1  ls=[0.5201, 0.5207, 0.5234, 5.4171, 11.1914]
[DT-GP] iter= 14 | dt_loss=0.003626  target_RTG=3.6875  floor=0.6727(active=0)
[DT-GP] iter= 15 | zero_steps=53.7%  mean_RTG=0.0346±0.0503  max_RTG=0.1718  avg_len=1.8  min_len=1  ls=[0.3391, 0.3393, 0.3397, 5.2993, 11.1882]
[DT-GP] iter= 15 | dt_loss=0.031091  target_RTG=0.7375  floor=0.7375(active=1)
[DT-GP] iter= 16 | zero_steps=61.2%  mean_RTG=0.0929±0.3015  max_RTG=1.7002  avg_len=1.6  min_len=1  ls=[0.3465, 0.3465, 0.3467, 5.1741, 11.1852]
[DT-GP] iter= 16 | dt_loss=0.039122  target_RTG=1.7002  floor=0.7375(active=0)
[DT-GP] iter= 17 | zero_steps=60.0%  mean_RTG=0.1399±0.4532  max_RTG=2.2852  avg_len=1.7  min_len=1  ls=[0.3399, 0.3399, 0.3408, 5.0373, 11.1825]
[DT-GP] iter= 17 | dt_loss=0.026138  target_RTG=2.2852  floor=0.7375(active=0)
[DT-GP] iter= 18 | zero_steps=65.2%  mean_RTG=0.0571±0.2167  max_RTG=1.2146  avg_len=1.5  min_len=1  ls=[0.3524, 0.3526, 0.3517, 4.8834, 11.1799]
[DT-GP] iter= 18 | dt_loss=0.033578  target_RTG=1.2146  floor=0.7375(active=0)
[DT-GP] iter= 19 | zero_steps=66.7%  mean_RTG=0.1244±0.5818  max_RTG=3.2554  avg_len=1.5  min_len=1  ls=[0.3585, 0.3584, 0.3586, 4.7027, 11.1775]
[DT-GP] iter= 19 | dt_loss=0.033172  target_RTG=3.2554  floor=0.7375(active=0)
[DT-GP] iter= 20 | zero_steps=66.7%  mean_RTG=0.1918±0.7205  max_RTG=3.6971  avg_len=1.5  min_len=1  ls=[0.3545, 0.3548, 0.3545, 4.4787, 11.1752]
[DT-GP] iter= 20 | dt_loss=0.014263  target_RTG=3.6971  floor=0.7375(active=0)
[DT-GP] iter= 21 | zero_steps=75.0%  mean_RTG=0.0997±0.4792  max_RTG=2.6765  avg_len=1.3  min_len=1  ls=[0.3575, 0.3571, 0.3575, 4.1768, 11.173]
[DT-GP] iter= 21 | dt_loss=0.042631  target_RTG=2.6765  floor=0.7394(active=0)
[DT-GP] iter= 22 | zero_steps=73.2%  mean_RTG=0.2218±0.7834  max_RTG=3.4156  avg_len=1.4  min_len=1  ls=[0.3543, 0.3535, 0.3543, 3.6905, 11.1709]
[DT-GP] iter= 22 | dt_loss=0.002657  target_RTG=3.4156  floor=0.7394(active=0)
[DT-GP] iter= 23 | zero_steps=63.8%  mean_RTG=0.1438±0.3802  max_RTG=1.5492  avg_len=1.6  min_len=1  ls=[0.3488, 0.3491, 0.3488, 2.4132, 11.169]
[DT-GP] iter= 23 | dt_loss=0.023112  target_RTG=1.5492  floor=0.7394(active=0)
[DT-GP] iter= 24 | zero_steps=73.2%  mean_RTG=0.4488±1.5040  max_RTG=6.6279  avg_len=1.4  min_len=1  ls=[0.3433, 0.3436, 0.3433, 0.8892, 11.1671]
[DT-GP] iter= 24 | dt_loss=0.038985  target_RTG=6.6279  floor=0.7394(active=0)
[DT-GP] iter= 25 | zero_steps=62.5%  mean_RTG=0.0643±0.1958  max_RTG=0.9727  avg_len=1.6  min_len=1  ls=[0.3384, 0.3385, 0.3384, 0.886, 11.1652]
[DT-GP] iter= 25 | dt_loss=0.0067  target_RTG=1.3256  floor=1.3256(active=1)
[DT-GP] iter= 26 | zero_steps=56.6%  mean_RTG=0.1277±0.3966  max_RTG=1.6591  avg_len=1.8  min_len=1  ls=[0.3355, 0.3354, 0.3355, 1.099, 11.1634]
[DT-GP] iter= 26 | dt_loss=0.020972  target_RTG=1.6591  floor=1.3256(active=0)
[DT-GP] iter= 27 | zero_steps=66.7%  mean_RTG=0.0322±0.1135  max_RTG=0.6372  avg_len=1.5  min_len=1  ls=[0.2864, 0.2864, 0.2864, 1.515, 11.1617]
[DT-GP] iter= 27 | dt_loss=0.052286  target_RTG=1.3256  floor=1.3256(active=1)
[DT-GP] iter= 28 | zero_steps=73.2%  mean_RTG=0.1712±0.4045  max_RTG=1.4729  avg_len=1.4  min_len=1  ls=[0.2923, 0.2923, 0.2923, 1.6789, 11.16]
[DT-GP] iter= 28 | dt_loss=0.057809  target_RTG=1.4729  floor=1.3256(active=0)
[DT-GP] iter= 29 | zero_steps=78.9%  mean_RTG=0.0032±0.0071  max_RTG=0.0277  avg_len=1.3  min_len=1  ls=[0.3261, 0.3261, 0.3261, 0.3519, 11.1583]
[DT-GP] iter= 29 | dt_loss=0.001581  target_RTG=1.3256  floor=1.3256(active=1)
[DT-GP] iter= 30 | zero_steps=75.0%  mean_RTG=0.0091±0.0272  max_RTG=0.1447  avg_len=1.3  min_len=1  ls=[0.3144, 0.3144, 0.3144, 0.3105, 11.1567]
[DT-GP] iter= 30 | dt_loss=0.043071  target_RTG=1.3256  floor=1.3256(active=1)
final best = -0.1404
  [DT-GP-floor01] running... Using device: cpu, dtype: torch.float64
Set random seed: 1
Save directory set to: res
Sampling 10 initial points using 'sobol' method...
Initializing BoTorch GP ensemble...
[DT-GP] iter=  1 | zero_steps=78.9%  mean_RTG=0.3984±0.8983  max_RTG=3.3635  avg_len=1.3  min_len=1  ls=[0.1, 8.0822, 11.0354, 13.7907, 16.4536]
[DT-GP] iter=  1 | dt_loss=1.350673  target_RTG=3.3635  floor=0.0000(active=0)
[DT-GP] iter=  2 | zero_steps=93.8%  mean_RTG=0.0506±0.2291  max_RTG=1.2580  avg_len=1.1  min_len=1  ls=[0.1, 10.9861, 13.8842, 16.6958, 19.4047]
[DT-GP] iter=  2 | dt_loss=0.015806  target_RTG=1.2580  floor=0.3363(active=0)
[DT-GP] iter=  3 | zero_steps=100.0%  mean_RTG=0.0000±0.0000  max_RTG=0.0000  avg_len=1.0  min_len=1  ls=[0.1, 8.185, 11.423, 14.301, 17.0637]
[DT-GP] iter=  3 | dt_loss=0.025053  target_RTG=0.3363  floor=0.3363(active=1)
[DT-GP] iter=  4 | zero_steps=100.0%  mean_RTG=0.0000±0.0000  max_RTG=0.0000  avg_len=1.0  min_len=1  ls=[0.1, 5.3933, 9.0552, 12.1477, 15.0836]
[DT-GP] iter=  4 | dt_loss=0.017769  target_RTG=0.3363  floor=0.3363(active=1)
[DT-GP] iter=  5 | zero_steps=100.0%  mean_RTG=0.0000±0.0000  max_RTG=0.0000  avg_len=1.0  min_len=1  ls=[0.1, 2.1402, 6.4468, 9.9833, 13.204]
[DT-GP] iter=  5 | dt_loss=0.025862  target_RTG=0.3363  floor=0.3363(active=1)
[DT-GP] iter=  6 | zero_steps=100.0%  mean_RTG=0.0000±0.0000  max_RTG=0.0000  avg_len=1.0  min_len=1  ls=[2.3531, 1.9193, 2.2119, 7.8151, 11.6283]
[DT-GP] iter=  6 | dt_loss=0.012842  target_RTG=0.3363  floor=0.3363(active=1)
[DT-GP] iter=  7 | zero_steps=100.0%  mean_RTG=0.0000±0.0000  max_RTG=0.0000  avg_len=1.0  min_len=1  ls=[2.106, 1.9481, 1.6606, 6.5678, 11.2697]
[DT-GP] iter=  7 | dt_loss=0.006371  target_RTG=0.3363  floor=0.3363(active=1)
[DT-GP] iter=  8 | zero_steps=90.9%  mean_RTG=0.1122±0.4311  max_RTG=2.0606  avg_len=1.1  min_len=1  ls=[1.9599, 1.932, 1.5122, 6.199, 11.2307]
[DT-GP] iter=  8 | dt_loss=0.092476  target_RTG=2.0606  floor=0.3363(active=0)
[DT-GP] iter=  9 | zero_steps=90.9%  mean_RTG=0.1213±0.5425  max_RTG=2.9704  avg_len=1.1  min_len=1  ls=[1.8647, 1.8612, 1.7645, 6.0045, 11.2175]
[DT-GP] iter=  9 | dt_loss=0.197401  target_RTG=2.9704  floor=0.3363(active=0)
[DT-GP] iter= 10 | zero_steps=78.9%  mean_RTG=0.1493±0.4148  max_RTG=1.7180  avg_len=1.3  min_len=1  ls=[0.701, 0.7051, 1.9872, 5.852, 11.2088]
[DT-GP] iter= 10 | dt_loss=0.101362  target_RTG=1.7180  floor=0.3363(active=0)
[DT-GP] iter= 11 | zero_steps=71.4%  mean_RTG=0.4129±0.6793  max_RTG=2.0324  avg_len=1.4  min_len=1  ls=[0.8289, 0.8265, 0.953, 5.7193, 11.2026]
[DT-GP] iter= 11 | dt_loss=0.05718  target_RTG=2.0324  floor=0.3363(active=0)
[DT-GP] iter= 12 | zero_steps=96.8%  mean_RTG=0.0165±0.0890  max_RTG=0.4957  avg_len=1.0  min_len=1  ls=[0.4995, 0.5001, 1.1367, 5.5933, 11.1974]
[DT-GP] iter= 12 | dt_loss=0.004656  target_RTG=0.4957  floor=0.3363(active=0)
[DT-GP] iter= 13 | zero_steps=85.7%  mean_RTG=0.2380±0.9780  max_RTG=5.3784  avg_len=1.2  min_len=1  ls=[0.5163, 0.5167, 1.052, 5.4695, 11.1931]
[DT-GP] iter= 13 | dt_loss=0.009101  target_RTG=5.3784  floor=0.3363(active=0)
[DT-GP] iter= 14 | zero_steps=83.3%  mean_RTG=0.2336±0.9869  max_RTG=5.4993  avg_len=1.2  min_len=1  ls=[0.5066, 0.5067, 1.0696, 5.3423, 11.1893]
[DT-GP] iter= 14 | dt_loss=0.047013  target_RTG=5.4993  floor=0.5378(active=0)
[DT-GP] iter= 15 | zero_steps=83.3%  mean_RTG=0.0153±0.0432  max_RTG=0.1905  avg_len=1.2  min_len=1  ls=[0.3604, 0.3602, 0.4005, 5.2088, 11.1858]
[DT-GP] iter= 15 | dt_loss=0.059026  target_RTG=0.5499  floor=0.5499(active=1)
[DT-GP] iter= 16 | zero_steps=52.6%  mean_RTG=0.1078±0.2417  max_RTG=1.3666  avg_len=1.9  min_len=1  ls=[0.329, 0.3291, 0.331, 5.0672, 11.1827]
[DT-GP] iter= 16 | dt_loss=0.02305  target_RTG=1.3666  floor=0.5499(active=0)
[DT-GP] iter= 17 | zero_steps=50.9%  mean_RTG=0.1799±0.5358  max_RTG=2.2909  avg_len=1.9  min_len=1  ls=[0.3373, 0.3373, 0.3371, 4.9104, 11.1799]
[DT-GP] iter= 17 | dt_loss=0.028053  target_RTG=2.2909  floor=0.5499(active=0)
[DT-GP] iter= 18 | zero_steps=50.8%  mean_RTG=0.0975±0.3290  max_RTG=1.8588  avg_len=2.0  min_len=1  ls=[0.3331, 0.3331, 0.3331, 4.7287, 11.1773]
[DT-GP] iter= 18 | dt_loss=0.01427  target_RTG=1.8588  floor=0.5499(active=0)
[DT-GP] iter= 19 | zero_steps=61.2%  mean_RTG=0.0646±0.1564  max_RTG=0.8426  avg_len=1.6  min_len=1  ls=[0.3316, 0.3316, 0.3315, 4.5038, 11.1748]
[DT-GP] iter= 19 | dt_loss=0.021784  target_RTG=0.8426  floor=0.5499(active=0)
[DT-GP] iter= 20 | zero_steps=52.6%  mean_RTG=0.2800±0.7741  max_RTG=2.9335  avg_len=1.9  min_len=1  ls=[0.3263, 0.3263, 0.3262, 4.2021, 11.1725]
[DT-GP] iter= 20 | dt_loss=0.027499  target_RTG=2.9335  floor=0.5499(active=0)
[DT-GP] iter= 21 | zero_steps=50.9%  mean_RTG=0.4493±1.3363  max_RTG=6.3380  avg_len=1.9  min_len=1  ls=[0.3279, 0.3279, 0.328, 3.7239, 11.1703]
[DT-GP] iter= 21 | dt_loss=0.022949  target_RTG=6.3380  floor=0.5499(active=0)
[DT-GP] iter= 22 | zero_steps=62.5%  mean_RTG=0.0284±0.0324  max_RTG=0.0838  avg_len=1.6  min_len=1  ls=[0.3257, 0.3257, 0.3257, 2.517, 11.1682]
[DT-GP] iter= 22 | dt_loss=0.023781  target_RTG=0.6338  floor=0.6338(active=1)
[DT-GP] iter= 23 | zero_steps=50.9%  mean_RTG=0.1816±0.8105  max_RTG=4.5428  avg_len=1.9  min_len=1  ls=[0.3216, 0.3216, 0.3216, 0.9102, 11.1662]
[DT-GP] iter= 23 | dt_loss=0.017349  target_RTG=4.5428  floor=0.6338(active=0)
[DT-GP] iter= 24 | zero_steps=53.6%  mean_RTG=0.1488±0.6248  max_RTG=3.5084  avg_len=1.9  min_len=1  ls=[0.3141, 0.3141, 0.3141, 0.9274, 11.1643]
[DT-GP] iter= 24 | dt_loss=0.013459  target_RTG=3.5084  floor=0.6338(active=0)
[DT-GP] iter= 25 | zero_steps=49.2%  mean_RTG=0.2865±1.2572  max_RTG=7.0522  avg_len=2.0  min_len=1  ls=[0.3068, 0.3068, 0.3068, 1.1036, 11.1625]
[DT-GP] iter= 25 | dt_loss=0.023757  target_RTG=7.0522  floor=0.6338(active=0)
[DT-GP] iter= 26 | zero_steps=63.8%  mean_RTG=0.3118±0.7488  max_RTG=3.5631  avg_len=1.6  min_len=1  ls=[0.2906, 0.2906, 0.2906, 1.4932, 11.1607]
[DT-GP] iter= 26 | dt_loss=0.030359  target_RTG=3.5631  floor=0.7052(active=0)
[DT-GP] iter= 27 | zero_steps=69.8%  mean_RTG=0.1259±0.6157  max_RTG=3.4400  avg_len=1.4  min_len=1  ls=[0.2853, 0.2853, 0.2853, 1.5775, 11.159]
[DT-GP] iter= 27 | dt_loss=0.042873  target_RTG=3.4400  floor=0.7052(active=0)
[DT-GP] iter= 28 | zero_steps=62.5%  mean_RTG=0.0122±0.0170  max_RTG=0.0620  avg_len=1.6  min_len=1  ls=[0.2767, 0.2767, 0.2767, 0.4012, 11.1574]
[DT-GP] iter= 28 | dt_loss=0.017493  target_RTG=0.7052  floor=0.7052(active=1)
[DT-GP] iter= 29 | zero_steps=69.8%  mean_RTG=0.1505±0.7455  max_RTG=4.1638  avg_len=1.4  min_len=1  ls=[0.2767, 0.2767, 0.2767, 0.2873, 11.1558]
[DT-GP] iter= 29 | dt_loss=0.002067  target_RTG=4.1638  floor=0.7052(active=0)
[DT-GP] iter= 30 | zero_steps=71.4%  mean_RTG=0.0708±0.3421  max_RTG=1.9120  avg_len=1.4  min_len=1  ls=[0.2839, 0.2839, 0.2839, 0.2837, 11.1542]
[DT-GP] iter= 30 | dt_loss=0.009776  target_RTG=1.9120  floor=0.7052(active=0)
final best = -0.0945
  [DT-GT-dynamic] running... Using device: cpu, dtype: torch.float64
Set random seed: 1
Save directory set to: res
Sampling 10 initial points using 'sobol' method...
Initializing BoTorch GP ensemble...
[DT-GT] iter=  1 | zero_steps=90.9%  mean_RTG=0.0075±0.0287  max_RTG=0.1368  avg_len=1.1  min_len=1  ls=[0.1, 8.0822, 11.0354, 13.7907, 16.4536]
[DT-GT] iter=  1 | dt_loss=1.489085  target_RTG=0.1368
[DT-GT] iter=  2 | zero_steps=90.9%  mean_RTG=0.0101±0.0321  max_RTG=0.1411  avg_len=1.1  min_len=1  ls=[0.1, 11.0436, 13.7864, 16.5589, 19.2565]
[DT-GT] iter=  2 | dt_loss=0.031927  target_RTG=0.1411
[DT-GT] iter=  3 | zero_steps=100.0%  mean_RTG=0.0000±0.0000  max_RTG=0.0000  avg_len=1.0  min_len=1  ls=[2.0239, 7.0253, 10.6576, 13.4697, 16.1843]
[DT-GT] iter=  3 | dt_loss=0.032539  target_RTG=0.0000
[DT-GT] iter=  4 | zero_steps=55.8%  mean_RTG=1.5242±1.9828  max_RTG=6.1592  avg_len=1.7  min_len=1  ls=[2.2374, 3.3347, 7.4969, 10.7242, 13.5949]
[DT-GT] iter=  4 | dt_loss=0.807716  target_RTG=6.1592
[DT-GT] iter=  5 | zero_steps=49.2%  mean_RTG=2.4198±2.3541  max_RTG=5.9971  avg_len=2.0  min_len=1  ls=[2.106, 2.0502, 3.3658, 7.013, 10.1835]
[DT-GT] iter=  5 | dt_loss=0.910416  target_RTG=5.9971
[DT-GT] iter=  6 | zero_steps=37.0%  mean_RTG=3.0696±1.9724  max_RTG=6.5794  avg_len=2.4  min_len=1  ls=[2.343, 2.2096, 1.96, 2.8912, 6.7391]
[DT-GT] iter=  6 | dt_loss=0.271577  target_RTG=6.5794
[DT-GT] iter=  7 | zero_steps=39.7%  mean_RTG=3.0884±1.7382  max_RTG=5.3944  avg_len=2.4  min_len=1  ls=[2.4051, 2.4165, 2.1784, 1.9219, 3.4262]
[DT-GT] iter=  7 | dt_loss=0.145828  target_RTG=5.3944
[DT-GT] iter=  8 | zero_steps=39.2%  mean_RTG=3.5713±1.4965  max_RTG=6.1591  avg_len=2.5  min_len=1  ls=[2.3517, 2.3537, 2.5245, 2.0562, 1.9165]
[DT-GT] iter=  8 | dt_loss=0.011722  target_RTG=6.1591
[DT-GT] iter=  9 | zero_steps=38.2%  mean_RTG=3.1513±0.9861  max_RTG=4.8298  avg_len=2.5  min_len=1  ls=[3.4126, 3.4198, 3.4275, 2.7724, 1.8624]
[DT-GT] iter=  9 | dt_loss=0.010232  target_RTG=4.8298
[DT-GT] iter= 10 | zero_steps=49.2%  mean_RTG=2.4616±0.3335  max_RTG=3.1938  avg_len=2.0  min_len=2  ls=[2.7608, 2.7585, 2.7626, 2.7743, 2.3287]
[DT-GT] iter= 10 | dt_loss=0.007475  target_RTG=3.1938
[DT-GT] iter= 11 | zero_steps=46.9%  mean_RTG=1.4044±0.2904  max_RTG=2.4657  avg_len=2.1  min_len=2  ls=[2.4308, 2.4296, 2.4334, 2.4326, 2.2822]
[DT-GT] iter= 11 | dt_loss=0.004137  target_RTG=2.4657
[DT-GT] iter= 12 | zero_steps=41.7%  mean_RTG=0.7240±0.3466  max_RTG=1.4585  avg_len=2.4  min_len=1  ls=[2.2387, 2.2384, 2.2393, 2.2395, 2.2274]
[DT-GT] iter= 12 | dt_loss=0.004484  target_RTG=1.4585
[DT-GT] iter= 13 | zero_steps=38.2%  mean_RTG=1.0910±0.4627  max_RTG=2.2927  avg_len=2.5  min_len=1  ls=[2.3124, 2.3124, 2.3124, 2.312, 2.3082]
[DT-GT] iter= 13 | dt_loss=0.002802  target_RTG=2.2927
[DT-GT] iter= 14 | zero_steps=46.9%  mean_RTG=0.8117±0.2825  max_RTG=1.3971  avg_len=2.1  min_len=1  ls=[2.2732, 2.2732, 2.2731, 2.2626, 2.2636]
[DT-GT] iter= 14 | dt_loss=0.006339  target_RTG=1.3971
[DT-GT] iter= 15 | zero_steps=47.6%  mean_RTG=1.0641±0.3422  max_RTG=2.4064  avg_len=2.1  min_len=2  ls=[2.3599, 2.3599, 2.3599, 2.3546, 2.3546]
[DT-GT] iter= 15 | dt_loss=0.004082  target_RTG=2.4064
[DT-GT] iter= 16 | zero_steps=46.2%  mean_RTG=1.1884±0.4164  max_RTG=2.2635  avg_len=2.2  min_len=2  ls=[2.3353, 2.3353, 2.3353, 2.3332, 2.3332]
[DT-GT] iter= 16 | dt_loss=0.002983  target_RTG=2.2635
[DT-GT] iter= 17 | zero_steps=52.6%  mean_RTG=1.1601±0.4337  max_RTG=1.8088  avg_len=1.9  min_len=1  ls=[2.3509, 2.3509, 2.3509, 2.3514, 2.3515]
[DT-GT] iter= 17 | dt_loss=0.002421  target_RTG=1.8088
[DT-GT] iter= 18 | zero_steps=51.7%  mean_RTG=0.8065±0.3032  max_RTG=1.5235  avg_len=1.9  min_len=1  ls=[2.4571, 2.4571, 2.4571, 2.4572, 2.4572]
[DT-GT] iter= 18 | dt_loss=0.002711  target_RTG=1.5235
[DT-GT] iter= 19 | zero_steps=50.0%  mean_RTG=1.9842±0.2440  max_RTG=2.4622  avg_len=2.0  min_len=2  ls=[2.4235, 2.4235, 2.4235, 2.4235, 2.4235]
[DT-GT] iter= 19 | dt_loss=0.001967  target_RTG=2.4622
[DT-GT] iter= 20 | zero_steps=49.2%  mean_RTG=2.0708±0.2719  max_RTG=2.5110  avg_len=2.0  min_len=2  ls=[2.4016, 2.4016, 2.4016, 2.4016, 2.4016]
[DT-GT] iter= 20 | dt_loss=0.001777  target_RTG=2.5110
[DT-GT] iter= 21 | zero_steps=81.1%  mean_RTG=0.0221±0.0535  max_RTG=0.2168  avg_len=1.2  min_len=1  ls=[2.4524, 2.4524, 2.4524, 2.4524, 2.4524]
[DT-GT] iter= 21 | dt_loss=0.002051  target_RTG=0.2168
[DT-GT] iter= 22 | zero_steps=61.2%  mean_RTG=0.3484±0.5691  max_RTG=1.9340  avg_len=1.6  min_len=1  ls=[2.4493, 2.4493, 2.4493, 2.4493, 2.4493]
[DT-GT] iter= 22 | dt_loss=0.003794  target_RTG=1.9340
[DT-GT] iter= 23 | zero_steps=55.6%  mean_RTG=0.3479±0.4694  max_RTG=1.6247  avg_len=1.8  min_len=1  ls=[2.423, 2.423, 2.423, 2.423, 2.423]
[DT-GT] iter= 23 | dt_loss=0.003975  target_RTG=1.6247
[DT-GT] iter= 24 | zero_steps=62.5%  mean_RTG=0.2851±0.4992  max_RTG=1.9301  avg_len=1.6  min_len=1  ls=[2.3711, 2.3711, 2.3711, 2.3711, 2.3711]
[DT-GT] iter= 24 | dt_loss=0.004625  target_RTG=1.9301
[DT-GT] iter= 25 | zero_steps=73.2%  mean_RTG=0.1699±0.4179  max_RTG=1.7463  avg_len=1.4  min_len=1  ls=[2.2779, 2.2779, 2.2779, 2.2779, 2.2779]
[DT-GT] iter= 25 | dt_loss=0.001507  target_RTG=1.7463
[DT-GT] iter= 26 | zero_steps=63.8%  mean_RTG=0.2973±0.5008  max_RTG=1.6338  avg_len=1.6  min_len=1  ls=[2.2181, 2.2181, 2.2181, 2.2182, 2.2182]
[DT-GT] iter= 26 | dt_loss=0.001943  target_RTG=1.6338
[DT-GT] iter= 27 | zero_steps=71.4%  mean_RTG=0.1670±0.3398  max_RTG=1.7412  avg_len=1.4  min_len=1  ls=[2.1711, 2.1711, 2.1711, 2.1711, 2.1711]
[DT-GT] iter= 27 | dt_loss=0.001795  target_RTG=1.7412
[DT-GT] iter= 28 | zero_steps=73.2%  mean_RTG=0.1554±0.3309  max_RTG=1.3912  avg_len=1.4  min_len=1  ls=[2.1149, 2.1149, 2.1149, 2.1149, 2.1149]
[DT-GT] iter= 28 | dt_loss=0.007927  target_RTG=1.3912
[DT-GT] iter= 29 | zero_steps=60.0%  mean_RTG=0.3005±0.3866  max_RTG=1.2981  avg_len=1.7  min_len=1  ls=[2.0758, 2.0758, 2.0758, 2.0758, 2.0758]
[DT-GT] iter= 29 | dt_loss=0.006085  target_RTG=1.2981
[DT-GT] iter= 30 | zero_steps=52.6%  mean_RTG=0.3560±0.2887  max_RTG=1.0481  avg_len=1.9  min_len=1  ls=[2.0326, 2.0326, 2.0326, 2.0326, 2.0326]
[DT-GT] iter= 30 | dt_loss=0.001217  target_RTG=1.0481
final best = -2.3467
  [ckpt] 2/10 saved → res/floored_rtg_dtgp_ackley/floored_rtg_dtgp.ckpt.json

── Trial 3/10  (seed=2) ────────────────────────────────────────
  [DT-GP-floor05] running... Using device: cpu, dtype: torch.float64
Set random seed: 2
Save directory set to: res
Sampling 10 initial points using 'sobol' method...
Initializing BoTorch GP ensemble...
[DT-GP] iter=  1 | zero_steps=93.8%  mean_RTG=0.0345±0.1512  max_RTG=0.8222  avg_len=1.1  min_len=1  ls=[0.1, 8.1516, 11.1753, 13.7764, 16.4106]
[DT-GP] iter=  1 | dt_loss=2.343867  target_RTG=0.8222  floor=0.0000(active=0)
[DT-GP] iter=  2 | zero_steps=96.8%  mean_RTG=0.0079±0.0425  max_RTG=0.2365  avg_len=1.0  min_len=1  ls=[2.5913, 6.0899, 12.2992, 15.4799, 18.4172]
[DT-GP] iter=  2 | dt_loss=0.006196  target_RTG=0.4111  floor=0.4111(active=1)
[DT-GP] iter=  3 | zero_steps=96.8%  mean_RTG=0.0195±0.1051  max_RTG=0.5857  avg_len=1.0  min_len=1  ls=[2.3795, 1.6438, 9.6554, 13.1545, 16.3335]
[DT-GP] iter=  3 | dt_loss=0.006953  target_RTG=0.5857  floor=0.4111(active=0)
[DT-GP] iter=  4 | zero_steps=90.9%  mean_RTG=0.1239±0.4735  max_RTG=2.4553  avg_len=1.1  min_len=1  ls=[2.1353, 1.7608, 6.8995, 10.8907, 14.3238]
[DT-GP] iter=  4 | dt_loss=0.00483  target_RTG=2.4553  floor=0.4111(active=0)
[DT-GP] iter=  5 | zero_steps=81.1%  mean_RTG=0.1870±0.5312  max_RTG=2.6917  avg_len=1.2  min_len=1  ls=[0.7991, 2.0778, 3.2012, 8.2039, 12.1289]
[DT-GP] iter=  5 | dt_loss=0.19911  target_RTG=2.6917  floor=1.2277(active=0)
[DT-GP] iter=  6 | zero_steps=66.7%  mean_RTG=0.2877±0.5807  max_RTG=2.4380  avg_len=1.5  min_len=1  ls=[0.8361, 0.8928, 1.1287, 5.275, 10.4675]
[DT-GP] iter=  6 | dt_loss=0.086506  target_RTG=2.4380  floor=1.3458(active=0)
[DT-GP] iter=  7 | zero_steps=63.8%  mean_RTG=0.4212±0.7360  max_RTG=2.4725  avg_len=1.6  min_len=1  ls=[0.7196, 0.7059, 1.2826, 1.139, 10.0736]
[DT-GP] iter=  7 | dt_loss=0.044776  target_RTG=2.4725  floor=1.3458(active=0)
[DT-GP] iter=  8 | zero_steps=85.7%  mean_RTG=0.0350±0.1027  max_RTG=0.4291  avg_len=1.2  min_len=1  ls=[0.6958, 0.6964, 1.6623, 1.0574, 10.0152]
[DT-GP] iter=  8 | dt_loss=0.002192  target_RTG=1.3458  floor=1.3458(active=1)
[DT-GP] iter=  9 | zero_steps=88.2%  mean_RTG=0.1787±0.7667  max_RTG=4.2446  avg_len=1.1  min_len=1  ls=[0.6474, 0.6481, 1.8866, 1.0912, 9.9926]
[DT-GP] iter=  9 | dt_loss=0.001924  target_RTG=4.2446  floor=1.3458(active=0)
[DT-GP] iter= 10 | zero_steps=66.7%  mean_RTG=0.4492±1.3931  max_RTG=7.0349  avg_len=1.5  min_len=1  ls=[0.3845, 0.385, 0.5715, 1.4461, 9.9787]
[DT-GP] iter= 10 | dt_loss=0.046043  target_RTG=7.0349  floor=2.1223(active=0)
[DT-GP] iter= 11 | zero_steps=50.0%  mean_RTG=0.0987±0.1217  max_RTG=0.5641  avg_len=1.9  min_len=1  ls=[0.3719, 0.3722, 0.3791, 1.7672, 9.9685]
[DT-GP] iter= 11 | dt_loss=0.030148  target_RTG=3.5174  floor=3.5174(active=1)
[DT-GP] iter= 12 | zero_steps=60.0%  mean_RTG=0.3709±1.3521  max_RTG=7.2386  avg_len=1.7  min_len=1  ls=[0.3191, 0.3194, 0.3689, 1.0969, 9.9602]
[DT-GP] iter= 12 | dt_loss=0.023222  target_RTG=7.2386  floor=3.5174(active=0)
[DT-GP] iter= 13 | zero_steps=71.4%  mean_RTG=0.0225±0.0497  max_RTG=0.2459  avg_len=1.4  min_len=1  ls=[0.3869, 0.3869, 0.3812, 0.3945, 9.9533]
[DT-GP] iter= 13 | dt_loss=0.026613  target_RTG=3.6193  floor=3.6193(active=1)
[DT-GP] iter= 14 | zero_steps=68.2%  mean_RTG=0.1157±0.5121  max_RTG=2.8661  avg_len=1.5  min_len=1  ls=[0.3704, 0.3704, 0.3712, 0.3713, 9.9472]
[DT-GP] iter= 14 | dt_loss=0.016237  target_RTG=3.6193  floor=3.6193(active=1)
[DT-GP] iter= 15 | zero_steps=100.0%  mean_RTG=0.0000±0.0000  max_RTG=0.0000  avg_len=1.0  min_len=1  ls=[0.372, 0.372, 0.3716, 0.3719, 9.9419]
[DT-GP] iter= 15 | dt_loss=0.001422  target_RTG=3.6193  floor=3.6193(active=1)
[DT-GP] iter= 16 | zero_steps=88.2%  mean_RTG=0.0029±0.0098  max_RTG=0.0392  avg_len=1.1  min_len=1  ls=[0.3672, 0.3672, 0.3672, 0.3665, 9.9371]
[DT-GP] iter= 16 | dt_loss=0.022356  target_RTG=3.6193  floor=3.6193(active=1)
[DT-GP] iter= 17 | zero_steps=88.2%  mean_RTG=0.1090±0.5809  max_RTG=3.2370  avg_len=1.1  min_len=1  ls=[0.3597, 0.3597, 0.3597, 0.3602, 9.9327]
[DT-GP] iter= 17 | dt_loss=0.00243  target_RTG=3.6193  floor=3.6193(active=1)
[DT-GP] iter= 18 | zero_steps=90.9%  mean_RTG=0.1101±0.5852  max_RTG=3.2611  avg_len=1.1  min_len=1  ls=[0.3591, 0.3591, 0.3592, 0.3587, 9.9286]
[DT-GP] iter= 18 | dt_loss=0.001302  target_RTG=3.6193  floor=3.6193(active=1)
[DT-GP] iter= 19 | zero_steps=96.8%  mean_RTG=0.1779±0.9578  max_RTG=5.3356  avg_len=1.0  min_len=1  ls=[0.3528, 0.3528, 0.3528, 0.3523, 9.9247]
[DT-GP] iter= 19 | dt_loss=0.000632  target_RTG=5.3356  floor=3.6193(active=0)
[DT-GP] iter= 20 | zero_steps=88.2%  mean_RTG=0.0128±0.0593  max_RTG=0.3299  avg_len=1.1  min_len=1  ls=[0.3381, 0.3381, 0.3381, 0.3384, 9.9211]
[DT-GP] iter= 20 | dt_loss=0.054023  target_RTG=3.6193  floor=3.6193(active=1)
[DT-GP] iter= 21 | zero_steps=90.9%  mean_RTG=0.1629±0.8765  max_RTG=4.8829  avg_len=1.1  min_len=1  ls=[0.3212, 0.3212, 0.3212, 0.3213, 9.9177]
[DT-GP] iter= 21 | dt_loss=0.129626  target_RTG=4.8829  floor=3.6193(active=0)
[DT-GP] iter= 22 | zero_steps=88.2%  mean_RTG=0.0087±0.0371  max_RTG=0.2020  avg_len=1.1  min_len=1  ls=[0.3549, 0.3549, 0.3549, 0.3548, 9.9145]
[DT-GP] iter= 22 | dt_loss=0.001661  target_RTG=3.6193  floor=3.6193(active=1)
[DT-GP] iter= 23 | zero_steps=96.8%  mean_RTG=0.0003±0.0014  max_RTG=0.0077  avg_len=1.0  min_len=1  ls=[0.3496, 0.3496, 0.3496, 0.3495, 9.9113]
[DT-GP] iter= 23 | dt_loss=0.00121  target_RTG=3.6193  floor=3.6193(active=1)
[DT-GP] iter= 24 | zero_steps=90.9%  mean_RTG=0.2408±1.0118  max_RTG=5.4057  avg_len=1.1  min_len=1  ls=[0.3451, 0.3451, 0.3451, 0.3449, 9.9083]
[DT-GP] iter= 24 | dt_loss=0.001359  target_RTG=5.4057  floor=3.6193(active=0)
[DT-GP] iter= 25 | zero_steps=93.8%  mean_RTG=0.2392±1.2882  max_RTG=7.1763  avg_len=1.1  min_len=1  ls=[0.3373, 0.3373, 0.3373, 0.3372, 9.9055]
[DT-GP] iter= 25 | dt_loss=0.114487  target_RTG=7.1763  floor=3.6193(active=0)
[DT-GP] iter= 26 | zero_steps=88.2%  mean_RTG=0.3222±1.1994  max_RTG=6.5482  avg_len=1.1  min_len=1  ls=[0.2416, 0.2416, 0.2416, 0.2417, 9.9027]
[DT-GP] iter= 26 | dt_loss=0.000925  target_RTG=6.5482  floor=3.6193(active=0)
[DT-GP] iter= 27 | zero_steps=88.2%  mean_RTG=0.2130±0.7341  max_RTG=3.1318  avg_len=1.1  min_len=1  ls=[0.2401, 0.2401, 0.2401, 0.2402, 9.9001]
[DT-GP] iter= 27 | dt_loss=0.001078  target_RTG=3.6193  floor=3.6193(active=1)
[DT-GP] iter= 28 | zero_steps=76.9%  mean_RTG=0.4489±0.9575  max_RTG=4.1023  avg_len=1.3  min_len=1  ls=[0.2388, 0.2388, 0.2388, 0.2389, 9.8975]
[DT-GP] iter= 28 | dt_loss=0.000712  target_RTG=4.1023  floor=3.6193(active=0)
[DT-GP] iter= 29 | zero_steps=90.9%  mean_RTG=0.1546±0.5359  max_RTG=2.3441  avg_len=1.1  min_len=1  ls=[0.238, 0.238, 0.238, 0.238, 9.895]
[DT-GP] iter= 29 | dt_loss=0.000553  target_RTG=3.6193  floor=3.6193(active=1)
[DT-GP] iter= 30 | zero_steps=76.9%  mean_RTG=0.2524±0.6121  max_RTG=2.6192  avg_len=1.3  min_len=1  ls=[0.2378, 0.2378, 0.2378, 0.2379, 9.8926]
[DT-GP] iter= 30 | dt_loss=0.019158  target_RTG=3.6193  floor=3.6193(active=1)
final best = -0.0590
  [DT-GP-floor02] running... Using device: cpu, dtype: torch.float64
Set random seed: 2
Save directory set to: res
Sampling 10 initial points using 'sobol' method...
Initializing BoTorch GP ensemble...
[DT-GP] iter=  1 | zero_steps=93.8%  mean_RTG=0.0345±0.1512  max_RTG=0.8222  avg_len=1.1  min_len=1  ls=[0.1, 8.1516, 11.1753, 13.7764, 16.4106]
[DT-GP] iter=  1 | dt_loss=2.343867  target_RTG=0.8222  floor=0.0000(active=0)
[DT-GP] iter=  2 | zero_steps=96.8%  mean_RTG=0.0079±0.0425  max_RTG=0.2365  avg_len=1.0  min_len=1  ls=[2.5913, 6.0899, 12.2992, 15.4799, 18.4172]
[DT-GP] iter=  2 | dt_loss=0.006196  target_RTG=0.2365  floor=0.1644(active=0)
[DT-GP] iter=  3 | zero_steps=96.8%  mean_RTG=0.0188±0.1011  max_RTG=0.5630  avg_len=1.0  min_len=1  ls=[2.3603, 1.595, 9.6706, 13.1684, 16.3441]
[DT-GP] iter=  3 | dt_loss=0.006865  target_RTG=0.5630  floor=0.1644(active=0)
[DT-GP] iter=  4 | zero_steps=90.9%  mean_RTG=0.1230±0.4786  max_RTG=2.4922  avg_len=1.1  min_len=1  ls=[2.1109, 1.7712, 6.9156, 10.9044, 14.332]
[DT-GP] iter=  4 | dt_loss=0.00497  target_RTG=2.4922  floor=0.1644(active=0)
[DT-GP] iter=  5 | zero_steps=81.1%  mean_RTG=0.1849±0.5653  max_RTG=2.9382  avg_len=1.2  min_len=1  ls=[0.824, 2.0958, 3.1329, 8.1543, 12.0847]
[DT-GP] iter=  5 | dt_loss=0.113112  target_RTG=2.9382  floor=0.4984(active=0)
[DT-GP] iter=  6 | zero_steps=65.2%  mean_RTG=0.2368±0.5238  max_RTG=2.3015  avg_len=1.5  min_len=1  ls=[0.791, 0.7619, 1.1293, 5.1328, 10.3875]
[DT-GP] iter=  6 | dt_loss=0.098945  target_RTG=2.3015  floor=0.5876(active=0)
[DT-GP] iter=  7 | zero_steps=62.5%  mean_RTG=0.3320±0.6213  max_RTG=2.2959  avg_len=1.6  min_len=1  ls=[0.8207, 0.8197, 1.2734, 0.8842, 9.9592]
[DT-GP] iter=  7 | dt_loss=0.031208  target_RTG=2.2959  floor=0.5876(active=0)
[DT-GP] iter=  8 | zero_steps=85.7%  mean_RTG=0.0419±0.1127  max_RTG=0.4396  avg_len=1.2  min_len=1  ls=[0.811, 0.8117, 1.6232, 1.0677, 9.8967]
[DT-GP] iter=  8 | dt_loss=0.002092  target_RTG=0.5876  floor=0.5876(active=1)
[DT-GP] iter=  9 | zero_steps=73.2%  mean_RTG=0.4089±1.0583  max_RTG=5.6271  avg_len=1.4  min_len=1  ls=[0.7731, 0.7739, 1.8833, 1.1659, 9.8726]
[DT-GP] iter=  9 | dt_loss=0.002675  target_RTG=5.6271  floor=0.5876(active=0)
[DT-GP] iter= 10 | zero_steps=81.1%  mean_RTG=0.3774±1.3175  max_RTG=7.0126  avg_len=1.2  min_len=1  ls=[0.7823, 0.783, 0.7915, 1.5676, 9.8573]
[DT-GP] iter= 10 | dt_loss=0.04608  target_RTG=7.0126  floor=1.1254(active=0)
[DT-GP] iter= 11 | zero_steps=73.2%  mean_RTG=0.1925±0.4780  max_RTG=2.2914  avg_len=1.4  min_len=1  ls=[0.748, 0.7477, 0.7562, 1.8512, 9.8459]
[DT-GP] iter= 11 | dt_loss=0.0388  target_RTG=2.2914  floor=1.4025(active=0)
[DT-GP] iter= 12 | zero_steps=73.2%  mean_RTG=0.0661±0.1156  max_RTG=0.4442  avg_len=1.4  min_len=1  ls=[0.6963, 0.6963, 0.6997, 0.7869, 9.8367]
[DT-GP] iter= 12 | dt_loss=0.020613  target_RTG=1.4025  floor=1.4025(active=1)
[DT-GP] iter= 13 | zero_steps=81.1%  mean_RTG=0.0376±0.1487  max_RTG=0.8191  avg_len=1.2  min_len=1  ls=[0.6456, 0.6456, 0.6441, 0.3631, 9.829]
[DT-GP] iter= 13 | dt_loss=0.027657  target_RTG=1.4025  floor=1.4025(active=1)
[DT-GP] iter= 14 | zero_steps=43.5%  mean_RTG=0.3259±0.9723  max_RTG=5.3218  avg_len=2.3  min_len=1  ls=[0.3549, 0.3549, 0.358, 0.3538, 9.8223]
[DT-GP] iter= 14 | dt_loss=0.007914  target_RTG=5.3218  floor=1.4025(active=0)
[DT-GP] iter= 15 | zero_steps=42.6%  mean_RTG=0.3924±1.0626  max_RTG=5.2352  avg_len=2.3  min_len=1  ls=[0.3513, 0.3514, 0.3544, 0.3505, 9.8163]
[DT-GP] iter= 15 | dt_loss=0.009996  target_RTG=5.2352  floor=1.4025(active=0)
[DT-GP] iter= 16 | zero_steps=38.9%  mean_RTG=0.4189±1.0620  max_RTG=5.2339  avg_len=2.4  min_len=1  ls=[0.3499, 0.3499, 0.3503, 0.3499, 9.8108]
[DT-GP] iter= 16 | dt_loss=0.006953  target_RTG=5.2339  floor=1.4025(active=0)
[DT-GP] iter= 17 | zero_steps=40.8%  mean_RTG=0.1352±0.1887  max_RTG=1.0990  avg_len=2.4  min_len=1  ls=[0.3502, 0.3502, 0.35, 0.3502, 9.8057]
[DT-GP] iter= 17 | dt_loss=0.013799  target_RTG=1.4025  floor=1.4025(active=1)
[DT-GP] iter= 18 | zero_steps=42.9%  mean_RTG=0.0667±0.0397  max_RTG=0.1216  avg_len=2.3  min_len=1  ls=[0.3547, 0.3547, 0.3549, 0.3537, 9.8011]
[DT-GP] iter= 18 | dt_loss=0.011835  target_RTG=1.4025  floor=1.4025(active=1)
[DT-GP] iter= 19 | zero_steps=43.1%  mean_RTG=0.1522±0.5770  max_RTG=3.2543  avg_len=2.2  min_len=1  ls=[0.3703, 0.3703, 0.3704, 0.3698, 9.7968]
[DT-GP] iter= 19 | dt_loss=0.010737  target_RTG=3.2543  floor=1.4025(active=0)
[DT-GP] iter= 20 | zero_steps=93.8%  mean_RTG=0.0011±0.0059  max_RTG=0.0327  avg_len=1.1  min_len=1  ls=[0.3621, 0.3621, 0.3621, 0.3612, 9.7928]
[DT-GP] iter= 20 | dt_loss=0.001463  target_RTG=1.4025  floor=1.4025(active=1)
[DT-GP] iter= 21 | zero_steps=100.0%  mean_RTG=0.0000±0.0000  max_RTG=0.0000  avg_len=1.0  min_len=1  ls=[0.3539, 0.3539, 0.3539, 0.3535, 9.789]
[DT-GP] iter= 21 | dt_loss=0.001164  target_RTG=1.4025  floor=1.4025(active=1)
[DT-GP] iter= 22 | zero_steps=96.8%  mean_RTG=0.0316±0.1701  max_RTG=0.9477  avg_len=1.0  min_len=1  ls=[0.347, 0.347, 0.347, 0.3468, 9.7854]
[DT-GP] iter= 22 | dt_loss=0.001108  target_RTG=1.4025  floor=1.4025(active=1)
[DT-GP] iter= 23 | zero_steps=93.8%  mean_RTG=0.0005±0.0018  max_RTG=0.0085  avg_len=1.1  min_len=1  ls=[0.343, 0.343, 0.343, 0.343, 9.7821]
[DT-GP] iter= 23 | dt_loss=0.00062  target_RTG=1.4025  floor=1.4025(active=1)
[DT-GP] iter= 24 | zero_steps=100.0%  mean_RTG=0.0000±0.0000  max_RTG=0.0000  avg_len=1.0  min_len=1  ls=[0.3387, 0.3387, 0.3387, 0.3387, 9.7788]
[DT-GP] iter= 24 | dt_loss=0.000924  target_RTG=1.4025  floor=1.4025(active=1)
[DT-GP] iter= 25 | zero_steps=88.2%  mean_RTG=0.1687±0.6337  max_RTG=2.8201  avg_len=1.1  min_len=1  ls=[0.3335, 0.3335, 0.3335, 0.3335, 9.7757]
[DT-GP] iter= 25 | dt_loss=0.000835  target_RTG=2.8201  floor=1.4025(active=0)
[DT-GP] iter= 26 | zero_steps=93.8%  mean_RTG=0.0444±0.2388  max_RTG=1.3305  avg_len=1.1  min_len=1  ls=[0.3306, 0.3306, 0.3306, 0.3306, 9.7727]
[DT-GP] iter= 26 | dt_loss=0.001036  target_RTG=1.4025  floor=1.4025(active=1)
[DT-GP] iter= 27 | zero_steps=90.9%  mean_RTG=0.1151±0.6194  max_RTG=3.4506  avg_len=1.1  min_len=1  ls=[0.3282, 0.3282, 0.3282, 0.3282, 9.7698]
[DT-GP] iter= 27 | dt_loss=0.071149  target_RTG=3.4506  floor=1.4025(active=0)
[DT-GP] iter= 28 | zero_steps=88.2%  mean_RTG=0.1566±0.7161  max_RTG=3.9447  avg_len=1.1  min_len=1  ls=[0.3254, 0.3254, 0.3254, 0.3254, 9.767]
[DT-GP] iter= 28 | dt_loss=0.087253  target_RTG=3.9447  floor=1.4025(active=0)
[DT-GP] iter= 29 | zero_steps=93.8%  mean_RTG=0.1750±0.7506  max_RTG=4.0461  avg_len=1.1  min_len=1  ls=[0.327, 0.327, 0.327, 0.327, 9.7643]
[DT-GP] iter= 29 | dt_loss=0.000749  target_RTG=4.0461  floor=1.4025(active=0)
[DT-GP] iter= 30 | zero_steps=90.9%  mean_RTG=0.1764±0.9457  max_RTG=5.2693  avg_len=1.1  min_len=1  ls=[0.3231, 0.3231, 0.3231, 0.3231, 9.7616]
[DT-GP] iter= 30 | dt_loss=0.001098  target_RTG=5.2693  floor=1.4025(active=0)
final best = -0.0125
  [DT-GP-floor01] running... Using device: cpu, dtype: torch.float64
Set random seed: 2
Save directory set to: res
Sampling 10 initial points using 'sobol' method...
Initializing BoTorch GP ensemble...
[DT-GP] iter=  1 | zero_steps=93.8%  mean_RTG=0.0345±0.1512  max_RTG=0.8222  avg_len=1.1  min_len=1  ls=[0.1, 8.1516, 11.1753, 13.7764, 16.4106]
[DT-GP] iter=  1 | dt_loss=2.343867  target_RTG=0.8222  floor=0.0000(active=0)
[DT-GP] iter=  2 | zero_steps=96.8%  mean_RTG=0.0079±0.0425  max_RTG=0.2365  avg_len=1.0  min_len=1  ls=[2.5913, 6.0899, 12.2992, 15.4799, 18.4172]
[DT-GP] iter=  2 | dt_loss=0.006196  target_RTG=0.2365  floor=0.0822(active=0)
[DT-GP] iter=  3 | zero_steps=96.8%  mean_RTG=0.0188±0.1011  max_RTG=0.5630  avg_len=1.0  min_len=1  ls=[2.3603, 1.595, 9.6706, 13.1684, 16.3441]
[DT-GP] iter=  3 | dt_loss=0.006865  target_RTG=0.5630  floor=0.0822(active=0)
[DT-GP] iter=  4 | zero_steps=90.9%  mean_RTG=0.1230±0.4786  max_RTG=2.4922  avg_len=1.1  min_len=1  ls=[2.1109, 1.7712, 6.9156, 10.9044, 14.332]
[DT-GP] iter=  4 | dt_loss=0.00497  target_RTG=2.4922  floor=0.0822(active=0)
[DT-GP] iter=  5 | zero_steps=81.1%  mean_RTG=0.1849±0.5653  max_RTG=2.9382  avg_len=1.2  min_len=1  ls=[0.824, 2.0958, 3.1329, 8.1543, 12.0847]
[DT-GP] iter=  5 | dt_loss=0.113112  target_RTG=2.9382  floor=0.2492(active=0)
[DT-GP] iter=  6 | zero_steps=65.2%  mean_RTG=0.2368±0.5238  max_RTG=2.3015  avg_len=1.5  min_len=1  ls=[0.791, 0.7619, 1.1293, 5.1328, 10.3875]
[DT-GP] iter=  6 | dt_loss=0.098945  target_RTG=2.3015  floor=0.2938(active=0)
[DT-GP] iter=  7 | zero_steps=62.5%  mean_RTG=0.3320±0.6213  max_RTG=2.2959  avg_len=1.6  min_len=1  ls=[0.8207, 0.8197, 1.2734, 0.8842, 9.9592]
[DT-GP] iter=  7 | dt_loss=0.031208  target_RTG=2.2959  floor=0.2938(active=0)
[DT-GP] iter=  8 | zero_steps=85.7%  mean_RTG=0.0419±0.1127  max_RTG=0.4396  avg_len=1.2  min_len=1  ls=[0.811, 0.8117, 1.6232, 1.0677, 9.8967]
[DT-GP] iter=  8 | dt_loss=0.002092  target_RTG=0.4396  floor=0.2938(active=0)
[DT-GP] iter=  9 | zero_steps=73.2%  mean_RTG=0.4139±1.0614  max_RTG=5.6368  avg_len=1.4  min_len=1  ls=[0.7738, 0.7738, 1.8842, 1.1667, 9.8726]
[DT-GP] iter=  9 | dt_loss=0.00257  target_RTG=5.6368  floor=0.2938(active=0)
[DT-GP] iter= 10 | zero_steps=73.2%  mean_RTG=0.2371±0.6665  max_RTG=3.3268  avg_len=1.4  min_len=1  ls=[0.8062, 0.8063, 0.8311, 1.5743, 9.8572]
[DT-GP] iter= 10 | dt_loss=0.033087  target_RTG=3.3268  floor=0.5637(active=0)
[DT-GP] iter= 11 | zero_steps=76.9%  mean_RTG=0.1705±0.4605  max_RTG=2.2567  avg_len=1.3  min_len=1  ls=[0.7931, 0.7927, 0.7957, 1.86, 9.8458]
[DT-GP] iter= 11 | dt_loss=0.002409  target_RTG=2.2567  floor=0.5637(active=0)
[DT-GP] iter= 12 | zero_steps=69.8%  mean_RTG=0.0696±0.1054  max_RTG=0.3864  avg_len=1.4  min_len=1  ls=[0.7358, 0.736, 0.7318, 0.861, 9.8366]
[DT-GP] iter= 12 | dt_loss=0.028447  target_RTG=0.5637  floor=0.5637(active=1)
[DT-GP] iter= 13 | zero_steps=68.2%  mean_RTG=0.3448±1.4790  max_RTG=8.2522  avg_len=1.5  min_len=1  ls=[0.6824, 0.6824, 0.6825, 0.3787, 9.8288]
[DT-GP] iter= 13 | dt_loss=0.022896  target_RTG=8.2522  floor=0.5637(active=0)
[DT-GP] iter= 14 | zero_steps=40.8%  mean_RTG=0.1189±0.0712  max_RTG=0.2431  avg_len=2.4  min_len=1  ls=[0.3516, 0.3516, 0.3516, 0.3387, 9.8222]
[DT-GP] iter= 14 | dt_loss=0.011296  target_RTG=0.8252  floor=0.8252(active=1)
[DT-GP] iter= 15 | zero_steps=39.1%  mean_RTG=0.1343±0.0774  max_RTG=0.2150  avg_len=2.3  min_len=1  ls=[0.3389, 0.3389, 0.339, 0.3349, 9.8162]
[DT-GP] iter= 15 | dt_loss=0.006847  target_RTG=0.8252  floor=0.8252(active=1)
[DT-GP] iter= 16 | zero_steps=38.2%  mean_RTG=0.3638±0.8167  max_RTG=3.9605  avg_len=2.5  min_len=1  ls=[0.317, 0.317, 0.317, 0.3169, 9.8109]
[DT-GP] iter= 16 | dt_loss=0.011504  target_RTG=3.9605  floor=0.8252(active=0)
[DT-GP] iter= 17 | zero_steps=45.5%  mean_RTG=0.0885±0.1278  max_RTG=0.7452  avg_len=2.2  min_len=1  ls=[0.3066, 0.3066, 0.3066, 0.2897, 9.806]
[DT-GP] iter= 17 | dt_loss=0.015335  target_RTG=0.8252  floor=0.8252(active=1)
[DT-GP] iter= 18 | zero_steps=48.3%  mean_RTG=0.0380±0.0353  max_RTG=0.1036  avg_len=1.9  min_len=1  ls=[0.3648, 0.3648, 0.3648, 0.3598, 9.8014]
[DT-GP] iter= 18 | dt_loss=0.012297  target_RTG=0.8252  floor=0.8252(active=1)
[DT-GP] iter= 19 | zero_steps=44.4%  mean_RTG=0.3078±0.9929  max_RTG=4.5491  avg_len=2.1  min_len=1  ls=[0.3608, 0.3608, 0.3608, 0.3607, 9.7971]
[DT-GP] iter= 19 | dt_loss=0.009252  target_RTG=4.5491  floor=0.8252(active=0)
[DT-GP] iter= 20 | zero_steps=43.3%  mean_RTG=0.1683±0.6504  max_RTG=3.6646  avg_len=2.2  min_len=1  ls=[0.3523, 0.3523, 0.3523, 0.353, 9.7931]
[DT-GP] iter= 20 | dt_loss=0.011677  target_RTG=3.6646  floor=0.8252(active=0)
[DT-GP] iter= 21 | zero_steps=44.1%  mean_RTG=0.0410±0.0324  max_RTG=0.0897  avg_len=2.3  min_len=1  ls=[0.3556, 0.3556, 0.3556, 0.3549, 9.7893]
[DT-GP] iter= 21 | dt_loss=0.007628  target_RTG=0.8252  floor=0.8252(active=1)
[DT-GP] iter= 22 | zero_steps=43.9%  mean_RTG=0.2951±1.1019  max_RTG=6.1914  avg_len=2.2  min_len=1  ls=[0.291, 0.291, 0.291, 0.29, 9.7856]
[DT-GP] iter= 22 | dt_loss=0.013745  target_RTG=6.1914  floor=0.8252(active=0)
[DT-GP] iter= 23 | zero_steps=49.2%  mean_RTG=0.1151±0.2940  max_RTG=1.6802  avg_len=2.0  min_len=1  ls=[0.2865, 0.2865, 0.2865, 0.2859, 9.7822]
[DT-GP] iter= 23 | dt_loss=0.01027  target_RTG=1.6802  floor=0.8252(active=0)
[DT-GP] iter= 24 | zero_steps=44.6%  mean_RTG=0.1547±0.5003  max_RTG=2.8388  avg_len=2.2  min_len=1  ls=[0.2843, 0.2843, 0.2843, 0.2856, 9.7789]
[DT-GP] iter= 24 | dt_loss=0.01634  target_RTG=2.8388  floor=0.8252(active=0)
[DT-GP] iter= 25 | zero_steps=49.2%  mean_RTG=0.1674±0.6037  max_RTG=3.4113  avg_len=2.0  min_len=1  ls=[0.2847, 0.2847, 0.2847, 0.2846, 9.7756]
[DT-GP] iter= 25 | dt_loss=0.017329  target_RTG=3.4113  floor=0.8252(active=0)
[DT-GP] iter= 26 | zero_steps=42.6%  mean_RTG=0.2744±1.0005  max_RTG=5.5954  avg_len=2.3  min_len=1  ls=[0.2849, 0.2849, 0.2849, 0.2849, 9.7725]
[DT-GP] iter= 26 | dt_loss=0.013371  target_RTG=5.5954  floor=0.8252(active=0)
[DT-GP] iter= 27 | zero_steps=46.2%  mean_RTG=0.1019±0.2449  max_RTG=1.4011  avg_len=2.2  min_len=1  ls=[0.2861, 0.2861, 0.2861, 0.2861, 9.7696]
[DT-GP] iter= 27 | dt_loss=0.015776  target_RTG=1.4011  floor=0.8252(active=0)
[DT-GP] iter= 28 | zero_steps=41.4%  mean_RTG=0.1054±0.1193  max_RTG=0.5451  avg_len=2.3  min_len=1  ls=[0.2797, 0.2797, 0.2797, 0.2797, 9.7667]
[DT-GP] iter= 28 | dt_loss=0.014649  target_RTG=0.8252  floor=0.8252(active=1)
[DT-GP] iter= 29 | zero_steps=41.8%  mean_RTG=0.0703±0.0396  max_RTG=0.1107  avg_len=2.2  min_len=1  ls=[0.2769, 0.2769, 0.2769, 0.2769, 9.7639]
[DT-GP] iter= 29 | dt_loss=0.016259  target_RTG=0.8252  floor=0.8252(active=1)
[DT-GP] iter= 30 | zero_steps=40.3%  mean_RTG=0.1631±0.3574  max_RTG=1.8386  avg_len=2.4  min_len=1  ls=[0.2767, 0.2767, 0.2767, 0.2767, 9.7612]
[DT-GP] iter= 30 | dt_loss=0.012737  target_RTG=1.8386  floor=0.8252(active=0)
final best = -0.2106
  [DT-GT-dynamic] running... Using device: cpu, dtype: torch.float64
Set random seed: 2
Save directory set to: res
Sampling 10 initial points using 'sobol' method...
Initializing BoTorch GP ensemble...
[DT-GT] iter=  1 | zero_steps=81.1%  mean_RTG=0.0414±0.1164  max_RTG=0.4071  avg_len=1.2  min_len=1  ls=[0.1, 8.1516, 11.1753, 13.7764, 16.4106]
[DT-GT] iter=  1 | dt_loss=4.951286  target_RTG=0.4071
[DT-GT] iter=  2 | zero_steps=90.9%  mean_RTG=0.0394±0.1321  max_RTG=0.6490  avg_len=1.1  min_len=1  ls=[0.1, 10.7997, 13.8678, 16.5259, 19.2083]
[DT-GT] iter=  2 | dt_loss=0.047642  target_RTG=0.6490
[DT-GT] iter=  3 | zero_steps=78.9%  mean_RTG=0.1750±0.3244  max_RTG=1.0574  avg_len=1.3  min_len=1  ls=[1.6928, 8.3967, 11.9044, 14.9208, 17.9451]
[DT-GT] iter=  3 | dt_loss=0.081007  target_RTG=1.0574
[DT-GT] iter=  4 | zero_steps=96.8%  mean_RTG=0.0057±0.0307  max_RTG=0.1711  avg_len=1.0  min_len=1  ls=[2.5302, 4.6423, 9.193, 12.7518, 16.0937]
[DT-GT] iter=  4 | dt_loss=0.007555  target_RTG=0.1711
[DT-GT] iter=  5 | zero_steps=90.9%  mean_RTG=0.1532±0.5234  max_RTG=2.1668  avg_len=1.1  min_len=1  ls=[2.402, 1.5721, 6.2048, 10.5342, 14.3223]
[DT-GT] iter=  5 | dt_loss=0.00721  target_RTG=2.1668
[DT-GT] iter=  6 | zero_steps=100.0%  mean_RTG=0.0000±0.0000  max_RTG=0.0000  avg_len=1.0  min_len=1  ls=[2.3246, 1.8111, 2.4889, 8.494, 13.1618]
[DT-GT] iter=  6 | dt_loss=0.003555  target_RTG=0.0000
[DT-GT] iter=  7 | zero_steps=100.0%  mean_RTG=0.0000±0.0000  max_RTG=0.0000  avg_len=1.0  min_len=1  ls=[2.2438, 2.1102, 1.4267, 7.6197, 12.9634]
[DT-GT] iter=  7 | dt_loss=0.003506  target_RTG=0.0000
[DT-GT] iter=  8 | zero_steps=100.0%  mean_RTG=0.0000±0.0000  max_RTG=0.0000  avg_len=1.0  min_len=1  ls=[2.0915, 2.0966, 1.3712, 7.4377, 12.9439]
[DT-GT] iter=  8 | dt_loss=0.001866  target_RTG=0.0000
[DT-GT] iter=  9 | zero_steps=100.0%  mean_RTG=0.0000±0.0000  max_RTG=0.0000  avg_len=1.0  min_len=1  ls=[1.984, 1.9947, 1.6237, 7.356, 12.9371]
[DT-GT] iter=  9 | dt_loss=0.00229  target_RTG=0.0000
[DT-GT] iter= 10 | zero_steps=100.0%  mean_RTG=0.0000±0.0000  max_RTG=0.0000  avg_len=1.0  min_len=1  ls=[1.9012, 1.8943, 1.8819, 7.3021, 12.9331]
[DT-GT] iter= 10 | dt_loss=0.001698  target_RTG=0.0000
[DT-GT] iter= 11 | zero_steps=100.0%  mean_RTG=0.0000±0.0000  max_RTG=0.0000  avg_len=1.0  min_len=1  ls=[1.8215, 1.8175, 1.9562, 7.2608, 12.9302]
[DT-GT] iter= 11 | dt_loss=0.001102  target_RTG=0.0000
[DT-GT] iter= 12 | zero_steps=100.0%  mean_RTG=0.0000±0.0000  max_RTG=0.0000  avg_len=1.0  min_len=1  ls=[1.7381, 1.7278, 1.7664, 7.2262, 12.9279]
[DT-GT] iter= 12 | dt_loss=0.00123  target_RTG=0.0000
[DT-GT] iter= 13 | zero_steps=100.0%  mean_RTG=0.0000±0.0000  max_RTG=0.0000  avg_len=1.0  min_len=1  ls=[0.5559, 0.5566, 0.5526, 7.1961, 12.926]
[DT-GT] iter= 13 | dt_loss=0.00136  target_RTG=0.0000
[DT-GT] iter= 14 | zero_steps=100.0%  mean_RTG=0.0000±0.0000  max_RTG=0.0000  avg_len=1.0  min_len=1  ls=[0.5689, 0.5688, 0.5675, 7.169, 12.9243]
[DT-GT] iter= 14 | dt_loss=0.000883  target_RTG=0.0000
[DT-GT] iter= 15 | zero_steps=100.0%  mean_RTG=0.0000±0.0000  max_RTG=0.0000  avg_len=1.0  min_len=1  ls=[0.5326, 0.5328, 0.5312, 7.1442, 12.9228]
[DT-GT] iter= 15 | dt_loss=0.0011  target_RTG=0.0000
[DT-GT] iter= 16 | zero_steps=100.0%  mean_RTG=0.0000±0.0000  max_RTG=0.0000  avg_len=1.0  min_len=1  ls=[0.5226, 0.5226, 0.5225, 7.1211, 12.9214]
[DT-GT] iter= 16 | dt_loss=0.00079  target_RTG=0.0000
[DT-GT] iter= 17 | zero_steps=100.0%  mean_RTG=0.0000±0.0000  max_RTG=0.0000  avg_len=1.0  min_len=1  ls=[0.5325, 0.5326, 0.5325, 7.0993, 12.9202]
[DT-GT] iter= 17 | dt_loss=0.001119  target_RTG=0.0000
[DT-GT] iter= 18 | zero_steps=100.0%  mean_RTG=0.0000±0.0000  max_RTG=0.0000  avg_len=1.0  min_len=1  ls=[0.5298, 0.5299, 0.5297, 7.0786, 12.919]
[DT-GT] iter= 18 | dt_loss=0.000884  target_RTG=0.0000
[DT-GT] iter= 19 | zero_steps=100.0%  mean_RTG=0.0000±0.0000  max_RTG=0.0000  avg_len=1.0  min_len=1  ls=[0.5162, 0.516, 0.5166, 7.0588, 12.9179]
[DT-GT] iter= 19 | dt_loss=0.000707  target_RTG=0.0000
[DT-GT] iter= 20 | zero_steps=100.0%  mean_RTG=0.0000±0.0000  max_RTG=0.0000  avg_len=1.0  min_len=1  ls=[0.5223, 0.5225, 0.5218, 7.0398, 12.9169]
[DT-GT] iter= 20 | dt_loss=0.000997  target_RTG=0.0000
[DT-GT] iter= 21 | zero_steps=100.0%  mean_RTG=0.0000±0.0000  max_RTG=0.0000  avg_len=1.0  min_len=1  ls=[0.469, 0.4688, 0.4693, 7.0213, 12.9159]
[DT-GT] iter= 21 | dt_loss=0.000712  target_RTG=0.0000
[DT-GT] iter= 22 | zero_steps=100.0%  mean_RTG=0.0000±0.0000  max_RTG=0.0000  avg_len=1.0  min_len=1  ls=[0.4604, 0.4605, 0.4603, 7.0034, 12.915]
[DT-GT] iter= 22 | dt_loss=0.000887  target_RTG=0.0000
[DT-GT] iter= 23 | zero_steps=100.0%  mean_RTG=0.0000±0.0000  max_RTG=0.0000  avg_len=1.0  min_len=1  ls=[0.4541, 0.454, 0.4542, 6.986, 12.9141]
[DT-GT] iter= 23 | dt_loss=0.000979  target_RTG=0.0000
[DT-GT] iter= 24 | zero_steps=100.0%  mean_RTG=0.0000±0.0000  max_RTG=0.0000  avg_len=1.0  min_len=1  ls=[0.241, 0.241, 0.241, 6.9689, 12.9133]
[DT-GT] iter= 24 | dt_loss=0.000679  target_RTG=0.0000
[DT-GT] iter= 25 | zero_steps=100.0%  mean_RTG=0.0000±0.0000  max_RTG=0.0000  avg_len=1.0  min_len=1  ls=[0.2287, 0.2287, 0.2287, 6.9523, 12.9124]
[DT-GT] iter= 25 | dt_loss=0.000737  target_RTG=0.0000
[DT-GT] iter= 26 | zero_steps=100.0%  mean_RTG=0.0000±0.0000  max_RTG=0.0000  avg_len=1.0  min_len=1  ls=[0.2242, 0.2242, 0.2242, 6.9359, 12.9117]
[DT-GT] iter= 26 | dt_loss=0.000535  target_RTG=0.0000
[DT-GT] iter= 27 | zero_steps=100.0%  mean_RTG=0.0000±0.0000  max_RTG=0.0000  avg_len=1.0  min_len=1  ls=[0.2211, 0.2211, 0.2211, 6.9197, 12.9109]
[DT-GT] iter= 27 | dt_loss=0.000554  target_RTG=0.0000
[DT-GT] iter= 28 | zero_steps=100.0%  mean_RTG=0.0000±0.0000  max_RTG=0.0000  avg_len=1.0  min_len=1  ls=[0.2206, 0.2206, 0.2206, 6.9038, 12.9102]
[DT-GT] iter= 28 | dt_loss=0.000587  target_RTG=0.0000
[DT-GT] iter= 29 | zero_steps=100.0%  mean_RTG=0.0000±0.0000  max_RTG=0.0000  avg_len=1.0  min_len=1  ls=[0.2174, 0.2174, 0.2174, 6.8882, 12.9095]
[DT-GT] iter= 29 | dt_loss=0.000571  target_RTG=0.0000
[DT-GT] iter= 30 | zero_steps=100.0%  mean_RTG=0.0000±0.0000  max_RTG=0.0000  avg_len=1.0  min_len=1  ls=[0.2162, 0.2162, 0.2162, 6.8727, 12.9088]
[DT-GT] iter= 30 | dt_loss=0.0006  target_RTG=0.0000
final best = -0.0046
  [ckpt] 3/10 saved → res/floored_rtg_dtgp_ackley/floored_rtg_dtgp.ckpt.json

── Trial 4/10  (seed=3) ────────────────────────────────────────
  [DT-GP-floor05] running... Using device: cpu, dtype: torch.float64
Set random seed: 3
Save directory set to: res
Sampling 10 initial points using 'sobol' method...
Initializing BoTorch GP ensemble...
[DT-GP] iter=  1 | zero_steps=85.7%  mean_RTG=0.2479±0.7183  max_RTG=3.4332  avg_len=1.2  min_len=1  ls=[6.2156, 8.4228, 11.2953, 14.2003, 17.0063]
[DT-GP] iter=  1 | dt_loss=0.003362  target_RTG=3.4332  floor=0.0000(active=0)
[DT-GP] iter=  2 | zero_steps=100.0%  mean_RTG=0.0000±0.0000  max_RTG=0.0000  avg_len=1.0  min_len=1  ls=[9.3537, 11.7554, 14.4929, 17.4513, 20.3068]
[DT-GP] iter=  2 | dt_loss=0.425855  target_RTG=1.7166  floor=1.7166(active=1)
[DT-GP] iter=  3 | zero_steps=100.0%  mean_RTG=0.0000±0.0000  max_RTG=0.0000  avg_len=1.0  min_len=1  ls=[4.8385, 6.893, 9.6254, 17.0111, 21.1621]
[DT-GP] iter=  3 | dt_loss=0.072416  target_RTG=1.7166  floor=1.7166(active=1)
[DT-GP] iter=  4 | zero_steps=100.0%  mean_RTG=0.0000±0.0000  max_RTG=0.0000  avg_len=1.0  min_len=1  ls=[2.4477, 3.4062, 7.0544, 15.4048, 19.7427]
[DT-GP] iter=  4 | dt_loss=0.027186  target_RTG=1.7166  floor=1.7166(active=1)
[DT-GP] iter=  5 | zero_steps=100.0%  mean_RTG=0.0000±0.0000  max_RTG=0.0000  avg_len=1.0  min_len=1  ls=[2.1635, 1.9936, 2.3411, 13.3979, 18.0624]
[DT-GP] iter=  5 | dt_loss=0.021064  target_RTG=1.7166  floor=1.7166(active=1)
[DT-GP] iter=  6 | zero_steps=88.2%  mean_RTG=0.1372±0.4721  max_RTG=2.3859  avg_len=1.1  min_len=1  ls=[1.6081, 1.918, 1.7593, 11.6142, 16.8275]
[DT-GP] iter=  6 | dt_loss=0.108121  target_RTG=2.3859  floor=1.7166(active=0)
[DT-GP] iter=  7 | zero_steps=81.1%  mean_RTG=0.1040±0.2822  max_RTG=1.0003  avg_len=1.2  min_len=1  ls=[1.5916, 1.8183, 1.8314, 11.0298, 16.6708]
[DT-GP] iter=  7 | dt_loss=0.121067  target_RTG=1.7166  floor=1.7166(active=1)
[DT-GP] iter=  8 | zero_steps=63.8%  mean_RTG=0.8076±1.3667  max_RTG=5.4805  avg_len=1.6  min_len=1  ls=[1.4864, 1.4923, 1.9686, 10.9597, 16.658]
[DT-GP] iter=  8 | dt_loss=0.088448  target_RTG=5.4805  floor=1.7166(active=0)
[DT-GP] iter=  9 | zero_steps=75.0%  mean_RTG=0.3186±0.5849  max_RTG=2.0743  avg_len=1.3  min_len=1  ls=[1.5822, 1.5829, 1.5532, 10.9395, 16.6547]
[DT-GP] iter=  9 | dt_loss=0.081768  target_RTG=2.7403  floor=2.7403(active=1)
[DT-GP] iter= 10 | zero_steps=93.8%  mean_RTG=0.0281±0.1144  max_RTG=0.5960  avg_len=1.1  min_len=1  ls=[1.9751, 1.9706, 1.5122, 10.9272, 16.6529]
[DT-GP] iter= 10 | dt_loss=0.009095  target_RTG=2.7403  floor=2.7403(active=1)
[DT-GP] iter= 11 | zero_steps=96.8%  mean_RTG=0.0383±0.2063  max_RTG=1.1492  avg_len=1.0  min_len=1  ls=[1.9199, 1.921, 1.9345, 10.9178, 16.6514]
[DT-GP] iter= 11 | dt_loss=0.006625  target_RTG=2.7403  floor=2.7403(active=1)
[DT-GP] iter= 12 | zero_steps=75.0%  mean_RTG=0.3029±0.6221  max_RTG=2.6665  avg_len=1.3  min_len=1  ls=[1.8842, 1.8841, 1.8866, 10.9103, 16.6503]
[DT-GP] iter= 12 | dt_loss=0.078151  target_RTG=2.7403  floor=2.7403(active=1)
[DT-GP] iter= 13 | zero_steps=96.8%  mean_RTG=0.0045±0.0242  max_RTG=0.1347  avg_len=1.0  min_len=1  ls=[1.8465, 1.8475, 1.8456, 10.9038, 16.6494]
[DT-GP] iter= 13 | dt_loss=0.001807  target_RTG=2.7403  floor=2.7403(active=1)
[DT-GP] iter= 14 | zero_steps=96.8%  mean_RTG=0.0194±0.1043  max_RTG=0.5812  avg_len=1.0  min_len=1  ls=[1.7859, 1.7852, 1.788, 10.898, 16.6485]
[DT-GP] iter= 14 | dt_loss=0.001612  target_RTG=2.7403  floor=2.7403(active=1)
[DT-GP] iter= 15 | zero_steps=93.8%  mean_RTG=0.1792±0.7230  max_RTG=3.7355  avg_len=1.1  min_len=1  ls=[0.5414, 0.5415, 0.5414, 10.8928, 16.6478]
[DT-GP] iter= 15 | dt_loss=0.002519  target_RTG=3.7355  floor=2.7403(active=0)
[DT-GP] iter= 16 | zero_steps=93.8%  mean_RTG=0.0548±0.2916  max_RTG=1.6248  avg_len=1.1  min_len=1  ls=[0.5401, 0.5402, 0.5398, 10.8881, 16.6471]
[DT-GP] iter= 16 | dt_loss=0.002874  target_RTG=2.7403  floor=2.7403(active=1)
[DT-GP] iter= 17 | zero_steps=90.9%  mean_RTG=0.4771±1.4707  max_RTG=6.2162  avg_len=1.1  min_len=1  ls=[0.5288, 0.5287, 0.5293, 10.8837, 16.6465]
[DT-GP] iter= 17 | dt_loss=0.002598  target_RTG=6.2162  floor=2.7403(active=0)
[DT-GP] iter= 18 | zero_steps=100.0%  mean_RTG=0.0000±0.0000  max_RTG=0.0000  avg_len=1.0  min_len=1  ls=[0.5183, 0.5185, 0.5184, 10.8795, 16.6459]
[DT-GP] iter= 18 | dt_loss=0.001495  target_RTG=3.1081  floor=3.1081(active=1)
[DT-GP] iter= 19 | zero_steps=96.8%  mean_RTG=0.0154±0.0827  max_RTG=0.4608  avg_len=1.0  min_len=1  ls=[0.5094, 0.5096, 0.5094, 10.8757, 16.6453]
[DT-GP] iter= 19 | dt_loss=0.00173  target_RTG=3.1081  floor=3.1081(active=1)
[DT-GP] iter= 20 | zero_steps=96.8%  mean_RTG=0.0118±0.0634  max_RTG=0.3531  avg_len=1.0  min_len=1  ls=[0.4962, 0.496, 0.4962, 10.872, 16.6448]
[DT-GP] iter= 20 | dt_loss=0.001008  target_RTG=3.1081  floor=3.1081(active=1)
[DT-GP] iter= 21 | zero_steps=81.1%  mean_RTG=0.0031±0.0068  max_RTG=0.0293  avg_len=1.2  min_len=1  ls=[0.2799, 0.2799, 0.2799, 10.8686, 16.6443]
[DT-GP] iter= 21 | dt_loss=0.002214  target_RTG=3.1081  floor=3.1081(active=1)
[DT-GP] iter= 22 | zero_steps=88.2%  mean_RTG=0.1662±0.7083  max_RTG=3.8840  avg_len=1.1  min_len=1  ls=[0.2637, 0.2637, 0.2637, 10.8652, 16.6438]
[DT-GP] iter= 22 | dt_loss=0.001512  target_RTG=3.8840  floor=3.1081(active=0)
[DT-GP] iter= 23 | zero_steps=88.2%  mean_RTG=0.2325±1.1028  max_RTG=6.1175  avg_len=1.1  min_len=1  ls=[0.2609, 0.2609, 0.2609, 10.8621, 16.6434]
[DT-GP] iter= 23 | dt_loss=0.00106  target_RTG=6.1175  floor=3.1081(active=0)
[DT-GP] iter= 24 | zero_steps=81.1%  mean_RTG=0.4768±1.5313  max_RTG=7.4607  avg_len=1.2  min_len=1  ls=[0.261, 0.261, 0.261, 10.859, 16.643]
[DT-GP] iter= 24 | dt_loss=0.0392  target_RTG=7.4607  floor=3.1081(active=0)
[DT-GP] iter= 25 | zero_steps=88.2%  mean_RTG=0.4028±1.3119  max_RTG=6.3038  avg_len=1.1  min_len=1  ls=[0.2675, 0.2675, 0.2675, 10.856, 16.6426]
[DT-GP] iter= 25 | dt_loss=0.001138  target_RTG=6.3038  floor=3.7303(active=0)
[DT-GP] iter= 26 | zero_steps=90.9%  mean_RTG=0.1781±0.7904  max_RTG=4.3226  avg_len=1.1  min_len=1  ls=[0.266, 0.266, 0.266, 10.8531, 16.6422]
[DT-GP] iter= 26 | dt_loss=0.001232  target_RTG=4.3226  floor=3.7303(active=0)
[DT-GP] iter= 27 | zero_steps=81.1%  mean_RTG=0.3416±0.9467  max_RTG=4.7644  avg_len=1.2  min_len=1  ls=[0.2658, 0.2658, 0.2658, 10.8503, 16.6418]
[DT-GP] iter= 27 | dt_loss=0.047936  target_RTG=4.7644  floor=3.7303(active=0)
[DT-GP] iter= 28 | zero_steps=81.1%  mean_RTG=0.0379±0.1941  max_RTG=1.0829  avg_len=1.2  min_len=1  ls=[0.2731, 0.2731, 0.2731, 10.8476, 16.6414]
[DT-GP] iter= 28 | dt_loss=0.001305  target_RTG=3.7303  floor=3.7303(active=1)
[DT-GP] iter= 29 | zero_steps=81.1%  mean_RTG=0.1146±0.4678  max_RTG=2.4767  avg_len=1.2  min_len=1  ls=[0.2734, 0.2734, 0.2734, 10.8449, 16.641]
[DT-GP] iter= 29 | dt_loss=0.001557  target_RTG=3.7303  floor=3.7303(active=1)
[DT-GP] iter= 30 | zero_steps=78.9%  mean_RTG=0.0352±0.1773  max_RTG=0.9895  avg_len=1.3  min_len=1  ls=[0.274, 0.274, 0.274, 10.8423, 16.6407]
[DT-GP] iter= 30 | dt_loss=0.041391  target_RTG=3.7303  floor=3.7303(active=1)
final best = -0.0879
  [DT-GP-floor02] running... Using device: cpu, dtype: torch.float64
Set random seed: 3
Save directory set to: res
Sampling 10 initial points using 'sobol' method...
Initializing BoTorch GP ensemble...
[DT-GP] iter=  1 | zero_steps=85.7%  mean_RTG=0.2479±0.7183  max_RTG=3.4332  avg_len=1.2  min_len=1  ls=[6.2156, 8.4228, 11.2953, 14.2003, 17.0063]
[DT-GP] iter=  1 | dt_loss=0.003362  target_RTG=3.4332  floor=0.0000(active=0)
[DT-GP] iter=  2 | zero_steps=100.0%  mean_RTG=0.0000±0.0000  max_RTG=0.0000  avg_len=1.0  min_len=1  ls=[9.3537, 11.7554, 14.4929, 17.4513, 20.3068]
[DT-GP] iter=  2 | dt_loss=0.425855  target_RTG=0.6866  floor=0.6866(active=1)
[DT-GP] iter=  3 | zero_steps=100.0%  mean_RTG=0.0000±0.0000  max_RTG=0.0000  avg_len=1.0  min_len=1  ls=[4.8465, 6.9065, 9.6297, 16.9562, 21.1416]
[DT-GP] iter=  3 | dt_loss=0.087942  target_RTG=0.6866  floor=0.6866(active=1)
[DT-GP] iter=  4 | zero_steps=100.0%  mean_RTG=0.0000±0.0000  max_RTG=0.0000  avg_len=1.0  min_len=1  ls=[2.4049, 3.1708, 6.9408, 15.2994, 19.6853]
[DT-GP] iter=  4 | dt_loss=0.025356  target_RTG=0.6866  floor=0.6866(active=1)
[DT-GP] iter=  5 | zero_steps=100.0%  mean_RTG=0.0000±0.0000  max_RTG=0.0000  avg_len=1.0  min_len=1  ls=[2.154, 1.9802, 2.2675, 13.332, 18.0403]
[DT-GP] iter=  5 | dt_loss=0.017634  target_RTG=0.6866  floor=0.6866(active=1)
[DT-GP] iter=  6 | zero_steps=88.2%  mean_RTG=0.1291±0.4487  max_RTG=2.2856  avg_len=1.1  min_len=1  ls=[1.655, 1.948, 1.7528, 11.5234, 16.806]
[DT-GP] iter=  6 | dt_loss=0.158472  target_RTG=2.2856  floor=0.6866(active=0)
[DT-GP] iter=  7 | zero_steps=78.9%  mean_RTG=0.2468±0.6444  max_RTG=2.2670  avg_len=1.3  min_len=1  ls=[1.3703, 1.7833, 1.8887, 10.9263, 16.655]
[DT-GP] iter=  7 | dt_loss=0.148233  target_RTG=2.2670  floor=0.6866(active=0)
[DT-GP] iter=  8 | zero_steps=88.2%  mean_RTG=0.4136±1.7045  max_RTG=9.3301  avg_len=1.1  min_len=1  ls=[1.783, 1.7598, 2.0613, 10.8543, 16.6427]
[DT-GP] iter=  8 | dt_loss=0.010016  target_RTG=9.3301  floor=0.6866(active=0)
[DT-GP] iter=  9 | zero_steps=75.0%  mean_RTG=0.2450±0.5095  max_RTG=1.9274  avg_len=1.3  min_len=1  ls=[1.7176, 1.7276, 1.7375, 10.8321, 16.6393]
[DT-GP] iter=  9 | dt_loss=0.104397  target_RTG=1.9274  floor=1.8660(active=0)
[DT-GP] iter= 10 | zero_steps=96.8%  mean_RTG=0.0080±0.0432  max_RTG=0.2409  avg_len=1.0  min_len=1  ls=[2.0576, 2.0567, 2.0542, 10.8186, 16.6374]
[DT-GP] iter= 10 | dt_loss=0.005591  target_RTG=1.8660  floor=1.8660(active=1)
[DT-GP] iter= 11 | zero_steps=100.0%  mean_RTG=0.0000±0.0000  max_RTG=0.0000  avg_len=1.0  min_len=1  ls=[2.0339, 2.0339, 2.0334, 10.8083, 16.6359]
[DT-GP] iter= 11 | dt_loss=0.004467  target_RTG=1.8660  floor=1.8660(active=1)
[DT-GP] iter= 12 | zero_steps=85.7%  mean_RTG=0.3526±1.1416  max_RTG=4.8749  avg_len=1.2  min_len=1  ls=[1.9736, 1.9731, 1.9725, 10.8003, 16.6347]
[DT-GP] iter= 12 | dt_loss=0.070276  target_RTG=4.8749  floor=1.8660(active=0)
[DT-GP] iter= 13 | zero_steps=96.8%  mean_RTG=0.0114±0.0616  max_RTG=0.3434  avg_len=1.0  min_len=1  ls=[1.8761, 1.8757, 1.8744, 10.7935, 16.6338]
[DT-GP] iter= 13 | dt_loss=0.002231  target_RTG=1.8660  floor=1.8660(active=1)
[DT-GP] iter= 14 | zero_steps=81.1%  mean_RTG=0.1997±0.5688  max_RTG=2.7528  avg_len=1.2  min_len=1  ls=[1.7663, 1.7661, 1.7659, 10.7874, 16.6329]
[DT-GP] iter= 14 | dt_loss=0.091255  target_RTG=2.7528  floor=1.8660(active=0)
[DT-GP] iter= 15 | zero_steps=93.8%  mean_RTG=0.0350±0.1746  max_RTG=0.9725  avg_len=1.1  min_len=1  ls=[2.0321, 2.0319, 2.0332, 10.782, 16.6322]
[DT-GP] iter= 15 | dt_loss=0.002226  target_RTG=1.8660  floor=1.8660(active=1)
[DT-GP] iter= 16 | zero_steps=88.2%  mean_RTG=0.2752±1.0808  max_RTG=5.8531  avg_len=1.1  min_len=1  ls=[1.9914, 1.9913, 1.9886, 10.777, 16.6315]
[DT-GP] iter= 16 | dt_loss=0.079863  target_RTG=5.8531  floor=1.8660(active=0)
[DT-GP] iter= 17 | zero_steps=93.8%  mean_RTG=0.1949±1.0456  max_RTG=5.8255  avg_len=1.1  min_len=1  ls=[2.0711, 2.0711, 2.0715, 10.7724, 16.6309]
[DT-GP] iter= 17 | dt_loss=0.002453  target_RTG=5.8255  floor=1.8660(active=0)
[DT-GP] iter= 18 | zero_steps=85.7%  mean_RTG=0.0765±0.2767  max_RTG=1.1955  avg_len=1.2  min_len=1  ls=[2.0355, 2.0356, 2.0364, 10.7681, 16.6303]
[DT-GP] iter= 18 | dt_loss=0.10041  target_RTG=1.8660  floor=1.8660(active=1)
[DT-GP] iter= 19 | zero_steps=93.8%  mean_RTG=0.0411±0.2182  max_RTG=1.2161  avg_len=1.1  min_len=1  ls=[1.9367, 1.9367, 1.9369, 10.7639, 16.6298]
[DT-GP] iter= 19 | dt_loss=0.002212  target_RTG=1.8660  floor=1.8660(active=1)
[DT-GP] iter= 20 | zero_steps=96.8%  mean_RTG=0.0350±0.1885  max_RTG=1.0503  avg_len=1.0  min_len=1  ls=[0.4527, 0.4527, 0.4527, 10.76, 16.6292]
[DT-GP] iter= 20 | dt_loss=0.001414  target_RTG=1.8660  floor=1.8660(active=1)
[DT-GP] iter= 21 | zero_steps=93.8%  mean_RTG=0.1114±0.5940  max_RTG=3.3099  avg_len=1.1  min_len=1  ls=[0.4614, 0.4614, 0.4614, 10.7562, 16.6287]
[DT-GP] iter= 21 | dt_loss=0.002094  target_RTG=3.3099  floor=1.8660(active=0)
[DT-GP] iter= 22 | zero_steps=93.8%  mean_RTG=0.1487±0.7778  max_RTG=4.3354  avg_len=1.1  min_len=1  ls=[0.4552, 0.4552, 0.4552, 10.7527, 16.6283]
[DT-GP] iter= 22 | dt_loss=0.001612  target_RTG=4.3354  floor=1.8660(active=0)
[DT-GP] iter= 23 | zero_steps=85.7%  mean_RTG=0.1933±0.9944  max_RTG=5.5459  avg_len=1.2  min_len=1  ls=[0.4517, 0.4517, 0.4517, 10.7493, 16.6278]
[DT-GP] iter= 23 | dt_loss=0.001343  target_RTG=5.5459  floor=1.8660(active=0)
[DT-GP] iter= 24 | zero_steps=88.2%  mean_RTG=0.0842±0.3962  max_RTG=2.2036  avg_len=1.1  min_len=1  ls=[0.437, 0.437, 0.437, 10.746, 16.6274]
[DT-GP] iter= 24 | dt_loss=0.00123  target_RTG=2.2036  floor=1.8660(active=0)
[DT-GP] iter= 25 | zero_steps=65.2%  mean_RTG=0.5580±1.4932  max_RTG=5.8386  avg_len=1.5  min_len=1  ls=[0.2716, 0.2716, 0.2716, 10.7429, 16.6269]
[DT-GP] iter= 25 | dt_loss=0.026431  target_RTG=5.8386  floor=1.8660(active=0)
[DT-GP] iter= 26 | zero_steps=55.6%  mean_RTG=0.2805±0.9946  max_RTG=5.3951  avg_len=1.8  min_len=1  ls=[0.2516, 0.2516, 0.2516, 10.7398, 16.6265]
[DT-GP] iter= 26 | dt_loss=0.021588  target_RTG=5.3952  floor=1.8660(active=0)
[DT-GP] iter= 27 | zero_steps=54.5%  mean_RTG=0.0608±0.1256  max_RTG=0.6871  avg_len=1.8  min_len=1  ls=[0.2567, 0.2567, 0.2567, 10.7368, 16.6261]
[DT-GP] iter= 27 | dt_loss=0.026319  target_RTG=1.8660  floor=1.8660(active=1)
[DT-GP] iter= 28 | zero_steps=53.6%  mean_RTG=0.1688±0.6980  max_RTG=3.9207  avg_len=1.9  min_len=1  ls=[0.2536, 0.2536, 0.2536, 10.7339, 16.6258]
[DT-GP] iter= 28 | dt_loss=0.019366  target_RTG=3.9207  floor=1.8660(active=0)
[DT-GP] iter= 29 | zero_steps=49.2%  mean_RTG=0.4270±1.3904  max_RTG=6.0643  avg_len=2.0  min_len=1  ls=[0.2593, 0.2593, 0.2593, 10.7312, 16.6254]
[DT-GP] iter= 29 | dt_loss=0.021351  target_RTG=6.0643  floor=1.8660(active=0)
[DT-GP] iter= 30 | zero_steps=61.2%  mean_RTG=0.1199±0.5253  max_RTG=2.9448  avg_len=1.6  min_len=1  ls=[0.2582, 0.2582, 0.2582, 10.7284, 16.625]
[DT-GP] iter= 30 | dt_loss=0.0331  target_RTG=2.9448  floor=1.8660(active=0)
final best = -0.0702
  [DT-GP-floor01] running... Using device: cpu, dtype: torch.float64
Set random seed: 3
Save directory set to: res
Sampling 10 initial points using 'sobol' method...
Initializing BoTorch GP ensemble...
[DT-GP] iter=  1 | zero_steps=85.7%  mean_RTG=0.2479±0.7183  max_RTG=3.4332  avg_len=1.2  min_len=1  ls=[6.2156, 8.4228, 11.2953, 14.2003, 17.0063]
[DT-GP] iter=  1 | dt_loss=0.003362  target_RTG=3.4332  floor=0.0000(active=0)
[DT-GP] iter=  2 | zero_steps=100.0%  mean_RTG=0.0000±0.0000  max_RTG=0.0000  avg_len=1.0  min_len=1  ls=[9.3537, 11.7554, 14.4929, 17.4513, 20.3068]
[DT-GP] iter=  2 | dt_loss=0.425855  target_RTG=0.3433  floor=0.3433(active=1)
[DT-GP] iter=  3 | zero_steps=100.0%  mean_RTG=0.0000±0.0000  max_RTG=0.0000  avg_len=1.0  min_len=1  ls=[4.8479, 6.9086, 9.6302, 16.9488, 21.1386]
[DT-GP] iter=  3 | dt_loss=0.091169  target_RTG=0.3433  floor=0.3433(active=1)
[DT-GP] iter=  4 | zero_steps=100.0%  mean_RTG=0.0000±0.0000  max_RTG=0.0000  avg_len=1.0  min_len=1  ls=[2.4046, 3.1647, 6.9368, 15.2931, 19.6845]
[DT-GP] iter=  4 | dt_loss=0.025101  target_RTG=0.3433  floor=0.3433(active=1)
[DT-GP] iter=  5 | zero_steps=100.0%  mean_RTG=0.0000±0.0000  max_RTG=0.0000  avg_len=1.0  min_len=1  ls=[2.1527, 1.9801, 2.2499, 13.3244, 18.0401]
[DT-GP] iter=  5 | dt_loss=0.019073  target_RTG=0.3433  floor=0.3433(active=1)
[DT-GP] iter=  6 | zero_steps=88.2%  mean_RTG=0.1398±0.4765  max_RTG=2.3911  avg_len=1.1  min_len=1  ls=[1.6705, 1.9645, 1.7669, 11.5126, 16.8177]
[DT-GP] iter=  6 | dt_loss=0.164009  target_RTG=2.3911  floor=0.3433(active=0)
[DT-GP] iter=  7 | zero_steps=78.9%  mean_RTG=0.2830±0.7455  max_RTG=2.6269  avg_len=1.3  min_len=1  ls=[1.2109, 1.88, 1.9135, 10.9139, 16.6681]
[DT-GP] iter=  7 | dt_loss=0.144162  target_RTG=2.6269  floor=0.3433(active=0)
[DT-GP] iter=  8 | zero_steps=85.7%  mean_RTG=0.4199±1.6984  max_RTG=9.3177  avg_len=1.2  min_len=1  ls=[0.6578, 1.8527, 2.11, 10.841, 16.6558]
[DT-GP] iter=  8 | dt_loss=0.009768  target_RTG=9.3177  floor=0.3433(active=0)
[DT-GP] iter=  9 | zero_steps=71.4%  mean_RTG=0.2866±0.5246  max_RTG=1.9244  avg_len=1.4  min_len=1  ls=[1.7535, 1.7744, 1.7952, 10.8182, 16.6523]
[DT-GP] iter=  9 | dt_loss=0.097698  target_RTG=1.9244  floor=0.9318(active=0)
[DT-GP] iter= 10 | zero_steps=83.3%  mean_RTG=0.0743±0.1872  max_RTG=0.6532  avg_len=1.2  min_len=1  ls=[1.829, 1.8273, 1.8298, 10.8043, 16.6503]
[DT-GP] iter= 10 | dt_loss=0.003595  target_RTG=0.9318  floor=0.9318(active=1)
[DT-GP] iter= 11 | zero_steps=93.8%  mean_RTG=0.0032±0.0160  max_RTG=0.0891  avg_len=1.1  min_len=1  ls=[1.8079, 1.8025, 1.8049, 10.7941, 16.6489]
[DT-GP] iter= 11 | dt_loss=0.003456  target_RTG=0.9318  floor=0.9318(active=1)
[DT-GP] iter= 12 | zero_steps=75.0%  mean_RTG=0.3385±0.6645  max_RTG=2.8368  avg_len=1.3  min_len=1  ls=[1.7742, 1.7763, 1.7759, 10.786, 16.6477]
[DT-GP] iter= 12 | dt_loss=0.075744  target_RTG=2.8368  floor=0.9318(active=0)
[DT-GP] iter= 13 | zero_steps=93.8%  mean_RTG=0.0225±0.0859  max_RTG=0.4025  avg_len=1.1  min_len=1  ls=[1.8834, 1.8837, 1.8836, 10.7792, 16.6468]
[DT-GP] iter= 13 | dt_loss=0.003718  target_RTG=0.9318  floor=0.9318(active=1)
[DT-GP] iter= 14 | zero_steps=96.8%  mean_RTG=0.0191±0.1029  max_RTG=0.5735  avg_len=1.0  min_len=1  ls=[1.8612, 1.8618, 1.8617, 10.7732, 16.646]
[DT-GP] iter= 14 | dt_loss=0.002799  target_RTG=0.9318  floor=0.9318(active=1)
[DT-GP] iter= 15 | zero_steps=90.9%  mean_RTG=0.2185±0.8059  max_RTG=4.0897  avg_len=1.1  min_len=1  ls=[1.8317, 1.8319, 1.8319, 10.7678, 16.6452]
[DT-GP] iter= 15 | dt_loss=0.002433  target_RTG=4.0897  floor=0.9318(active=0)
[DT-GP] iter= 16 | zero_steps=85.7%  mean_RTG=0.1140±0.3897  max_RTG=1.9890  avg_len=1.2  min_len=1  ls=[1.7963, 1.7964, 1.7963, 10.7628, 16.6445]
[DT-GP] iter= 16 | dt_loss=0.092887  target_RTG=1.9890  floor=0.9318(active=0)
[DT-GP] iter= 17 | zero_steps=88.2%  mean_RTG=0.3220±1.0705  max_RTG=4.6188  avg_len=1.1  min_len=1  ls=[1.9464, 1.9463, 1.9463, 10.7582, 16.6439]
[DT-GP] iter= 17 | dt_loss=0.002854  target_RTG=4.6188  floor=0.9318(active=0)
[DT-GP] iter= 18 | zero_steps=90.9%  mean_RTG=0.2306±1.1710  max_RTG=6.5310  avg_len=1.1  min_len=1  ls=[1.9045, 1.9045, 1.9045, 10.7538, 16.6433]
[DT-GP] iter= 18 | dt_loss=0.002485  target_RTG=6.5310  floor=0.9318(active=0)
[DT-GP] iter= 19 | zero_steps=88.2%  mean_RTG=0.0370±0.1352  max_RTG=0.6781  avg_len=1.1  min_len=1  ls=[1.8361, 1.8361, 1.8361, 10.7498, 16.6428]
[DT-GP] iter= 19 | dt_loss=0.002109  target_RTG=0.9318  floor=0.9318(active=1)
[DT-GP] iter= 20 | zero_steps=88.2%  mean_RTG=0.1917±0.8950  max_RTG=4.9636  avg_len=1.1  min_len=1  ls=[0.4814, 0.4814, 0.4814, 10.7459, 16.6423]
[DT-GP] iter= 20 | dt_loss=0.00112  target_RTG=4.9636  floor=0.9318(active=0)
[DT-GP] iter= 21 | zero_steps=46.0%  mean_RTG=0.1322±0.1110  max_RTG=0.2867  avg_len=2.1  min_len=1  ls=[0.317, 0.317, 0.317, 10.7423, 16.6418]
[DT-GP] iter= 21 | dt_loss=0.013178  target_RTG=0.9318  floor=0.9318(active=1)
[DT-GP] iter= 22 | zero_steps=40.5%  mean_RTG=0.3925±0.9126  max_RTG=4.7971  avg_len=2.5  min_len=1  ls=[0.296, 0.296, 0.296, 10.7387, 16.6413]
[DT-GP] iter= 22 | dt_loss=0.01903  target_RTG=4.7971  floor=0.9318(active=0)
[DT-GP] iter= 23 | zero_steps=43.3%  mean_RTG=0.2521±0.5100  max_RTG=2.8684  avg_len=2.2  min_len=1  ls=[0.2987, 0.2987, 0.2987, 10.7353, 16.6409]
[DT-GP] iter= 23 | dt_loss=0.019133  target_RTG=2.8684  floor=0.9318(active=0)
[DT-GP] iter= 24 | zero_steps=54.5%  mean_RTG=0.0440±0.0440  max_RTG=0.1286  avg_len=1.8  min_len=1  ls=[0.2999, 0.2999, 0.2999, 10.732, 16.6405]
[DT-GP] iter= 24 | dt_loss=0.034798  target_RTG=0.9318  floor=0.9318(active=1)
[DT-GP] iter= 25 | zero_steps=50.0%  mean_RTG=0.3139±1.0323  max_RTG=4.2548  avg_len=1.9  min_len=1  ls=[0.2995, 0.2995, 0.2995, 10.7288, 16.64]
[DT-GP] iter= 25 | dt_loss=0.032156  target_RTG=4.2548  floor=0.9318(active=0)
[DT-GP] iter= 26 | zero_steps=54.5%  mean_RTG=0.0969±0.2771  max_RTG=1.5747  avg_len=1.8  min_len=1  ls=[0.2812, 0.2812, 0.2812, 10.7257, 16.6396]
[DT-GP] iter= 26 | dt_loss=0.021529  target_RTG=1.5747  floor=0.9318(active=0)
[DT-GP] iter= 27 | zero_steps=50.0%  mean_RTG=0.0864±0.1715  max_RTG=0.9424  avg_len=2.0  min_len=1  ls=[0.2869, 0.2869, 0.2869, 10.7227, 16.6392]
[DT-GP] iter= 27 | dt_loss=0.035139  target_RTG=0.9424  floor=0.9318(active=0)
[DT-GP] iter= 28 | zero_steps=50.8%  mean_RTG=0.0566±0.0887  max_RTG=0.4954  avg_len=2.0  min_len=1  ls=[0.272, 0.272, 0.272, 10.7197, 16.6389]
[DT-GP] iter= 28 | dt_loss=0.031033  target_RTG=0.9318  floor=0.9318(active=1)
[DT-GP] iter= 29 | zero_steps=53.7%  mean_RTG=0.2066±0.5831  max_RTG=2.8893  avg_len=1.8  min_len=1  ls=[0.2726, 0.2726, 0.2726, 10.7169, 16.6385]
[DT-GP] iter= 29 | dt_loss=0.027975  target_RTG=2.8893  floor=0.9318(active=0)
[DT-GP] iter= 30 | zero_steps=50.8%  mean_RTG=0.1868±0.5796  max_RTG=2.9868  avg_len=2.0  min_len=1  ls=[0.272, 0.272, 0.272, 10.7141, 16.6381]
[DT-GP] iter= 30 | dt_loss=0.025932  target_RTG=2.9868  floor=0.9318(active=0)
final best = -0.1299
  [DT-GT-dynamic] running... Using device: cpu, dtype: torch.float64
Set random seed: 3
Save directory set to: res
Sampling 10 initial points using 'sobol' method...
Initializing BoTorch GP ensemble...
[DT-GT] iter=  1 | zero_steps=100.0%  mean_RTG=0.0000±0.0000  max_RTG=0.0000  avg_len=1.0  min_len=1  ls=[6.2156, 8.4228, 11.2953, 14.2003, 17.0063]
[DT-GT] iter=  1 | dt_loss=0.644454  target_RTG=0.0000
[DT-GT] iter=  2 | zero_steps=100.0%  mean_RTG=0.0000±0.0000  max_RTG=0.0000  avg_len=1.0  min_len=1  ls=[9.5255, 11.816, 14.7085, 17.6771, 20.524]
[DT-GT] iter=  2 | dt_loss=0.057022  target_RTG=0.0000
[DT-GT] iter=  3 | zero_steps=100.0%  mean_RTG=0.0000±0.0000  max_RTG=0.0000  avg_len=1.0  min_len=1  ls=[4.8875, 7.1102, 10.0971, 15.3792, 19.6368]
[DT-GT] iter=  3 | dt_loss=0.024093  target_RTG=0.0000
[DT-GT] iter=  4 | zero_steps=55.1%  mean_RTG=1.2499±2.1685  max_RTG=6.1409  avg_len=1.6  min_len=1  ls=[1.4221, 4.1127, 7.7343, 13.4581, 17.8513]
[DT-GT] iter=  4 | dt_loss=4.452902  target_RTG=6.1409
[DT-GT] iter=  5 | zero_steps=43.1%  mean_RTG=2.3713±2.5395  max_RTG=5.9859  avg_len=2.2  min_len=1  ls=[2.9688, 1.3989, 3.7502, 10.1177, 14.7953]
[DT-GT] iter=  5 | dt_loss=2.967193  target_RTG=5.9859
[DT-GT] iter=  6 | zero_steps=49.2%  mean_RTG=2.0411±2.2170  max_RTG=5.9694  avg_len=2.0  min_len=1  ls=[3.7752, 3.177, 1.5218, 6.881, 12.4312]
[DT-GT] iter=  6 | dt_loss=1.775969  target_RTG=5.9694
[DT-GT] iter=  7 | zero_steps=48.4%  mean_RTG=2.4906±2.0471  max_RTG=5.6530  avg_len=2.1  min_len=1  ls=[3.8617, 3.7671, 2.6838, 3.7229, 11.4839]
[DT-GT] iter=  7 | dt_loss=2.191379  target_RTG=5.6530
[DT-GT] iter=  8 | zero_steps=50.8%  mean_RTG=2.3603±1.8689  max_RTG=4.6309  avg_len=2.0  min_len=1  ls=[3.9785, 3.9714, 3.6171, 1.7772, 11.3544]
[DT-GT] iter=  8 | dt_loss=1.447272  target_RTG=4.6309
[DT-GT] iter=  9 | zero_steps=40.9%  mean_RTG=3.0078±1.7570  max_RTG=5.6354  avg_len=2.2  min_len=1  ls=[4.0905, 4.09, 4.0969, 1.7317, 11.3201]
[DT-GT] iter=  9 | dt_loss=1.167367  target_RTG=5.6354
[DT-GT] iter= 10 | zero_steps=39.5%  mean_RTG=3.4647±1.8403  max_RTG=5.5588  avg_len=2.5  min_len=1  ls=[3.4345, 3.4348, 3.433, 2.7593, 11.3025]
[DT-GT] iter= 10 | dt_loss=0.23026  target_RTG=5.5588
[DT-GT] iter= 11 | zero_steps=33.7%  mean_RTG=2.9041±1.4852  max_RTG=4.8356  avg_len=2.9  min_len=1  ls=[3.1273, 3.1274, 3.1273, 3.0827, 11.2907]
[DT-GT] iter= 11 | dt_loss=0.120303  target_RTG=4.8356
[DT-GT] iter= 12 | zero_steps=37.5%  mean_RTG=3.4670±1.6800  max_RTG=4.9728  avg_len=2.7  min_len=1  ls=[2.9482, 2.9482, 2.9481, 2.939, 11.2818]
[DT-GT] iter= 12 | dt_loss=0.064164  target_RTG=4.9728
[DT-GT] iter= 13 | zero_steps=36.6%  mean_RTG=2.9056±1.4766  max_RTG=4.5874  avg_len=2.7  min_len=1  ls=[2.8374, 2.8374, 2.8374, 2.8371, 11.2757]
[DT-GT] iter= 13 | dt_loss=0.158644  target_RTG=4.5874
[DT-GT] iter= 14 | zero_steps=37.5%  mean_RTG=3.4684±1.5251  max_RTG=5.0864  avg_len=2.7  min_len=1  ls=[2.9411, 2.9411, 2.9411, 2.9417, 11.2704]
[DT-GT] iter= 14 | dt_loss=0.094849  target_RTG=5.0864
[DT-GT] iter= 15 | zero_steps=38.5%  mean_RTG=4.1206±1.9126  max_RTG=5.6775  avg_len=2.6  min_len=1  ls=[3.1051, 3.1051, 3.1051, 3.1053, 11.2658]
[DT-GT] iter= 15 | dt_loss=0.218604  target_RTG=5.6775
[DT-GT] iter= 16 | zero_steps=39.0%  mean_RTG=4.0528±2.0680  max_RTG=5.7927  avg_len=2.6  min_len=1  ls=[3.0943, 3.0943, 3.0943, 3.0944, 11.2616]
[DT-GT] iter= 16 | dt_loss=0.246065  target_RTG=5.7927
[DT-GT] iter= 17 | zero_steps=40.5%  mean_RTG=3.6408±1.8587  max_RTG=5.4935  avg_len=2.5  min_len=1  ls=[3.3559, 3.3559, 3.3559, 3.3559, 11.2579]
[DT-GT] iter= 17 | dt_loss=0.090704  target_RTG=5.4935
[DT-GT] iter= 18 | zero_steps=39.5%  mean_RTG=3.1026±1.5954  max_RTG=5.5216  avg_len=2.5  min_len=1  ls=[3.49, 3.49, 3.49, 3.4901, 11.2544]
[DT-GT] iter= 18 | dt_loss=0.26699  target_RTG=5.5216
[DT-GT] iter= 19 | zero_steps=40.0%  mean_RTG=3.0550±1.5857  max_RTG=4.5987  avg_len=2.5  min_len=1  ls=[3.4776, 3.4776, 3.4776, 3.4775, 11.251]
[DT-GT] iter= 19 | dt_loss=0.118742  target_RTG=4.5987
[DT-GT] iter= 20 | zero_steps=41.7%  mean_RTG=3.1197±1.4724  max_RTG=4.8548  avg_len=2.4  min_len=1  ls=[3.4413, 3.4413, 3.4413, 3.4413, 11.248]
[DT-GT] iter= 20 | dt_loss=0.011692  target_RTG=4.8548
[DT-GT] iter= 21 | zero_steps=38.5%  mean_RTG=3.0998±1.5705  max_RTG=4.5602  avg_len=2.6  min_len=1  ls=[3.4563, 3.4563, 3.4563, 3.4563, 11.2456]
[DT-GT] iter= 21 | dt_loss=0.400349  target_RTG=4.5602
[DT-GT] iter= 22 | zero_steps=41.7%  mean_RTG=2.8385±1.4458  max_RTG=4.2618  avg_len=2.4  min_len=1  ls=[3.5007, 3.5007, 3.5007, 3.5007, 11.2433]
[DT-GT] iter= 22 | dt_loss=0.164841  target_RTG=4.2618
[DT-GT] iter= 23 | zero_steps=40.0%  mean_RTG=3.0639±1.5194  max_RTG=5.5759  avg_len=2.5  min_len=1  ls=[3.4952, 3.4952, 3.4952, 3.4952, 11.2411]
[DT-GT] iter= 23 | dt_loss=0.039886  target_RTG=5.5759
[DT-GT] iter= 24 | zero_steps=40.8%  mean_RTG=2.8865±1.4046  max_RTG=4.8324  avg_len=2.4  min_len=1  ls=[3.4807, 3.4807, 3.4807, 3.4807, 11.239]
[DT-GT] iter= 24 | dt_loss=0.3688  target_RTG=4.8324
[DT-GT] iter= 25 | zero_steps=41.1%  mean_RTG=3.0626±1.5230  max_RTG=4.5531  avg_len=2.4  min_len=1  ls=[3.3837, 3.3837, 3.3837, 3.3837, 11.237]
[DT-GT] iter= 25 | dt_loss=0.058472  target_RTG=4.5531
[DT-GT] iter= 26 | zero_steps=40.3%  mean_RTG=2.8827±1.3217  max_RTG=4.4210  avg_len=2.4  min_len=1  ls=[3.5299, 3.5299, 3.5299, 3.5299, 11.2352]
[DT-GT] iter= 26 | dt_loss=0.227682  target_RTG=4.4210
[DT-GT] iter= 27 | zero_steps=41.4%  mean_RTG=2.7775±1.3890  max_RTG=4.9903  avg_len=2.3  min_len=1  ls=[3.5744, 3.5744, 3.5744, 3.5744, 11.2334]
[DT-GT] iter= 27 | dt_loss=0.274637  target_RTG=4.9903
[DT-GT] iter= 28 | zero_steps=37.7%  mean_RTG=2.9254±1.1955  max_RTG=3.9634  avg_len=2.6  min_len=1  ls=[3.5435, 3.5435, 3.5435, 3.5435, 11.2316]
[DT-GT] iter= 28 | dt_loss=0.167726  target_RTG=3.9634
[DT-GT] iter= 29 | zero_steps=53.6%  mean_RTG=3.0210±1.3955  max_RTG=4.3999  avg_len=1.9  min_len=1  ls=[3.7204, 3.7204, 3.7204, 3.7204, 11.2299]
[DT-GT] iter= 29 | dt_loss=0.164473  target_RTG=4.3999
[DT-GT] iter= 30 | zero_steps=55.6%  mean_RTG=2.9988±1.5149  max_RTG=4.2849  avg_len=1.8  min_len=1  ls=[3.7242, 3.7242, 3.7242, 3.7242, 11.2282]
[DT-GT] iter= 30 | dt_loss=0.016439  target_RTG=4.2849
final best = -6.2788
  [ckpt] 4/10 saved → res/floored_rtg_dtgp_ackley/floored_rtg_dtgp.ckpt.json

── Trial 5/10  (seed=4) ────────────────────────────────────────
  [DT-GP-floor05] running... Using device: cpu, dtype: torch.float64
Set random seed: 4
Save directory set to: res
Sampling 10 initial points using 'sobol' method...
Initializing BoTorch GP ensemble...
[DT-GP] iter=  1 | zero_steps=90.9%  mean_RTG=0.1700±0.5809  max_RTG=2.6953  avg_len=1.1  min_len=1  ls=[0.1, 8.4188, 11.3031, 13.9182, 16.5768]
[DT-GP] iter=  1 | dt_loss=0.613425  target_RTG=2.6953  floor=0.0000(active=0)
[DT-GP] iter=  2 | zero_steps=100.0%  mean_RTG=0.0000±0.0000  max_RTG=0.0000  avg_len=1.0  min_len=1  ls=[0.1, 11.2857, 14.2738, 16.9785, 19.7039]
[DT-GP] iter=  2 | dt_loss=0.060473  target_RTG=1.3477  floor=1.3477(active=1)
[DT-GP] iter=  3 | zero_steps=96.8%  mean_RTG=0.0421±0.2265  max_RTG=1.2618  avg_len=1.0  min_len=1  ls=[0.1, 8.9845, 12.4629, 15.4827, 18.5185]
[DT-GP] iter=  3 | dt_loss=0.057575  target_RTG=1.3477  floor=1.3477(active=1)
[DT-GP] iter=  4 | zero_steps=96.8%  mean_RTG=0.0686±0.3694  max_RTG=2.0580  avg_len=1.0  min_len=1  ls=[2.5701, 5.9322, 10.257, 13.7015, 16.9859]
[DT-GP] iter=  4 | dt_loss=0.02497  target_RTG=2.0580  floor=1.3477(active=0)
[DT-GP] iter=  5 | zero_steps=90.9%  mean_RTG=0.0848±0.3323  max_RTG=1.7121  avg_len=1.1  min_len=1  ls=[2.1056, 2.205, 7.6556, 11.7102, 15.3446]
[DT-GP] iter=  5 | dt_loss=0.018486  target_RTG=1.7121  floor=1.3477(active=0)
[DT-GP] iter=  6 | zero_steps=78.9%  mean_RTG=0.1681±0.4190  max_RTG=1.6105  avg_len=1.3  min_len=1  ls=[2.1115, 1.5754, 4.3654, 9.8409, 14.2248]
[DT-GP] iter=  6 | dt_loss=0.103582  target_RTG=1.6105  floor=1.3477(active=0)
[DT-GP] iter=  7 | zero_steps=81.1%  mean_RTG=0.1762±0.5116  max_RTG=2.4154  avg_len=1.2  min_len=1  ls=[2.0405, 1.7042, 1.4434, 9.2081, 14.0528]
[DT-GP] iter=  7 | dt_loss=0.009921  target_RTG=2.4154  floor=1.3477(active=0)
[DT-GP] iter=  8 | zero_steps=83.3%  mean_RTG=0.6612±2.0659  max_RTG=10.3047  avg_len=1.2  min_len=1  ls=[2.1646, 2.1312, 1.4874, 9.1001, 14.0341]
[DT-GP] iter=  8 | dt_loss=0.653097  target_RTG=10.3047  floor=1.3477(active=0)
[DT-GP] iter=  9 | zero_steps=81.1%  mean_RTG=0.1816±0.4420  max_RTG=2.0982  avg_len=1.2  min_len=1  ls=[2.1686, 2.1683, 1.7026, 9.0606, 14.0283]
[DT-GP] iter=  9 | dt_loss=0.00744  target_RTG=5.1524  floor=5.1524(active=1)
[DT-GP] iter= 10 | zero_steps=83.3%  mean_RTG=0.1503±0.4101  max_RTG=1.5680  avg_len=1.2  min_len=1  ls=[2.1841, 2.1821, 2.1242, 9.0361, 14.0249]
[DT-GP] iter= 10 | dt_loss=0.005545  target_RTG=5.1524  floor=5.1524(active=1)
[DT-GP] iter= 11 | zero_steps=85.7%  mean_RTG=0.0427±0.1104  max_RTG=0.4009  avg_len=1.2  min_len=1  ls=[2.1542, 2.1549, 2.1587, 9.0184, 14.0225]
[DT-GP] iter= 11 | dt_loss=0.004248  target_RTG=5.1524  floor=5.1524(active=1)
[DT-GP] iter= 12 | zero_steps=85.7%  mean_RTG=0.0555±0.1995  max_RTG=1.0088  avg_len=1.2  min_len=1  ls=[2.097, 2.0975, 2.1035, 9.0043, 14.0207]
[DT-GP] iter= 12 | dt_loss=0.122474  target_RTG=5.1524  floor=5.1524(active=1)
[DT-GP] iter= 13 | zero_steps=88.2%  mean_RTG=0.2496±0.8718  max_RTG=4.3058  avg_len=1.1  min_len=1  ls=[2.1499, 2.1499, 2.152, 8.9924, 14.0192]
[DT-GP] iter= 13 | dt_loss=0.003291  target_RTG=5.1524  floor=5.1524(active=1)
[DT-GP] iter= 14 | zero_steps=100.0%  mean_RTG=0.0000±0.0000  max_RTG=0.0000  avg_len=1.0  min_len=1  ls=[2.1194, 2.1196, 2.1184, 8.9819, 14.0179]
[DT-GP] iter= 14 | dt_loss=0.002595  target_RTG=5.1524  floor=5.1524(active=1)
[DT-GP] iter= 15 | zero_steps=93.8%  mean_RTG=0.0402±0.1510  max_RTG=0.6559  avg_len=1.1  min_len=1  ls=[2.0969, 2.0969, 2.0969, 8.9728, 14.0168]
[DT-GP] iter= 15 | dt_loss=0.003182  target_RTG=5.1524  floor=5.1524(active=1)
[DT-GP] iter= 16 | zero_steps=81.1%  mean_RTG=0.2742±0.7084  max_RTG=3.4839  avg_len=1.2  min_len=1  ls=[2.0637, 2.0637, 2.0636, 8.9645, 14.0158]
[DT-GP] iter= 16 | dt_loss=0.002498  target_RTG=5.1524  floor=5.1524(active=1)
[DT-GP] iter= 17 | zero_steps=78.9%  mean_RTG=0.3326±0.8936  max_RTG=3.8936  avg_len=1.3  min_len=1  ls=[2.028, 2.028, 2.028, 8.957, 14.0149]
[DT-GP] iter= 17 | dt_loss=0.077498  target_RTG=5.1524  floor=5.1524(active=1)
[DT-GP] iter= 18 | zero_steps=88.2%  mean_RTG=0.1717±0.6694  max_RTG=3.5291  avg_len=1.1  min_len=1  ls=[2.0325, 2.0325, 2.0325, 8.9499, 14.0141]
[DT-GP] iter= 18 | dt_loss=0.002195  target_RTG=5.1524  floor=5.1524(active=1)
[DT-GP] iter= 19 | zero_steps=90.9%  mean_RTG=0.2565±0.9703  max_RTG=5.0123  avg_len=1.1  min_len=1  ls=[2.0015, 2.0015, 2.0015, 8.9432, 14.0133]
[DT-GP] iter= 19 | dt_loss=0.002725  target_RTG=5.1524  floor=5.1524(active=1)
[DT-GP] iter= 20 | zero_steps=90.9%  mean_RTG=0.1662±0.6357  max_RTG=3.0888  avg_len=1.1  min_len=1  ls=[1.9653, 1.9653, 1.9653, 8.937, 14.0126]
[DT-GP] iter= 20 | dt_loss=0.001255  target_RTG=5.1524  floor=5.1524(active=1)
[DT-GP] iter= 21 | zero_steps=88.2%  mean_RTG=0.2873±0.9828  max_RTG=4.9710  avg_len=1.1  min_len=1  ls=[1.9167, 1.9167, 1.9167, 8.9311, 14.0119]
[DT-GP] iter= 21 | dt_loss=0.0022  target_RTG=5.1524  floor=5.1524(active=1)
[DT-GP] iter= 22 | zero_steps=88.2%  mean_RTG=0.1938±0.5904  max_RTG=2.4256  avg_len=1.1  min_len=1  ls=[1.8497, 1.8497, 1.8497, 8.9255, 14.0112]
[DT-GP] iter= 22 | dt_loss=0.002165  target_RTG=5.1524  floor=5.1524(active=1)
[DT-GP] iter= 23 | zero_steps=71.4%  mean_RTG=0.5057±1.0259  max_RTG=4.4394  avg_len=1.4  min_len=1  ls=[0.4492, 0.4492, 0.4492, 8.9201, 14.0106]
[DT-GP] iter= 23 | dt_loss=0.035066  target_RTG=5.1524  floor=5.1524(active=1)
[DT-GP] iter= 24 | zero_steps=35.6%  mean_RTG=0.3898±0.3124  max_RTG=0.9446  avg_len=2.4  min_len=1  ls=[0.3935, 0.3935, 0.3935, 8.9149, 14.0101]
[DT-GP] iter= 24 | dt_loss=0.01582  target_RTG=5.1524  floor=5.1524(active=1)
[DT-GP] iter= 25 | zero_steps=33.7%  mean_RTG=0.7363±1.0001  max_RTG=5.4457  avg_len=2.8  min_len=1  ls=[0.3902, 0.3902, 0.3902, 8.9099, 14.0095]
[DT-GP] iter= 25 | dt_loss=0.015425  target_RTG=5.4457  floor=5.1524(active=0)
[DT-GP] iter= 26 | zero_steps=30.9%  mean_RTG=0.5270±0.6577  max_RTG=3.6960  avg_len=2.7  min_len=1  ls=[0.3909, 0.3909, 0.3909, 8.905, 14.009]
[DT-GP] iter= 26 | dt_loss=0.011519  target_RTG=5.1524  floor=5.1524(active=1)
[DT-GP] iter= 27 | zero_steps=30.9%  mean_RTG=0.5114±0.4766  max_RTG=2.4058  avg_len=2.7  min_len=1  ls=[0.3984, 0.3984, 0.3984, 8.9002, 14.0084]
[DT-GP] iter= 27 | dt_loss=0.011518  target_RTG=5.1524  floor=5.1524(active=1)
[DT-GP] iter= 28 | zero_steps=30.7%  mean_RTG=0.4385±0.3589  max_RTG=1.6478  avg_len=2.5  min_len=1  ls=[0.3961, 0.3961, 0.3961, 8.8956, 14.0079]
[DT-GP] iter= 28 | dt_loss=0.016865  target_RTG=5.1524  floor=5.1524(active=1)
[DT-GP] iter= 29 | zero_steps=27.2%  mean_RTG=0.6466±1.1863  max_RTG=6.7208  avg_len=2.7  min_len=1  ls=[0.3984, 0.3984, 0.3984, 8.8911, 14.0074]
[DT-GP] iter= 29 | dt_loss=0.012847  target_RTG=6.7208  floor=5.1524(active=0)
[DT-GP] iter= 30 | zero_steps=30.3%  mean_RTG=0.4455±0.5164  max_RTG=2.7627  avg_len=2.5  min_len=1  ls=[0.3967, 0.3967, 0.3967, 8.8867, 14.0069]
[DT-GP] iter= 30 | dt_loss=0.008792  target_RTG=5.1524  floor=5.1524(active=1)
final best = -0.4883
  [DT-GP-floor02] running... Using device: cpu, dtype: torch.float64
Set random seed: 4
Save directory set to: res
Sampling 10 initial points using 'sobol' method...
Initializing BoTorch GP ensemble...
[DT-GP] iter=  1 | zero_steps=90.9%  mean_RTG=0.1700±0.5809  max_RTG=2.6953  avg_len=1.1  min_len=1  ls=[0.1, 8.4188, 11.3031, 13.9182, 16.5768]
[DT-GP] iter=  1 | dt_loss=0.613425  target_RTG=2.6953  floor=0.0000(active=0)
[DT-GP] iter=  2 | zero_steps=100.0%  mean_RTG=0.0000±0.0000  max_RTG=0.0000  avg_len=1.0  min_len=1  ls=[0.1, 11.2857, 14.2738, 16.9785, 19.7039]
[DT-GP] iter=  2 | dt_loss=0.060473  target_RTG=0.5391  floor=0.5391(active=1)
[DT-GP] iter=  3 | zero_steps=96.8%  mean_RTG=0.0494±0.2658  max_RTG=1.4806  avg_len=1.0  min_len=1  ls=[0.1, 9.0977, 12.5093, 15.6192, 18.7736]
[DT-GP] iter=  3 | dt_loss=0.04977  target_RTG=1.4806  floor=0.5391(active=0)
[DT-GP] iter=  4 | zero_steps=81.1%  mean_RTG=0.2593±0.8919  max_RTG=4.3649  avg_len=1.2  min_len=1  ls=[2.6457, 6.2194, 10.4364, 13.9253, 17.3186]
[DT-GP] iter=  4 | dt_loss=0.123623  target_RTG=4.3649  floor=0.5391(active=0)
[DT-GP] iter=  5 | zero_steps=90.9%  mean_RTG=0.0856±0.3131  max_RTG=1.6201  avg_len=1.1  min_len=1  ls=[2.2206, 2.5363, 7.9729, 12.0231, 15.7489]
[DT-GP] iter=  5 | dt_loss=0.020025  target_RTG=1.6201  floor=0.8730(active=0)
[DT-GP] iter=  6 | zero_steps=85.7%  mean_RTG=0.1286±0.3622  max_RTG=1.5686  avg_len=1.2  min_len=1  ls=[2.2496, 1.6171, 5.0329, 10.3126, 14.6961]
[DT-GP] iter=  6 | dt_loss=0.019043  target_RTG=1.5686  floor=0.8730(active=0)
[DT-GP] iter=  7 | zero_steps=90.9%  mean_RTG=0.0913±0.3651  max_RTG=1.8818  avg_len=1.1  min_len=1  ls=[2.2237, 1.6805, 1.6402, 9.7881, 14.54]
[DT-GP] iter=  7 | dt_loss=0.007852  target_RTG=1.8818  floor=0.8730(active=0)
[DT-GP] iter=  8 | zero_steps=83.3%  mean_RTG=0.6458±2.0541  max_RTG=10.4126  avg_len=1.2  min_len=1  ls=[2.1704, 1.9796, 1.4568, 9.7107, 14.5249]
[DT-GP] iter=  8 | dt_loss=0.127462  target_RTG=10.4126  floor=0.8730(active=0)
[DT-GP] iter=  9 | zero_steps=88.2%  mean_RTG=0.1020±0.3320  max_RTG=1.6876  avg_len=1.1  min_len=1  ls=[2.1885, 2.1788, 1.6197, 9.6833, 14.5205]
[DT-GP] iter=  9 | dt_loss=0.006314  target_RTG=2.0825  floor=2.0825(active=1)
[DT-GP] iter= 10 | zero_steps=81.1%  mean_RTG=0.1988±0.4586  max_RTG=1.7334  avg_len=1.2  min_len=1  ls=[2.1444, 2.1462, 1.9567, 9.666, 14.5177]
[DT-GP] iter= 10 | dt_loss=0.004674  target_RTG=2.0825  floor=2.0825(active=1)
[DT-GP] iter= 11 | zero_steps=83.3%  mean_RTG=0.0542±0.1284  max_RTG=0.4897  avg_len=1.2  min_len=1  ls=[2.1006, 2.101, 2.0857, 9.6535, 14.5158]
[DT-GP] iter= 11 | dt_loss=0.003198  target_RTG=2.0825  floor=2.0825(active=1)
[DT-GP] iter= 12 | zero_steps=83.3%  mean_RTG=0.0819±0.2546  max_RTG=1.2427  avg_len=1.2  min_len=1  ls=[2.0611, 2.061, 2.0618, 9.6435, 14.5143]
[DT-GP] iter= 12 | dt_loss=0.091152  target_RTG=2.0825  floor=2.0825(active=1)
[DT-GP] iter= 13 | zero_steps=88.2%  mean_RTG=0.3076±1.0002  max_RTG=4.8361  avg_len=1.1  min_len=1  ls=[2.1105, 2.1105, 2.1098, 9.6349, 14.513]
[DT-GP] iter= 13 | dt_loss=0.003432  target_RTG=4.8361  floor=2.0825(active=0)
[DT-GP] iter= 14 | zero_steps=90.9%  mean_RTG=0.0216±0.0658  max_RTG=0.2652  avg_len=1.1  min_len=1  ls=[2.0837, 2.0835, 2.0836, 9.6274, 14.5119]
[DT-GP] iter= 14 | dt_loss=0.003043  target_RTG=2.0825  floor=2.0825(active=1)
[DT-GP] iter= 15 | zero_steps=90.9%  mean_RTG=0.0425±0.1515  max_RTG=0.7856  avg_len=1.1  min_len=1  ls=[2.0514, 2.0513, 2.0514, 9.6208, 14.511]
[DT-GP] iter= 15 | dt_loss=0.004116  target_RTG=2.0825  floor=2.0825(active=1)
[DT-GP] iter= 16 | zero_steps=83.3%  mean_RTG=0.2479±0.7171  max_RTG=3.7196  avg_len=1.2  min_len=1  ls=[2.0178, 2.0178, 2.0178, 9.6148, 14.5101]
[DT-GP] iter= 16 | dt_loss=0.001936  target_RTG=3.7196  floor=2.0825(active=0)
[DT-GP] iter= 17 | zero_steps=76.9%  mean_RTG=0.3832±0.9463  max_RTG=4.0971  avg_len=1.3  min_len=1  ls=[1.9856, 1.9856, 1.9856, 9.6094, 14.5094]
[DT-GP] iter= 17 | dt_loss=0.075601  target_RTG=4.0971  floor=2.0825(active=0)
[DT-GP] iter= 18 | zero_steps=88.2%  mean_RTG=0.1408±0.6660  max_RTG=3.7075  avg_len=1.1  min_len=1  ls=[1.9821, 1.9821, 1.9821, 9.6042, 14.5087]
[DT-GP] iter= 18 | dt_loss=0.002057  target_RTG=3.7075  floor=2.0825(active=0)
[DT-GP] iter= 19 | zero_steps=90.9%  mean_RTG=0.2795±1.0419  max_RTG=5.3345  avg_len=1.1  min_len=1  ls=[1.9384, 1.9384, 1.9384, 9.5994, 14.508]
[DT-GP] iter= 19 | dt_loss=0.001213  target_RTG=5.3345  floor=2.0825(active=0)
[DT-GP] iter= 20 | zero_steps=81.1%  mean_RTG=0.2387±0.8256  max_RTG=4.2439  avg_len=1.2  min_len=1  ls=[1.8881, 1.8881, 1.8881, 9.5948, 14.5073]
[DT-GP] iter= 20 | dt_loss=0.047564  target_RTG=4.2439  floor=2.0825(active=0)
[DT-GP] iter= 21 | zero_steps=58.8%  mean_RTG=0.7540±1.1911  max_RTG=4.1750  avg_len=1.7  min_len=1  ls=[0.5023, 0.5023, 0.5023, 9.5904, 14.5067]
[DT-GP] iter= 21 | dt_loss=0.01607  target_RTG=4.1750  floor=2.0825(active=0)
[DT-GP] iter= 22 | zero_steps=48.3%  mean_RTG=0.1811±0.3789  max_RTG=1.9562  avg_len=2.0  min_len=1  ls=[0.3692, 0.3692, 0.3692, 9.5863, 14.5062]
[DT-GP] iter= 22 | dt_loss=0.034346  target_RTG=2.0825  floor=2.0825(active=1)
[DT-GP] iter= 23 | zero_steps=50.0%  mean_RTG=0.2482±0.7640  max_RTG=4.2832  avg_len=2.0  min_len=1  ls=[0.3653, 0.3653, 0.3653, 9.5823, 14.5056]
[DT-GP] iter= 23 | dt_loss=0.021005  target_RTG=4.2832  floor=2.0825(active=0)
[DT-GP] iter= 24 | zero_steps=51.7%  mean_RTG=0.2036±0.5417  max_RTG=2.5834  avg_len=1.9  min_len=1  ls=[0.3379, 0.3379, 0.3379, 9.5786, 14.5051]
[DT-GP] iter= 24 | dt_loss=0.011567  target_RTG=2.5834  floor=2.0825(active=0)
[DT-GP] iter= 25 | zero_steps=46.8%  mean_RTG=0.0697±0.0597  max_RTG=0.1522  avg_len=2.1  min_len=1  ls=[0.3362, 0.3362, 0.3362, 9.5749, 14.5046]
[DT-GP] iter= 25 | dt_loss=0.023836  target_RTG=2.0825  floor=2.0825(active=1)
[DT-GP] iter= 26 | zero_steps=46.2%  mean_RTG=0.0775±0.1425  max_RTG=0.8082  avg_len=2.2  min_len=1  ls=[0.3272, 0.3272, 0.3272, 9.5715, 14.5042]
[DT-GP] iter= 26 | dt_loss=0.018048  target_RTG=2.0825  floor=2.0825(active=1)
[DT-GP] iter= 27 | zero_steps=46.2%  mean_RTG=0.1583±0.4373  max_RTG=2.2599  avg_len=2.2  min_len=1  ls=[0.3254, 0.3254, 0.3254, 9.5681, 14.5037]
[DT-GP] iter= 27 | dt_loss=0.019013  target_RTG=2.2599  floor=2.0825(active=0)
[DT-GP] iter= 28 | zero_steps=52.6%  mean_RTG=0.1191±0.3828  max_RTG=2.1678  avg_len=1.9  min_len=1  ls=[0.3283, 0.3283, 0.3283, 9.5649, 14.5033]
[DT-GP] iter= 28 | dt_loss=0.02552  target_RTG=2.1678  floor=2.0825(active=0)
[DT-GP] iter= 29 | zero_steps=47.5%  mean_RTG=0.4466±1.0854  max_RTG=4.7421  avg_len=2.0  min_len=1  ls=[0.3209, 0.3209, 0.3209, 9.5617, 14.5029]
[DT-GP] iter= 29 | dt_loss=0.021579  target_RTG=4.7421  floor=2.0825(active=0)
[DT-GP] iter= 30 | zero_steps=55.6%  mean_RTG=0.0462±0.0419  max_RTG=0.1149  avg_len=1.8  min_len=1  ls=[0.3161, 0.3161, 0.3161, 9.5587, 14.5025]
[DT-GP] iter= 30 | dt_loss=0.021016  target_RTG=2.0825  floor=2.0825(active=1)
final best = -0.1859
  [DT-GP-floor01] running... Using device: cpu, dtype: torch.float64
Set random seed: 4
Save directory set to: res
Sampling 10 initial points using 'sobol' method...
Initializing BoTorch GP ensemble...
[DT-GP] iter=  1 | zero_steps=90.9%  mean_RTG=0.1700±0.5809  max_RTG=2.6953  avg_len=1.1  min_len=1  ls=[0.1, 8.4188, 11.3031, 13.9182, 16.5768]
[DT-GP] iter=  1 | dt_loss=0.613425  target_RTG=2.6953  floor=0.0000(active=0)
[DT-GP] iter=  2 | zero_steps=100.0%  mean_RTG=0.0000±0.0000  max_RTG=0.0000  avg_len=1.0  min_len=1  ls=[0.1, 11.2857, 14.2738, 16.9785, 19.7039]
[DT-GP] iter=  2 | dt_loss=0.060473  target_RTG=0.2695  floor=0.2695(active=1)
[DT-GP] iter=  3 | zero_steps=96.8%  mean_RTG=0.0441±0.2375  max_RTG=1.3232  avg_len=1.0  min_len=1  ls=[0.1, 9.1001, 12.5199, 15.6392, 18.8026]
[DT-GP] iter=  3 | dt_loss=0.056973  target_RTG=1.3232  floor=0.2695(active=0)
[DT-GP] iter=  4 | zero_steps=81.1%  mean_RTG=0.2734±0.9236  max_RTG=4.5121  avg_len=1.2  min_len=1  ls=[2.6178, 6.298, 10.4942, 13.9822, 17.3775]
[DT-GP] iter=  4 | dt_loss=0.118167  target_RTG=4.5121  floor=0.2695(active=0)
[DT-GP] iter=  5 | zero_steps=85.7%  mean_RTG=0.1032±0.3478  max_RTG=1.7711  avg_len=1.2  min_len=1  ls=[2.0876, 2.7251, 7.9965, 12.0667, 15.8101]
[DT-GP] iter=  5 | dt_loss=0.019253  target_RTG=1.7711  floor=0.4512(active=0)
[DT-GP] iter=  6 | zero_steps=85.7%  mean_RTG=0.1476±0.4307  max_RTG=2.0651  avg_len=1.2  min_len=1  ls=[2.1032, 1.583, 4.9231, 10.3296, 14.7787]
[DT-GP] iter=  6 | dt_loss=0.014044  target_RTG=2.0651  floor=0.4512(active=0)
[DT-GP] iter=  7 | zero_steps=85.7%  mean_RTG=0.2217±0.6863  max_RTG=3.1911  avg_len=1.2  min_len=1  ls=[2.2111, 1.6719, 1.5913, 9.8003, 14.6279]
[DT-GP] iter=  7 | dt_loss=0.010295  target_RTG=3.1911  floor=0.4512(active=0)
[DT-GP] iter=  8 | zero_steps=88.2%  mean_RTG=0.5525±1.9948  max_RTG=10.3473  avg_len=1.1  min_len=1  ls=[2.2153, 1.992, 1.4743, 9.721, 14.613]
[DT-GP] iter=  8 | dt_loss=0.154136  target_RTG=10.3473  floor=0.4512(active=0)
[DT-GP] iter=  9 | zero_steps=85.7%  mean_RTG=0.1006±0.3109  max_RTG=1.5811  avg_len=1.2  min_len=1  ls=[2.1799, 2.1771, 1.6223, 9.6929, 14.6085]
[DT-GP] iter=  9 | dt_loss=0.006  target_RTG=1.5811  floor=1.0347(active=0)
[DT-GP] iter= 10 | zero_steps=85.7%  mean_RTG=0.1640±0.4538  max_RTG=1.6387  avg_len=1.2  min_len=1  ls=[2.1588, 2.1525, 1.9851, 9.676, 14.6059]
[DT-GP] iter= 10 | dt_loss=0.006417  target_RTG=1.6387  floor=1.0347(active=0)
[DT-GP] iter= 11 | zero_steps=96.8%  mean_RTG=0.0029±0.0157  max_RTG=0.0876  avg_len=1.0  min_len=1  ls=[2.1441, 2.1461, 2.1229, 9.6633, 14.604]
[DT-GP] iter= 11 | dt_loss=0.003012  target_RTG=1.0347  floor=1.0347(active=1)
[DT-GP] iter= 12 | zero_steps=90.9%  mean_RTG=0.0484±0.1757  max_RTG=0.9146  avg_len=1.1  min_len=1  ls=[2.1143, 2.1165, 2.1157, 9.6531, 14.6025]
[DT-GP] iter= 12 | dt_loss=0.003483  target_RTG=1.0347  floor=1.0347(active=1)
[DT-GP] iter= 13 | zero_steps=83.3%  mean_RTG=0.2144±0.6089  max_RTG=2.6564  avg_len=1.2  min_len=1  ls=[2.0962, 2.0929, 2.0937, 9.6444, 14.6012]
[DT-GP] iter= 13 | dt_loss=0.002029  target_RTG=2.6564  floor=1.0347(active=0)
[DT-GP] iter= 14 | zero_steps=85.7%  mean_RTG=0.0716±0.1948  max_RTG=0.8151  avg_len=1.2  min_len=1  ls=[2.0807, 2.0784, 2.0809, 9.6368, 14.6001]
[DT-GP] iter= 14 | dt_loss=0.00291  target_RTG=1.0347  floor=1.0347(active=1)
[DT-GP] iter= 15 | zero_steps=85.7%  mean_RTG=0.1085±0.2811  max_RTG=1.2299  avg_len=1.2  min_len=1  ls=[2.0575, 2.0588, 2.0577, 9.63, 14.5992]
[DT-GP] iter= 15 | dt_loss=0.002788  target_RTG=1.2299  floor=1.0347(active=0)
[DT-GP] iter= 16 | zero_steps=73.2%  mean_RTG=0.4742±0.8305  max_RTG=3.6748  avg_len=1.4  min_len=1  ls=[2.0242, 2.025, 2.0245, 9.6238, 14.5983]
[DT-GP] iter= 16 | dt_loss=0.002185  target_RTG=3.6748  floor=1.0347(active=0)
[DT-GP] iter= 17 | zero_steps=75.0%  mean_RTG=0.3802±0.7531  max_RTG=2.8821  avg_len=1.3  min_len=1  ls=[1.9956, 1.9947, 1.9952, 9.618, 14.5975]
[DT-GP] iter= 17 | dt_loss=0.087824  target_RTG=2.8821  floor=1.0347(active=0)
[DT-GP] iter= 18 | zero_steps=73.2%  mean_RTG=0.3953±0.9925  max_RTG=5.0819  avg_len=1.4  min_len=1  ls=[2.0093, 2.0098, 2.0095, 9.6127, 14.5968]
[DT-GP] iter= 18 | dt_loss=0.070693  target_RTG=5.0819  floor=1.0347(active=0)
[DT-GP] iter= 19 | zero_steps=71.4%  mean_RTG=0.2596±0.5794  max_RTG=2.5259  avg_len=1.4  min_len=1  ls=[2.0152, 2.0149, 2.015, 9.6077, 14.5961]
[DT-GP] iter= 19 | dt_loss=0.081582  target_RTG=2.5259  floor=1.0347(active=0)
[DT-GP] iter= 20 | zero_steps=75.0%  mean_RTG=0.3607±0.8941  max_RTG=4.4979  avg_len=1.3  min_len=1  ls=[2.0332, 2.0335, 2.0333, 9.603, 14.5954]
[DT-GP] iter= 20 | dt_loss=0.068228  target_RTG=4.4979  floor=1.0347(active=0)
[DT-GP] iter= 21 | zero_steps=81.1%  mean_RTG=0.1195±0.4067  max_RTG=2.1597  avg_len=1.2  min_len=1  ls=[2.0782, 2.0781, 2.0782, 9.5985, 14.5948]
[DT-GP] iter= 21 | dt_loss=0.076267  target_RTG=2.1597  floor=1.0347(active=0)
[DT-GP] iter= 22 | zero_steps=81.1%  mean_RTG=0.4916±1.2296  max_RTG=4.7934  avg_len=1.2  min_len=1  ls=[2.0301, 2.0301, 2.0301, 9.5942, 14.5943]
[DT-GP] iter= 22 | dt_loss=0.003113  target_RTG=4.7934  floor=1.0347(active=0)
[DT-GP] iter= 23 | zero_steps=93.8%  mean_RTG=0.1308±0.5096  max_RTG=2.5107  avg_len=1.1  min_len=1  ls=[2.0054, 2.0055, 2.0054, 9.59, 14.5937]
[DT-GP] iter= 23 | dt_loss=0.001928  target_RTG=2.5107  floor=1.0347(active=0)
[DT-GP] iter= 24 | zero_steps=90.9%  mean_RTG=0.2963±1.1456  max_RTG=6.1502  avg_len=1.1  min_len=1  ls=[1.9789, 1.9789, 1.9789, 9.5861, 14.5932]
[DT-GP] iter= 24 | dt_loss=0.002482  target_RTG=6.1502  floor=1.0347(active=0)
[DT-GP] iter= 25 | zero_steps=90.9%  mean_RTG=0.0778±0.2819  max_RTG=1.4818  avg_len=1.1  min_len=1  ls=[1.9408, 1.9408, 1.9408, 9.5825, 14.5927]
[DT-GP] iter= 25 | dt_loss=0.001918  target_RTG=1.4818  floor=1.0347(active=0)
[DT-GP] iter= 26 | zero_steps=71.4%  mean_RTG=0.5259±1.2020  max_RTG=6.2137  avg_len=1.4  min_len=1  ls=[0.543, 0.543, 0.543, 9.579, 14.5922]
[DT-GP] iter= 26 | dt_loss=0.036297  target_RTG=6.2137  floor=1.0347(active=0)
[DT-GP] iter= 27 | zero_steps=57.7%  mean_RTG=0.0255±0.0292  max_RTG=0.0884  avg_len=1.7  min_len=1  ls=[0.3243, 0.3243, 0.3243, 9.5756, 14.5918]
[DT-GP] iter= 27 | dt_loss=0.029801  target_RTG=1.0347  floor=1.0347(active=1)
[DT-GP] iter= 28 | zero_steps=52.6%  mean_RTG=0.2277±0.8707  max_RTG=4.7730  avg_len=1.9  min_len=1  ls=[0.3269, 0.3269, 0.3269, 9.5723, 14.5914]
[DT-GP] iter= 28 | dt_loss=0.022116  target_RTG=4.7730  floor=1.0347(active=0)
[DT-GP] iter= 29 | zero_steps=50.8%  mean_RTG=0.2623±0.7475  max_RTG=3.4226  avg_len=2.0  min_len=1  ls=[0.3265, 0.3265, 0.3265, 9.5692, 14.591]
[DT-GP] iter= 29 | dt_loss=0.02081  target_RTG=3.4226  floor=1.0347(active=0)
[DT-GP] iter= 30 | zero_steps=51.7%  mean_RTG=0.3336±1.1432  max_RTG=5.9881  avg_len=1.9  min_len=1  ls=[0.3216, 0.3216, 0.3216, 9.5662, 14.5906]
[DT-GP] iter= 30 | dt_loss=0.024667  target_RTG=5.9881  floor=1.0347(active=0)
final best = -0.0555
  [DT-GT-dynamic] running... Using device: cpu, dtype: torch.float64
Set random seed: 4
Save directory set to: res
Sampling 10 initial points using 'sobol' method...
Initializing BoTorch GP ensemble...
[DT-GT] iter=  1 | zero_steps=65.1%  mean_RTG=0.0723±0.1906  max_RTG=0.9131  avg_len=1.4  min_len=1  ls=[0.1, 8.4188, 11.3031, 13.9182, 16.5768]
[DT-GT] iter=  1 | dt_loss=9.262471  target_RTG=0.9131
[DT-GT] iter=  2 | zero_steps=85.3%  mean_RTG=0.0124±0.0521  max_RTG=0.2777  avg_len=1.1  min_len=1  ls=[0.1, 11.4831, 14.453, 17.134, 19.8484]
[DT-GT] iter=  2 | dt_loss=12.371648  target_RTG=0.2777
[DT-GT] iter=  3 | zero_steps=83.3%  mean_RTG=0.1424±0.3545  max_RTG=1.5341  avg_len=1.2  min_len=1  ls=[0.1, 9.3296, 16.1565, 19.0879, 21.9057]
[DT-GT] iter=  3 | dt_loss=10.145039  target_RTG=1.5341
[DT-GT] iter=  4 | zero_steps=76.3%  mean_RTG=0.1668±0.4351  max_RTG=1.6442  avg_len=1.3  min_len=1  ls=[0.1, 7.0303, 14.8076, 17.9123, 20.8415]
[DT-GT] iter=  4 | dt_loss=6.467163  target_RTG=1.6442
[DT-GT] iter=  5 | zero_steps=76.9%  mean_RTG=0.3583±0.8565  max_RTG=3.0318  avg_len=1.3  min_len=1  ls=[0.1, 2.7342, 11.9081, 15.5153, 18.8468]
[DT-GT] iter=  5 | dt_loss=4.375034  target_RTG=3.0318
[DT-GT] iter=  6 | zero_steps=63.8%  mean_RTG=1.0952±1.2951  max_RTG=3.2047  avg_len=1.6  min_len=1  ls=[3.1597, 2.0013, 9.4096, 14.0546, 17.9847]
[DT-GT] iter=  6 | dt_loss=3.903162  target_RTG=3.2047
[DT-GT] iter=  7 | zero_steps=68.2%  mean_RTG=1.1719±1.2973  max_RTG=3.1838  avg_len=1.5  min_len=1  ls=[3.1235, 2.4114, 8.4489, 13.8133, 17.8874]
[DT-GT] iter=  7 | dt_loss=0.108694  target_RTG=3.1838
[DT-GT] iter=  8 | zero_steps=71.4%  mean_RTG=0.9685±1.1893  max_RTG=2.6391  avg_len=1.4  min_len=1  ls=[3.008, 2.8303, 8.2646, 13.7876, 17.8781]
[DT-GT] iter=  8 | dt_loss=0.029204  target_RTG=2.6391
[DT-GT] iter=  9 | zero_steps=96.8%  mean_RTG=0.0050±0.0269  max_RTG=0.1497  avg_len=1.0  min_len=1  ls=[2.2565, 2.1954, 8.2131, 13.7821, 17.8763]
[DT-GT] iter=  9 | dt_loss=0.01536  target_RTG=0.1497
[DT-GT] iter= 10 | zero_steps=100.0%  mean_RTG=0.0000±0.0000  max_RTG=0.0000  avg_len=1.0  min_len=1  ls=[2.2533, 2.0217, 8.1836, 13.7792, 17.8753]
[DT-GT] iter= 10 | dt_loss=0.015074  target_RTG=0.0000
[DT-GT] iter= 11 | zero_steps=100.0%  mean_RTG=0.0000±0.0000  max_RTG=0.0000  avg_len=1.0  min_len=1  ls=[2.3245, 2.359, 8.1657, 13.7775, 17.8748]
[DT-GT] iter= 11 | dt_loss=0.005344  target_RTG=0.0000
[DT-GT] iter= 12 | zero_steps=96.8%  mean_RTG=0.0014±0.0073  max_RTG=0.0408  avg_len=1.0  min_len=1  ls=[2.1234, 2.1335, 8.1527, 13.7763, 17.8745]
[DT-GT] iter= 12 | dt_loss=0.004273  target_RTG=0.0408
[DT-GT] iter= 13 | zero_steps=100.0%  mean_RTG=0.0000±0.0000  max_RTG=0.0000  avg_len=1.0  min_len=1  ls=[1.3072, 1.2949, 8.1419, 13.7754, 17.8742]
[DT-GT] iter= 13 | dt_loss=0.003547  target_RTG=0.0000
[DT-GT] iter= 14 | zero_steps=96.8%  mean_RTG=0.0004±0.0023  max_RTG=0.0128  avg_len=1.0  min_len=1  ls=[0.6096, 0.6102, 8.1326, 13.7746, 17.8739]
[DT-GT] iter= 14 | dt_loss=0.004669  target_RTG=0.0128
[DT-GT] iter= 15 | zero_steps=100.0%  mean_RTG=0.0000±0.0000  max_RTG=0.0000  avg_len=1.0  min_len=1  ls=[0.6168, 0.6165, 8.1241, 13.7739, 17.8737]
[DT-GT] iter= 15 | dt_loss=0.003321  target_RTG=0.0000
[DT-GT] iter= 16 | zero_steps=100.0%  mean_RTG=0.0000±0.0000  max_RTG=0.0000  avg_len=1.0  min_len=1  ls=[0.6122, 0.6121, 8.1163, 13.7733, 17.8735]
[DT-GT] iter= 16 | dt_loss=0.002631  target_RTG=0.0000
[DT-GT] iter= 17 | zero_steps=100.0%  mean_RTG=0.0000±0.0000  max_RTG=0.0000  avg_len=1.0  min_len=1  ls=[0.5984, 0.5984, 8.1089, 13.7727, 17.8734]
[DT-GT] iter= 17 | dt_loss=0.002884  target_RTG=0.0000
[DT-GT] iter= 18 | zero_steps=100.0%  mean_RTG=0.0000±0.0000  max_RTG=0.0000  avg_len=1.0  min_len=1  ls=[0.5842, 0.5842, 8.1018, 13.7721, 17.8732]
[DT-GT] iter= 18 | dt_loss=0.001809  target_RTG=0.0000
[DT-GT] iter= 19 | zero_steps=100.0%  mean_RTG=0.0000±0.0000  max_RTG=0.0000  avg_len=1.0  min_len=1  ls=[0.573, 0.573, 8.095, 13.7716, 17.873]
[DT-GT] iter= 19 | dt_loss=0.001533  target_RTG=0.0000
[DT-GT] iter= 20 | zero_steps=100.0%  mean_RTG=0.0000±0.0000  max_RTG=0.0000  avg_len=1.0  min_len=1  ls=[0.565, 0.565, 8.0884, 13.771, 17.8729]
[DT-GT] iter= 20 | dt_loss=0.001269  target_RTG=0.0000
[DT-GT] iter= 21 | zero_steps=100.0%  mean_RTG=0.0000±0.0000  max_RTG=0.0000  avg_len=1.0  min_len=1  ls=[0.5622, 0.5622, 8.082, 13.7705, 17.8727]
[DT-GT] iter= 21 | dt_loss=0.001135  target_RTG=0.0000
[DT-GT] iter= 22 | zero_steps=100.0%  mean_RTG=0.0000±0.0000  max_RTG=0.0000  avg_len=1.0  min_len=1  ls=[0.5642, 0.5642, 8.0758, 13.77, 17.8726]
[DT-GT] iter= 22 | dt_loss=0.001405  target_RTG=0.0000
[DT-GT] iter= 23 | zero_steps=100.0%  mean_RTG=0.0000±0.0000  max_RTG=0.0000  avg_len=1.0  min_len=1  ls=[0.5594, 0.5594, 8.0697, 13.7696, 17.8725]
[DT-GT] iter= 23 | dt_loss=0.001101  target_RTG=0.0000
[DT-GT] iter= 24 | zero_steps=96.8%  mean_RTG=0.0001±0.0008  max_RTG=0.0042  avg_len=1.0  min_len=1  ls=[0.5463, 0.5463, 8.0636, 13.7691, 17.8723]
[DT-GT] iter= 24 | dt_loss=0.001647  target_RTG=0.0042
[DT-GT] iter= 25 | zero_steps=96.8%  mean_RTG=0.0000±0.0001  max_RTG=0.0006  avg_len=1.0  min_len=1  ls=[0.5598, 0.5598, 8.0577, 13.7686, 17.8722]
[DT-GT] iter= 25 | dt_loss=0.001882  target_RTG=0.0006
[DT-GT] iter= 26 | zero_steps=100.0%  mean_RTG=0.0000±0.0000  max_RTG=0.0000  avg_len=1.0  min_len=1  ls=[0.2667, 0.2667, 8.0518, 13.7682, 17.8721]
[DT-GT] iter= 26 | dt_loss=0.001569  target_RTG=0.0000
[DT-GT] iter= 27 | zero_steps=96.8%  mean_RTG=0.0003±0.0017  max_RTG=0.0093  avg_len=1.0  min_len=1  ls=[0.2481, 0.2481, 8.0461, 13.7678, 17.8719]
[DT-GT] iter= 27 | dt_loss=0.001487  target_RTG=0.0093
[DT-GT] iter= 28 | zero_steps=100.0%  mean_RTG=0.0000±0.0000  max_RTG=0.0000  avg_len=1.0  min_len=1  ls=[0.252, 0.252, 8.0403, 13.7673, 17.8718]
[DT-GT] iter= 28 | dt_loss=0.001066  target_RTG=0.0000
[DT-GT] iter= 29 | zero_steps=100.0%  mean_RTG=0.0000±0.0000  max_RTG=0.0000  avg_len=1.0  min_len=1  ls=[0.2381, 0.2381, 8.0346, 13.7669, 17.8717]
[DT-GT] iter= 29 | dt_loss=0.001391  target_RTG=0.0000
[DT-GT] iter= 30 | zero_steps=100.0%  mean_RTG=0.0000±0.0000  max_RTG=0.0000  avg_len=1.0  min_len=1  ls=[0.2328, 0.2328, 8.029, 13.7665, 17.8715]
[DT-GT] iter= 30 | dt_loss=0.001203  target_RTG=0.0000
final best = -0.0237
  [ckpt] 5/10 saved → res/floored_rtg_dtgp_ackley/floored_rtg_dtgp.ckpt.json

── Trial 6/10  (seed=5) ────────────────────────────────────────
  [DT-GP-floor05] running... Using device: cpu, dtype: torch.float64
Set random seed: 5
Save directory set to: res
Sampling 10 initial points using 'sobol' method...
Initializing BoTorch GP ensemble...
[DT-GP] iter=  1 | zero_steps=78.9%  mean_RTG=0.5087±1.3373  max_RTG=5.8543  avg_len=1.3  min_len=1  ls=[0.1, 8.2856, 11.0257, 13.6363, 16.2572]
[DT-GP] iter=  1 | dt_loss=0.817214  target_RTG=5.8543  floor=0.0000(active=0)
[DT-GP] iter=  2 | zero_steps=93.8%  mean_RTG=0.0095±0.0413  max_RTG=0.2241  avg_len=1.1  min_len=1  ls=[0.1, 11.3585, 13.964, 16.5125, 19.1653]
[DT-GP] iter=  2 | dt_loss=1.015386  target_RTG=2.9272  floor=2.9272(active=1)
[DT-GP] iter=  3 | zero_steps=93.8%  mean_RTG=0.1338±0.5051  max_RTG=2.2692  avg_len=1.1  min_len=1  ls=[0.1, 5.9991, 10.0744, 14.2972, 19.5706]
[DT-GP] iter=  3 | dt_loss=0.049683  target_RTG=2.9272  floor=2.9272(active=1)
[DT-GP] iter=  4 | zero_steps=78.9%  mean_RTG=0.2509±0.5747  max_RTG=1.9357  avg_len=1.3  min_len=1  ls=[3.1748, 2.6064, 7.0142, 11.9937, 17.8245]
[DT-GP] iter=  4 | dt_loss=6.143146  target_RTG=2.9272  floor=2.9272(active=1)
[DT-GP] iter=  5 | zero_steps=73.2%  mean_RTG=0.4122±0.8198  max_RTG=3.1826  avg_len=1.4  min_len=1  ls=[4.1698, 2.4073, 3.0513, 8.6703, 15.2612]
[DT-GP] iter=  5 | dt_loss=4.23175  target_RTG=3.1826  floor=2.9272(active=0)
[DT-GP] iter=  6 | zero_steps=65.2%  mean_RTG=0.5713±0.7233  max_RTG=2.1354  avg_len=1.5  min_len=1  ls=[4.7314, 3.556, 2.1761, 5.0731, 13.4244]
[DT-GP] iter=  6 | dt_loss=2.949273  target_RTG=2.9272  floor=2.9272(active=1)
[DT-GP] iter=  7 | zero_steps=60.4%  mean_RTG=0.5466±0.8489  max_RTG=3.4655  avg_len=1.6  min_len=1  ls=[5.0564, 4.2348, 2.6389, 2.0862, 12.9866]
[DT-GP] iter=  7 | dt_loss=0.506437  target_RTG=3.4655  floor=2.9272(active=0)
[DT-GP] iter=  8 | zero_steps=88.2%  mean_RTG=0.0416±0.1258  max_RTG=0.6186  avg_len=1.1  min_len=1  ls=[4.6193, 4.3176, 3.5818, 2.0575, 12.9337]
[DT-GP] iter=  8 | dt_loss=0.014505  target_RTG=2.9272  floor=2.9272(active=1)
[DT-GP] iter=  9 | zero_steps=100.0%  mean_RTG=0.0000±0.0000  max_RTG=0.0000  avg_len=1.0  min_len=1  ls=[3.4864, 3.2357, 2.9167, 2.3393, 12.9195]
[DT-GP] iter=  9 | dt_loss=0.013641  target_RTG=2.9272  floor=2.9272(active=1)
[DT-GP] iter= 10 | zero_steps=85.7%  mean_RTG=0.1321±0.4343  max_RTG=1.9619  avg_len=1.2  min_len=1  ls=[1.4124, 1.468, 1.4432, 1.7051, 12.9136]
[DT-GP] iter= 10 | dt_loss=0.074802  target_RTG=2.9272  floor=2.9272(active=1)
[DT-GP] iter= 11 | zero_steps=93.8%  mean_RTG=0.0279±0.1375  max_RTG=0.7653  avg_len=1.1  min_len=1  ls=[1.4769, 1.4732, 1.4739, 1.4748, 12.9102]
[DT-GP] iter= 11 | dt_loss=0.009631  target_RTG=2.9272  floor=2.9272(active=1)
[DT-GP] iter= 12 | zero_steps=85.7%  mean_RTG=0.2296±1.1208  max_RTG=6.2335  avg_len=1.2  min_len=1  ls=[1.4926, 1.4891, 1.4896, 1.4938, 12.9078]
[DT-GP] iter= 12 | dt_loss=0.038859  target_RTG=6.2335  floor=2.9272(active=0)
[DT-GP] iter= 13 | zero_steps=83.3%  mean_RTG=0.1966±0.4827  max_RTG=2.1039  avg_len=1.2  min_len=1  ls=[1.3979, 1.3985, 1.3984, 1.4016, 12.9059]
[DT-GP] iter= 13 | dt_loss=0.046632  target_RTG=3.1168  floor=3.1168(active=1)
[DT-GP] iter= 14 | zero_steps=76.9%  mean_RTG=0.1608±0.3464  max_RTG=1.3377  avg_len=1.3  min_len=1  ls=[1.4963, 1.4939, 1.4942, 1.4892, 12.9041]
[DT-GP] iter= 14 | dt_loss=0.036845  target_RTG=3.1168  floor=3.1168(active=1)
[DT-GP] iter= 15 | zero_steps=100.0%  mean_RTG=0.0000±0.0000  max_RTG=0.0000  avg_len=1.0  min_len=1  ls=[1.4262, 1.4255, 1.4256, 1.4246, 12.9025]
[DT-GP] iter= 15 | dt_loss=0.005504  target_RTG=3.1168  floor=3.1168(active=1)
[DT-GP] iter= 16 | zero_steps=96.8%  mean_RTG=0.0003±0.0015  max_RTG=0.0084  avg_len=1.0  min_len=1  ls=[0.7562, 0.7583, 0.7579, 0.7628, 12.901]
[DT-GP] iter= 16 | dt_loss=0.002565  target_RTG=3.1168  floor=3.1168(active=1)
[DT-GP] iter= 17 | zero_steps=96.8%  mean_RTG=0.0000±0.0003  max_RTG=0.0014  avg_len=1.0  min_len=1  ls=[0.7273, 0.7267, 0.7268, 0.7243, 12.8997]
[DT-GP] iter= 17 | dt_loss=0.003242  target_RTG=3.1168  floor=3.1168(active=1)
[DT-GP] iter= 18 | zero_steps=96.8%  mean_RTG=0.0038±0.0204  max_RTG=0.1137  avg_len=1.0  min_len=1  ls=[0.695, 0.6944, 0.6946, 0.6932, 12.8985]
[DT-GP] iter= 18 | dt_loss=0.00191  target_RTG=3.1168  floor=3.1168(active=1)
[DT-GP] iter= 19 | zero_steps=66.7%  mean_RTG=0.2571±0.9093  max_RTG=4.5787  avg_len=1.5  min_len=1  ls=[0.4144, 0.4148, 0.4147, 0.4158, 12.8973]
[DT-GP] iter= 19 | dt_loss=0.014817  target_RTG=4.5787  floor=3.1168(active=0)
[DT-GP] iter= 20 | zero_steps=69.8%  mean_RTG=0.0783±0.2868  max_RTG=1.6010  avg_len=1.4  min_len=1  ls=[0.457, 0.4568, 0.4568, 0.4562, 12.8963]
[DT-GP] iter= 20 | dt_loss=0.019708  target_RTG=3.1168  floor=3.1168(active=1)
[DT-GP] iter= 21 | zero_steps=81.1%  mean_RTG=0.0876±0.3219  max_RTG=1.4724  avg_len=1.2  min_len=1  ls=[0.473, 0.473, 0.473, 0.473, 12.8952]
[DT-GP] iter= 21 | dt_loss=0.003708  target_RTG=3.1168  floor=3.1168(active=1)
[DT-GP] iter= 22 | zero_steps=41.2%  mean_RTG=0.1523±0.4586  max_RTG=2.6133  avg_len=2.3  min_len=1  ls=[0.3504, 0.3504, 0.3504, 0.3504, 12.8943]
[DT-GP] iter= 22 | dt_loss=0.017791  target_RTG=3.1168  floor=3.1168(active=1)
[DT-GP] iter= 23 | zero_steps=46.8%  mean_RTG=0.0552±0.0334  max_RTG=0.1004  avg_len=2.1  min_len=1  ls=[0.3473, 0.3473, 0.3473, 0.3473, 12.8933]
[DT-GP] iter= 23 | dt_loss=0.023747  target_RTG=3.1168  floor=3.1168(active=1)
[DT-GP] iter= 24 | zero_steps=43.8%  mean_RTG=0.1443±0.4450  max_RTG=2.5280  avg_len=2.1  min_len=1  ls=[0.3271, 0.3271, 0.3271, 0.3272, 12.8924]
[DT-GP] iter= 24 | dt_loss=0.016928  target_RTG=3.1168  floor=3.1168(active=1)
[DT-GP] iter= 25 | zero_steps=38.9%  mean_RTG=0.0669±0.0415  max_RTG=0.1180  avg_len=2.4  min_len=1  ls=[0.3254, 0.3254, 0.3254, 0.3254, 12.8915]
[DT-GP] iter= 25 | dt_loss=0.01375  target_RTG=3.1168  floor=3.1168(active=1)
[DT-GP] iter= 26 | zero_steps=40.6%  mean_RTG=0.1128±0.2322  max_RTG=1.3454  avg_len=2.3  min_len=1  ls=[0.3276, 0.3276, 0.3276, 0.3276, 12.8906]
[DT-GP] iter= 26 | dt_loss=0.00871  target_RTG=3.1168  floor=3.1168(active=1)
[DT-GP] iter= 27 | zero_steps=36.8%  mean_RTG=0.1617±0.3432  max_RTG=1.9058  avg_len=2.5  min_len=1  ls=[0.324, 0.324, 0.324, 0.3241, 12.8898]
[DT-GP] iter= 27 | dt_loss=0.013016  target_RTG=3.1168  floor=3.1168(active=1)
[DT-GP] iter= 28 | zero_steps=46.9%  mean_RTG=0.1456±0.4041  max_RTG=2.3082  avg_len=2.1  min_len=1  ls=[0.3141, 0.3141, 0.3141, 0.3141, 12.8889]
[DT-GP] iter= 28 | dt_loss=0.020969  target_RTG=3.1168  floor=3.1168(active=1)
[DT-GP] iter= 29 | zero_steps=46.9%  mean_RTG=0.0710±0.0485  max_RTG=0.1735  avg_len=2.1  min_len=1  ls=[0.3069, 0.3069, 0.3069, 0.3069, 12.8881]
[DT-GP] iter= 29 | dt_loss=0.021229  target_RTG=3.1168  floor=3.1168(active=1)
[DT-GP] iter= 30 | zero_steps=45.5%  mean_RTG=0.1451±0.3637  max_RTG=2.0905  avg_len=2.2  min_len=1  ls=[0.2974, 0.2974, 0.2974, 0.2974, 12.8873]
[DT-GP] iter= 30 | dt_loss=0.018103  target_RTG=3.1168  floor=3.1168(active=1)
final best = -0.0481
  [DT-GP-floor02] running... Using device: cpu, dtype: torch.float64
Set random seed: 5
Save directory set to: res
Sampling 10 initial points using 'sobol' method...
Initializing BoTorch GP ensemble...
[DT-GP] iter=  1 | zero_steps=78.9%  mean_RTG=0.5087±1.3373  max_RTG=5.8543  avg_len=1.3  min_len=1  ls=[0.1, 8.2856, 11.0257, 13.6363, 16.2572]
[DT-GP] iter=  1 | dt_loss=0.817214  target_RTG=5.8543  floor=0.0000(active=0)
[DT-GP] iter=  2 | zero_steps=93.8%  mean_RTG=0.0095±0.0413  max_RTG=0.2241  avg_len=1.1  min_len=1  ls=[0.1, 11.3585, 13.964, 16.5125, 19.1653]
[DT-GP] iter=  2 | dt_loss=1.015386  target_RTG=1.1709  floor=1.1709(active=1)
[DT-GP] iter=  3 | zero_steps=90.9%  mean_RTG=0.1427±0.5342  max_RTG=2.3553  avg_len=1.1  min_len=1  ls=[0.1, 6.1246, 9.8093, 12.9649, 16.325]
[DT-GP] iter=  3 | dt_loss=0.060152  target_RTG=2.3553  floor=1.1709(active=0)
[DT-GP] iter=  4 | zero_steps=96.8%  mean_RTG=0.0105±0.0566  max_RTG=0.3156  avg_len=1.0  min_len=1  ls=[0.1, 2.6704, 7.2093, 10.7965, 14.4773]
[DT-GP] iter=  4 | dt_loss=0.038118  target_RTG=1.1709  floor=1.1709(active=1)
[DT-GP] iter=  5 | zero_steps=85.7%  mean_RTG=0.2716±0.9699  max_RTG=5.2966  avg_len=1.2  min_len=1  ls=[2.8532, 2.2328, 3.9502, 8.3599, 12.5203]
[DT-GP] iter=  5 | dt_loss=0.014593  target_RTG=5.2966  floor=1.1709(active=0)
[DT-GP] iter=  6 | zero_steps=81.1%  mean_RTG=0.1673±0.4488  max_RTG=1.8024  avg_len=1.2  min_len=1  ls=[2.3849, 2.6079, 2.0013, 5.2772, 10.6381]
[DT-GP] iter=  6 | dt_loss=0.013036  target_RTG=1.8024  floor=1.1709(active=0)
[DT-GP] iter=  7 | zero_steps=83.3%  mean_RTG=0.1805±0.7146  max_RTG=3.9425  avg_len=1.2  min_len=1  ls=[2.2361, 2.3072, 2.0834, 1.9244, 10.0298]
[DT-GP] iter=  7 | dt_loss=0.009328  target_RTG=3.9425  floor=1.1709(active=0)
[DT-GP] iter=  8 | zero_steps=93.8%  mean_RTG=0.0383±0.1551  max_RTG=0.8041  avg_len=1.1  min_len=1  ls=[1.8373, 1.8545, 2.4282, 1.7439, 9.9341]
[DT-GP] iter=  8 | dt_loss=0.005906  target_RTG=1.1709  floor=1.1709(active=1)
[DT-GP] iter=  9 | zero_steps=65.2%  mean_RTG=0.2337±0.4263  max_RTG=1.5775  avg_len=1.5  min_len=1  ls=[1.4576, 1.461, 1.5964, 1.9455, 9.9007]
[DT-GP] iter=  9 | dt_loss=0.05189  target_RTG=1.5775  floor=1.1709(active=0)
[DT-GP] iter= 10 | zero_steps=81.1%  mean_RTG=0.2039±0.5643  max_RTG=2.8158  avg_len=1.2  min_len=1  ls=[1.2707, 1.2708, 1.2715, 2.1399, 9.8806]
[DT-GP] iter= 10 | dt_loss=0.005145  target_RTG=2.8158  floor=1.1709(active=0)
[DT-GP] iter= 11 | zero_steps=52.7%  mean_RTG=1.2340±1.0800  max_RTG=3.3351  avg_len=1.8  min_len=1  ls=[0.8602, 0.86, 0.858, 1.2687, 9.8672]
[DT-GP] iter= 11 | dt_loss=0.044905  target_RTG=3.3351  floor=1.1709(active=0)
[DT-GP] iter= 12 | zero_steps=34.2%  mean_RTG=1.7013±1.1920  max_RTG=4.8079  avg_len=2.5  min_len=1  ls=[0.8466, 0.8473, 0.8615, 0.844, 9.8566]
[DT-GP] iter= 12 | dt_loss=0.039852  target_RTG=4.8079  floor=1.1709(active=0)
[DT-GP] iter= 13 | zero_steps=53.6%  mean_RTG=0.7935±0.9761  max_RTG=3.6623  avg_len=1.9  min_len=1  ls=[1.055, 1.0573, 1.0709, 0.7221, 9.8477]
[DT-GP] iter= 13 | dt_loss=0.028012  target_RTG=3.6623  floor=1.1709(active=0)
[DT-GP] iter= 14 | zero_steps=81.1%  mean_RTG=0.0440±0.1230  max_RTG=0.5888  avg_len=1.2  min_len=1  ls=[0.4964, 0.4972, 0.5091, 0.4568, 9.84]
[DT-GP] iter= 14 | dt_loss=0.003018  target_RTG=1.1709  floor=1.1709(active=1)
[DT-GP] iter= 15 | zero_steps=40.0%  mean_RTG=0.1623±0.1252  max_RTG=0.4903  avg_len=2.3  min_len=1  ls=[0.4155, 0.4157, 0.415, 0.4207, 9.8331]
[DT-GP] iter= 15 | dt_loss=0.00777  target_RTG=1.1709  floor=1.1709(active=1)
[DT-GP] iter= 16 | zero_steps=51.7%  mean_RTG=0.1488±0.1316  max_RTG=0.4465  avg_len=1.9  min_len=1  ls=[0.4314, 0.4316, 0.4326, 0.4312, 9.8267]
[DT-GP] iter= 16 | dt_loss=0.008914  target_RTG=1.1709  floor=1.1709(active=1)
[DT-GP] iter= 17 | zero_steps=47.6%  mean_RTG=0.1974±0.2728  max_RTG=1.5015  avg_len=2.1  min_len=1  ls=[0.4303, 0.4303, 0.4291, 0.4289, 9.8207]
[DT-GP] iter= 17 | dt_loss=0.011795  target_RTG=1.5015  floor=1.1709(active=0)
[DT-GP] iter= 18 | zero_steps=33.7%  mean_RTG=0.3518±0.5413  max_RTG=3.1703  avg_len=2.8  min_len=1  ls=[0.3787, 0.3787, 0.3777, 0.3775, 9.8152]
[DT-GP] iter= 18 | dt_loss=0.012693  target_RTG=3.1703  floor=1.1709(active=0)
[DT-GP] iter= 19 | zero_steps=45.3%  mean_RTG=0.2909±0.7866  max_RTG=4.4871  avg_len=2.1  min_len=1  ls=[0.4161, 0.4162, 0.4177, 0.4181, 9.81]
[DT-GP] iter= 19 | dt_loss=0.016006  target_RTG=4.4871  floor=1.1709(active=0)
[DT-GP] iter= 20 | zero_steps=38.4%  mean_RTG=0.2162±0.1664  max_RTG=0.8892  avg_len=2.4  min_len=1  ls=[0.3879, 0.3879, 0.3873, 0.3873, 9.8051]
[DT-GP] iter= 20 | dt_loss=0.009976  target_RTG=1.1709  floor=1.1709(active=1)
[DT-GP] iter= 21 | zero_steps=35.5%  mean_RTG=0.2182±0.1239  max_RTG=0.3845  avg_len=2.5  min_len=1  ls=[0.3745, 0.3745, 0.3742, 0.3741, 9.8005]
[DT-GP] iter= 21 | dt_loss=0.010939  target_RTG=1.1709  floor=1.1709(active=1)
[DT-GP] iter= 22 | zero_steps=31.8%  mean_RTG=0.3874±0.5384  max_RTG=3.1799  avg_len=2.8  min_len=1  ls=[0.3462, 0.3462, 0.3463, 0.3463, 9.7961]
[DT-GP] iter= 22 | dt_loss=0.010978  target_RTG=3.1799  floor=1.1709(active=0)
[DT-GP] iter= 23 | zero_steps=32.9%  mean_RTG=0.2771±0.1887  max_RTG=0.5086  avg_len=2.5  min_len=1  ls=[0.3372, 0.3372, 0.3372, 0.3372, 9.7918]
[DT-GP] iter= 23 | dt_loss=0.013619  target_RTG=1.1709  floor=1.1709(active=1)
[DT-GP] iter= 24 | zero_steps=31.7%  mean_RTG=0.3399±0.1918  max_RTG=0.5904  avg_len=2.7  min_len=1  ls=[0.3369, 0.3369, 0.3369, 0.3369, 9.7876]
[DT-GP] iter= 24 | dt_loss=0.009675  target_RTG=1.1709  floor=1.1709(active=1)
[DT-GP] iter= 25 | zero_steps=38.7%  mean_RTG=0.2401±0.2957  max_RTG=1.7564  avg_len=2.5  min_len=1  ls=[0.3265, 0.3265, 0.3266, 0.3266, 9.7836]
[DT-GP] iter= 25 | dt_loss=0.004836  target_RTG=1.7564  floor=1.1709(active=0)
[DT-GP] iter= 26 | zero_steps=47.6%  mean_RTG=0.2890±0.8612  max_RTG=4.9111  avg_len=2.1  min_len=1  ls=[0.3466, 0.3466, 0.3466, 0.3466, 9.7797]
[DT-GP] iter= 26 | dt_loss=0.01285  target_RTG=4.9111  floor=1.1709(active=0)
[DT-GP] iter= 27 | zero_steps=37.8%  mean_RTG=0.1233±0.0770  max_RTG=0.2610  avg_len=2.5  min_len=1  ls=[0.3362, 0.3362, 0.3362, 0.3362, 9.7759]
[DT-GP] iter= 27 | dt_loss=0.013346  target_RTG=1.1709  floor=1.1709(active=1)
[DT-GP] iter= 28 | zero_steps=46.2%  mean_RTG=0.1942±0.4222  max_RTG=2.4242  avg_len=2.2  min_len=1  ls=[0.3241, 0.3241, 0.3241, 0.3241, 9.7722]
[DT-GP] iter= 28 | dt_loss=0.008657  target_RTG=2.4242  floor=1.1709(active=0)
[DT-GP] iter= 29 | zero_steps=40.0%  mean_RTG=0.1765±0.4119  max_RTG=2.3785  avg_len=2.5  min_len=1  ls=[0.3432, 0.3432, 0.3432, 0.3432, 9.7686]
[DT-GP] iter= 29 | dt_loss=0.012043  target_RTG=2.3785  floor=1.1709(active=0)
[DT-GP] iter= 30 | zero_steps=41.4%  mean_RTG=0.2714±0.6689  max_RTG=3.5172  avg_len=2.3  min_len=1  ls=[0.3412, 0.3412, 0.3412, 0.3412, 9.7651]
[DT-GP] iter= 30 | dt_loss=0.011281  target_RTG=3.5171  floor=1.1709(active=0)
final best = -0.2588
  [DT-GP-floor01] running... Using device: cpu, dtype: torch.float64
Set random seed: 5
Save directory set to: res
Sampling 10 initial points using 'sobol' method...
Initializing BoTorch GP ensemble...
[DT-GP] iter=  1 | zero_steps=78.9%  mean_RTG=0.5087±1.3373  max_RTG=5.8543  avg_len=1.3  min_len=1  ls=[0.1, 8.2856, 11.0257, 13.6363, 16.2572]
[DT-GP] iter=  1 | dt_loss=0.817214  target_RTG=5.8543  floor=0.0000(active=0)
[DT-GP] iter=  2 | zero_steps=93.8%  mean_RTG=0.0095±0.0413  max_RTG=0.2241  avg_len=1.1  min_len=1  ls=[0.1, 11.3585, 13.964, 16.5125, 19.1653]
[DT-GP] iter=  2 | dt_loss=1.015386  target_RTG=0.5854  floor=0.5854(active=1)
[DT-GP] iter=  3 | zero_steps=93.8%  mean_RTG=0.1348±0.5085  max_RTG=2.2750  avg_len=1.1  min_len=1  ls=[0.1, 5.9802, 9.6986, 13.2975, 18.2132]
[DT-GP] iter=  3 | dt_loss=0.058898  target_RTG=2.2750  floor=0.5854(active=0)
[DT-GP] iter=  4 | zero_steps=73.2%  mean_RTG=0.3346±0.6435  max_RTG=2.0139  avg_len=1.4  min_len=1  ls=[3.3234, 2.4902, 6.312, 10.5229, 16.0376]
[DT-GP] iter=  4 | dt_loss=5.032292  target_RTG=2.0139  floor=0.5854(active=0)
[DT-GP] iter=  5 | zero_steps=73.2%  mean_RTG=0.3683±0.7124  max_RTG=2.5798  avg_len=1.4  min_len=1  ls=[4.0374, 2.4451, 2.4822, 6.8957, 13.1491]
[DT-GP] iter=  5 | dt_loss=4.04556  target_RTG=2.5798  floor=0.5854(active=0)
[DT-GP] iter=  6 | zero_steps=62.5%  mean_RTG=0.2713±0.6759  max_RTG=3.6310  avg_len=1.6  min_len=1  ls=[2.6956, 2.9674, 2.2205, 3.6179, 11.3183]
[DT-GP] iter=  6 | dt_loss=1.451675  target_RTG=3.6310  floor=0.5854(active=0)
[DT-GP] iter=  7 | zero_steps=88.2%  mean_RTG=0.0919±0.2694  max_RTG=1.1383  avg_len=1.1  min_len=1  ls=[1.1515, 3.0213, 2.3827, 2.0937, 10.6674]
[DT-GP] iter=  7 | dt_loss=0.017971  target_RTG=1.1383  floor=0.5854(active=0)
[DT-GP] iter=  8 | zero_steps=73.2%  mean_RTG=0.1181±0.2803  max_RTG=1.2236  avg_len=1.4  min_len=1  ls=[1.353, 2.0903, 2.1856, 2.0503, 10.5785]
[DT-GP] iter=  8 | dt_loss=0.649578  target_RTG=1.2236  floor=0.5854(active=0)
[DT-GP] iter=  9 | zero_steps=64.3%  mean_RTG=0.0963±0.2490  max_RTG=1.0062  avg_len=1.4  min_len=1  ls=[1.1818, 2.2667, 2.2547, 2.286, 10.5563]
[DT-GP] iter=  9 | dt_loss=0.102427  target_RTG=1.0062  floor=0.5854(active=0)
[DT-GP] iter= 10 | zero_steps=62.5%  mean_RTG=0.1551±0.3609  max_RTG=1.8361  avg_len=1.6  min_len=1  ls=[1.0751, 2.3876, 2.3818, 2.4892, 10.5429]
[DT-GP] iter= 10 | dt_loss=0.0745  target_RTG=1.8361  floor=0.5854(active=0)
[DT-GP] iter= 11 | zero_steps=64.4%  mean_RTG=0.1037±0.1951  max_RTG=0.5714  avg_len=1.5  min_len=1  ls=[1.064, 2.4275, 2.4274, 2.421, 10.5329]
[DT-GP] iter= 11 | dt_loss=0.135867  target_RTG=0.5854  floor=0.5854(active=1)
[DT-GP] iter= 12 | zero_steps=71.4%  mean_RTG=0.4259±0.9423  max_RTG=3.1344  avg_len=1.4  min_len=1  ls=[0.5567, 2.3266, 2.3296, 2.3349, 10.5249]
[DT-GP] iter= 12 | dt_loss=0.065281  target_RTG=3.1344  floor=0.5854(active=0)
[DT-GP] iter= 13 | zero_steps=78.9%  mean_RTG=0.3671±0.9724  max_RTG=3.5411  avg_len=1.3  min_len=1  ls=[0.6471, 2.1203, 2.1194, 2.1188, 10.5185]
[DT-GP] iter= 13 | dt_loss=0.053557  target_RTG=3.5411  floor=0.5854(active=0)
[DT-GP] iter= 14 | zero_steps=81.1%  mean_RTG=0.3922±1.0651  max_RTG=4.2593  avg_len=1.2  min_len=1  ls=[0.6357, 2.0469, 2.0475, 2.0483, 10.5131]
[DT-GP] iter= 14 | dt_loss=0.102178  target_RTG=4.2593  floor=0.5854(active=0)
[DT-GP] iter= 15 | zero_steps=93.8%  mean_RTG=0.0053±0.0207  max_RTG=0.1031  avg_len=1.1  min_len=1  ls=[1.1402, 1.9283, 1.9284, 1.9302, 10.5083]
[DT-GP] iter= 15 | dt_loss=0.004649  target_RTG=0.5854  floor=0.5854(active=1)
[DT-GP] iter= 16 | zero_steps=71.4%  mean_RTG=0.2084±0.4151  max_RTG=1.9253  avg_len=1.4  min_len=1  ls=[1.0101, 0.9835, 0.9836, 0.9835, 10.504]
[DT-GP] iter= 16 | dt_loss=0.029799  target_RTG=1.9253  floor=0.5854(active=0)
[DT-GP] iter= 17 | zero_steps=93.8%  mean_RTG=0.0014±0.0061  max_RTG=0.0334  avg_len=1.1  min_len=1  ls=[1.113, 1.1113, 1.1115, 1.1134, 10.5002]
[DT-GP] iter= 17 | dt_loss=0.002035  target_RTG=0.5854  floor=0.5854(active=1)
[DT-GP] iter= 18 | zero_steps=96.8%  mean_RTG=0.0004±0.0022  max_RTG=0.0124  avg_len=1.0  min_len=1  ls=[1.0368, 1.0389, 1.0388, 1.0382, 10.4967]
[DT-GP] iter= 18 | dt_loss=0.002197  target_RTG=0.5854  floor=0.5854(active=1)
[DT-GP] iter= 19 | zero_steps=85.7%  mean_RTG=0.0408±0.1171  max_RTG=0.5115  avg_len=1.2  min_len=1  ls=[0.7874, 0.7883, 0.7883, 0.788, 10.4935]
[DT-GP] iter= 19 | dt_loss=0.002152  target_RTG=0.5854  floor=0.5854(active=1)
[DT-GP] iter= 20 | zero_steps=76.9%  mean_RTG=0.0765±0.1553  max_RTG=0.5044  avg_len=1.3  min_len=1  ls=[0.6531, 0.651, 0.651, 0.6509, 10.4906]
[DT-GP] iter= 20 | dt_loss=0.022236  target_RTG=0.5854  floor=0.5854(active=1)
[DT-GP] iter= 21 | zero_steps=58.8%  mean_RTG=0.1172±0.1366  max_RTG=0.4565  avg_len=1.7  min_len=1  ls=[0.4661, 0.4654, 0.4654, 0.4654, 10.4878]
[DT-GP] iter= 21 | dt_loss=0.014108  target_RTG=0.5854  floor=0.5854(active=1)
[DT-GP] iter= 22 | zero_steps=38.2%  mean_RTG=0.2845±0.2080  max_RTG=0.8610  avg_len=2.5  min_len=1  ls=[0.4111, 0.4108, 0.4108, 0.4108, 10.4851]
[DT-GP] iter= 22 | dt_loss=0.006851  target_RTG=0.8610  floor=0.5854(active=0)
[DT-GP] iter= 23 | zero_steps=40.3%  mean_RTG=0.4198±0.6821  max_RTG=3.4305  avg_len=2.4  min_len=1  ls=[0.4209, 0.4208, 0.4208, 0.4208, 10.4825]
[DT-GP] iter= 23 | dt_loss=0.007054  target_RTG=3.4305  floor=0.5854(active=0)
[DT-GP] iter= 24 | zero_steps=46.9%  mean_RTG=0.1947±0.1590  max_RTG=0.5223  avg_len=2.1  min_len=1  ls=[0.4203, 0.4204, 0.4204, 0.4204, 10.4801]
[DT-GP] iter= 24 | dt_loss=0.008236  target_RTG=0.5854  floor=0.5854(active=1)
[DT-GP] iter= 25 | zero_steps=37.0%  mean_RTG=0.2424±0.1560  max_RTG=0.5547  avg_len=2.4  min_len=1  ls=[0.4095, 0.4093, 0.4093, 0.4093, 10.4777]
[DT-GP] iter= 25 | dt_loss=0.00797  target_RTG=0.5854  floor=0.5854(active=1)
[DT-GP] iter= 26 | zero_steps=28.9%  mean_RTG=0.3742±0.1962  max_RTG=0.5892  avg_len=3.0  min_len=1  ls=[0.3387, 0.3391, 0.3391, 0.3391, 10.4754]
[DT-GP] iter= 26 | dt_loss=0.007921  target_RTG=0.5892  floor=0.5854(active=0)
[DT-GP] iter= 27 | zero_steps=35.4%  mean_RTG=0.3384±0.2126  max_RTG=0.7637  avg_len=2.6  min_len=1  ls=[0.3376, 0.338, 0.338, 0.338, 10.4731]
[DT-GP] iter= 27 | dt_loss=0.010371  target_RTG=0.7637  floor=0.5854(active=0)
[DT-GP] iter= 28 | zero_steps=26.4%  mean_RTG=0.4264±0.2931  max_RTG=1.6308  avg_len=2.9  min_len=1  ls=[0.3388, 0.3394, 0.3394, 0.3394, 10.4709]
[DT-GP] iter= 28 | dt_loss=0.008405  target_RTG=1.6308  floor=0.5854(active=0)
[DT-GP] iter= 29 | zero_steps=31.8%  mean_RTG=0.3480±0.1987  max_RTG=0.6700  avg_len=2.9  min_len=1  ls=[0.3402, 0.3381, 0.3381, 0.3381, 10.4688]
[DT-GP] iter= 29 | dt_loss=0.006314  target_RTG=0.6700  floor=0.5854(active=0)
[DT-GP] iter= 30 | zero_steps=38.0%  mean_RTG=0.5012±0.9243  max_RTG=5.0041  avg_len=2.6  min_len=1  ls=[0.3361, 0.3355, 0.3355, 0.3355, 10.4667]
[DT-GP] iter= 30 | dt_loss=0.009109  target_RTG=5.0041  floor=0.5854(active=0)
final best = -0.2096
  [DT-GT-dynamic] running... Using device: cpu, dtype: torch.float64
Set random seed: 5
Save directory set to: res
Sampling 10 initial points using 'sobol' method...
Initializing BoTorch GP ensemble...
[DT-GT] iter=  1 | zero_steps=75.7%  mean_RTG=0.0578±0.2266  max_RTG=1.1333  avg_len=1.2  min_len=1  ls=[0.1, 8.2856, 11.0257, 13.6363, 16.2572]
[DT-GT] iter=  1 | dt_loss=1.519603  target_RTG=1.1333
[DT-GT] iter=  2 | zero_steps=87.9%  mean_RTG=0.0256±0.1377  max_RTG=0.7673  avg_len=1.1  min_len=1  ls=[0.1, 11.3363, 13.9395, 16.5017, 19.1576]
[DT-GT] iter=  2 | dt_loss=10.811359  target_RTG=0.7672
[DT-GT] iter=  3 | zero_steps=85.3%  mean_RTG=0.0703±0.2640  max_RTG=1.1342  avg_len=1.1  min_len=1  ls=[0.1, 6.4589, 10.1338, 13.1025, 15.9748]
[DT-GT] iter=  3 | dt_loss=8.974008  target_RTG=1.1342
[DT-GT] iter=  4 | zero_steps=63.6%  mean_RTG=0.7379±1.5546  max_RTG=5.3226  avg_len=1.5  min_len=1  ls=[0.1, 2.9179, 7.0495, 10.416, 13.493]
[DT-GT] iter=  4 | dt_loss=3.569092  target_RTG=5.3226
[DT-GT] iter=  5 | zero_steps=45.3%  mean_RTG=2.1940±2.1790  max_RTG=5.9709  avg_len=2.1  min_len=1  ls=[3.1106, 2.3769, 2.9083, 6.5683, 9.988]
[DT-GT] iter=  5 | dt_loss=2.627361  target_RTG=5.9709
[DT-GT] iter=  6 | zero_steps=36.7%  mean_RTG=2.7266±1.8085  max_RTG=5.8305  avg_len=2.6  min_len=1  ls=[3.6524, 3.0864, 2.265, 2.5847, 6.4973]
[DT-GT] iter=  6 | dt_loss=0.126008  target_RTG=5.8305
[DT-GT] iter=  7 | zero_steps=35.7%  mean_RTG=3.1819±1.4209  max_RTG=5.8301  avg_len=2.8  min_len=1  ls=[3.9706, 3.624, 2.624, 2.2454, 3.5212]
[DT-GT] iter=  7 | dt_loss=0.530581  target_RTG=5.8301
[DT-GT] iter=  8 | zero_steps=37.5%  mean_RTG=3.7990±1.8421  max_RTG=5.7777  avg_len=2.7  min_len=1  ls=[4.4969, 4.3566, 3.6504, 2.3227, 2.1854]
[DT-GT] iter=  8 | dt_loss=0.143336  target_RTG=5.7777
[DT-GT] iter=  9 | zero_steps=33.7%  mean_RTG=4.4343±1.0887  max_RTG=5.9712  avg_len=3.0  min_len=2  ls=[4.6941, 4.6935, 4.2832, 3.4287, 2.2619]
[DT-GT] iter=  9 | dt_loss=0.009233  target_RTG=5.9712
[DT-GT] iter= 10 | zero_steps=34.5%  mean_RTG=4.9685±0.6546  max_RTG=6.0106  avg_len=2.9  min_len=2  ls=[4.5832, 4.5858, 4.5883, 4.0353, 2.7185]
[DT-GT] iter= 10 | dt_loss=0.006864  target_RTG=6.0106
[DT-GT] iter= 11 | zero_steps=33.7%  mean_RTG=5.0212±0.7508  max_RTG=6.0464  avg_len=3.0  min_len=2  ls=[4.6181, 4.6084, 4.6078, 4.4713, 3.6904]
[DT-GT] iter= 11 | dt_loss=0.005107  target_RTG=6.0464
[DT-GT] iter= 12 | zero_steps=31.9%  mean_RTG=5.0245±0.7269  max_RTG=6.0407  avg_len=3.0  min_len=3  ls=[4.541, 4.5425, 4.5431, 4.55, 4.2185]
[DT-GT] iter= 12 | dt_loss=0.005533  target_RTG=6.0407
[DT-GT] iter= 13 | zero_steps=33.7%  mean_RTG=4.8219±0.7708  max_RTG=5.9006  avg_len=3.0  min_len=2  ls=[4.537, 4.5366, 4.536, 4.5363, 4.5353]
[DT-GT] iter= 13 | dt_loss=0.004619  target_RTG=5.9006
[DT-GT] iter= 14 | zero_steps=34.1%  mean_RTG=4.9064±0.4873  max_RTG=5.4889  avg_len=2.9  min_len=2  ls=[4.5238, 4.5242, 4.5248, 4.5239, 4.5279]
[DT-GT] iter= 14 | dt_loss=0.00317  target_RTG=5.4889
[DT-GT] iter= 15 | zero_steps=34.1%  mean_RTG=4.6712±0.8002  max_RTG=5.8492  avg_len=2.9  min_len=2  ls=[4.5056, 4.5053, 4.5049, 4.5056, 4.5035]
[DT-GT] iter= 15 | dt_loss=0.003806  target_RTG=5.8492
[DT-GT] iter= 16 | zero_steps=33.7%  mean_RTG=4.7542±0.5915  max_RTG=5.9571  avg_len=3.0  min_len=2  ls=[4.4997, 4.4999, 4.5003, 4.4997, 4.5015]
[DT-GT] iter= 16 | dt_loss=0.002727  target_RTG=5.9571
[DT-GT] iter= 17 | zero_steps=34.1%  mean_RTG=4.8309±0.5895  max_RTG=5.8726  avg_len=2.9  min_len=2  ls=[4.4757, 4.4756, 4.4754, 4.4757, 4.475]
[DT-GT] iter= 17 | dt_loss=0.004521  target_RTG=5.8726
[DT-GT] iter= 18 | zero_steps=33.7%  mean_RTG=4.8362±0.6911  max_RTG=5.8937  avg_len=3.0  min_len=2  ls=[4.5124, 4.5125, 4.5126, 4.5124, 4.5128]
[DT-GT] iter= 18 | dt_loss=0.003478  target_RTG=5.8937
[DT-GT] iter= 19 | zero_steps=33.3%  mean_RTG=4.6295±0.7684  max_RTG=5.5778  avg_len=3.0  min_len=2  ls=[4.4869, 4.4869, 4.4869, 4.4869, 4.4869]
[DT-GT] iter= 19 | dt_loss=0.003603  target_RTG=5.5778
[DT-GT] iter= 20 | zero_steps=33.0%  mean_RTG=4.7989±0.5608  max_RTG=5.8776  avg_len=3.0  min_len=3  ls=[4.497, 4.497, 4.497, 4.497, 4.497]
[DT-GT] iter= 20 | dt_loss=0.003906  target_RTG=5.8776
[DT-GT] iter= 21 | zero_steps=34.5%  mean_RTG=4.7308±0.6806  max_RTG=5.8372  avg_len=2.9  min_len=2  ls=[4.5074, 4.5074, 4.5074, 4.5074, 4.5074]
[DT-GT] iter= 21 | dt_loss=0.003967  target_RTG=5.8372
[DT-GT] iter= 22 | zero_steps=49.2%  mean_RTG=3.2382±0.4124  max_RTG=4.2353  avg_len=2.0  min_len=2  ls=[3.2546, 3.2546, 3.2546, 3.2546, 3.2546]
[DT-GT] iter= 22 | dt_loss=0.002879  target_RTG=4.2353
[DT-GT] iter= 23 | zero_steps=39.2%  mean_RTG=1.8551±0.3754  max_RTG=3.0735  avg_len=2.5  min_len=2  ls=[2.8221, 2.8221, 2.8221, 2.8221, 2.8221]
[DT-GT] iter= 23 | dt_loss=0.011968  target_RTG=3.0735
[DT-GT] iter= 24 | zero_steps=40.5%  mean_RTG=1.9767±0.2980  max_RTG=2.5935  avg_len=2.5  min_len=2  ls=[3.0171, 3.0171, 3.0171, 3.0171, 3.0171]
[DT-GT] iter= 24 | dt_loss=0.007433  target_RTG=2.5935
[DT-GT] iter= 25 | zero_steps=37.7%  mean_RTG=2.1684±0.4623  max_RTG=3.4434  avg_len=2.6  min_len=2  ls=[3.0754, 3.0754, 3.0754, 3.0754, 3.0754]
[DT-GT] iter= 25 | dt_loss=0.005073  target_RTG=3.4434
[DT-GT] iter= 26 | zero_steps=35.4%  mean_RTG=2.0752±0.3909  max_RTG=3.3298  avg_len=2.6  min_len=2  ls=[3.1089, 3.1089, 3.1089, 3.1089, 3.1089]
[DT-GT] iter= 26 | dt_loss=0.004345  target_RTG=3.3298
[DT-GT] iter= 27 | zero_steps=36.7%  mean_RTG=2.0593±0.5400  max_RTG=3.9229  avg_len=2.6  min_len=2  ls=[3.1849, 3.1849, 3.1849, 3.1849, 3.1849]
[DT-GT] iter= 27 | dt_loss=0.003996  target_RTG=3.9229
[DT-GT] iter= 28 | zero_steps=40.5%  mean_RTG=1.8934±0.3867  max_RTG=3.2579  avg_len=2.5  min_len=2  ls=[3.3245, 3.3245, 3.3245, 3.3245, 3.3245]
[DT-GT] iter= 28 | dt_loss=0.005425  target_RTG=3.2579
[DT-GT] iter= 29 | zero_steps=42.0%  mean_RTG=2.0369±0.4914  max_RTG=3.1835  avg_len=2.3  min_len=2  ls=[3.554, 3.554, 3.554, 3.554, 3.554]
[DT-GT] iter= 29 | dt_loss=0.004031  target_RTG=3.1835
[DT-GT] iter= 30 | zero_steps=42.9%  mean_RTG=1.9221±0.4778  max_RTG=3.4395  avg_len=2.3  min_len=2  ls=[3.6034, 3.6034, 3.6034, 3.6034, 3.6034]
[DT-GT] iter= 30 | dt_loss=0.003541  target_RTG=3.4395
final best = -4.6818
  [ckpt] 6/10 saved → res/floored_rtg_dtgp_ackley/floored_rtg_dtgp.ckpt.json

── Trial 7/10  (seed=6) ────────────────────────────────────────
  [DT-GP-floor05] running... Using device: cpu, dtype: torch.float64
Set random seed: 6
Save directory set to: res
Sampling 10 initial points using 'sobol' method...
Initializing BoTorch GP ensemble...
[DT-GP] iter=  1 | zero_steps=96.8%  mean_RTG=0.0519±0.2796  max_RTG=1.5578  avg_len=1.0  min_len=1  ls=[0.1, 8.3168, 11.212, 13.7352, 16.3429]
[DT-GP] iter=  1 | dt_loss=0.235378  target_RTG=1.5578  floor=0.0000(active=0)
[DT-GP] iter=  2 | zero_steps=96.8%  mean_RTG=0.0030±0.0160  max_RTG=0.0890  avg_len=1.0  min_len=1  ls=[2.3802, 3.1223, 11.5179, 15.0962, 18.1778]
[DT-GP] iter=  2 | dt_loss=0.018612  target_RTG=0.7789  floor=0.7789(active=1)
[DT-GP] iter=  3 | zero_steps=93.8%  mean_RTG=0.0735±0.3021  max_RTG=1.5869  avg_len=1.1  min_len=1  ls=[2.3069, 2.0738, 8.4367, 12.5381, 16.1626]
[DT-GP] iter=  3 | dt_loss=0.007252  target_RTG=1.5869  floor=0.7789(active=0)
[DT-GP] iter=  4 | zero_steps=93.8%  mean_RTG=0.1469±0.7693  max_RTG=4.2883  avg_len=1.1  min_len=1  ls=[2.1761, 2.0857, 5.0004, 10.0487, 14.1342]
[DT-GP] iter=  4 | dt_loss=0.006773  target_RTG=4.2883  floor=0.7935(active=0)
[DT-GP] iter=  5 | zero_steps=63.0%  mean_RTG=0.1808±0.3039  max_RTG=0.9470  avg_len=1.5  min_len=1  ls=[1.393, 1.3975, 1.515, 7.0006, 11.9191]
[DT-GP] iter=  5 | dt_loss=0.104055  target_RTG=2.1442  floor=2.1442(active=1)
[DT-GP] iter=  6 | zero_steps=69.8%  mean_RTG=0.3088±0.7394  max_RTG=3.9493  avg_len=1.4  min_len=1  ls=[1.2636, 1.2627, 1.5544, 3.4147, 10.1383]
[DT-GP] iter=  6 | dt_loss=0.094835  target_RTG=3.9493  floor=2.1442(active=0)
[DT-GP] iter=  7 | zero_steps=81.1%  mean_RTG=0.1880±0.4774  max_RTG=1.8193  avg_len=1.2  min_len=1  ls=[1.3151, 1.3201, 1.8689, 1.3015, 9.6181]
[DT-GP] iter=  7 | dt_loss=0.131971  target_RTG=2.1442  floor=2.1442(active=1)
[DT-GP] iter=  8 | zero_steps=85.7%  mean_RTG=0.1418±0.4763  max_RTG=2.4363  avg_len=1.2  min_len=1  ls=[1.4555, 1.456, 2.0051, 1.3051, 9.5345]
[DT-GP] iter=  8 | dt_loss=0.003844  target_RTG=2.4363  floor=2.1442(active=0)
[DT-GP] iter=  9 | zero_steps=76.9%  mean_RTG=0.3670±1.0010  max_RTG=5.1910  avg_len=1.3  min_len=1  ls=[1.3695, 1.3694, 1.379, 1.5885, 9.5043]
[DT-GP] iter=  9 | dt_loss=0.104413  target_RTG=5.1910  floor=2.1442(active=0)
[DT-GP] iter= 10 | zero_steps=93.8%  mean_RTG=0.0239±0.1105  max_RTG=0.6099  avg_len=1.1  min_len=1  ls=[1.4721, 1.4735, 1.4664, 1.9185, 9.4859]
[DT-GP] iter= 10 | dt_loss=0.003417  target_RTG=2.5955  floor=2.5955(active=1)
[DT-GP] iter= 11 | zero_steps=90.9%  mean_RTG=0.1796±0.7912  max_RTG=4.3654  avg_len=1.1  min_len=1  ls=[1.4078, 1.408, 1.4102, 1.3234, 9.4723]
[DT-GP] iter= 11 | dt_loss=0.002246  target_RTG=4.3654  floor=2.5955(active=0)
[DT-GP] iter= 12 | zero_steps=88.2%  mean_RTG=0.1574±0.5973  max_RTG=3.2358  avg_len=1.1  min_len=1  ls=[1.4162, 1.4162, 1.4164, 1.4215, 9.4614]
[DT-GP] iter= 12 | dt_loss=0.002655  target_RTG=3.2358  floor=2.5955(active=0)
[DT-GP] iter= 13 | zero_steps=90.9%  mean_RTG=0.0382±0.1428  max_RTG=0.5740  avg_len=1.1  min_len=1  ls=[1.3702, 1.3702, 1.3702, 1.3688, 9.4522]
[DT-GP] iter= 13 | dt_loss=0.088454  target_RTG=2.5955  floor=2.5955(active=1)
[DT-GP] iter= 14 | zero_steps=40.6%  mean_RTG=0.3503±0.2027  max_RTG=0.7099  avg_len=2.3  min_len=1  ls=[0.4735, 0.4735, 0.4736, 0.4737, 9.4442]
[DT-GP] iter= 14 | dt_loss=0.033909  target_RTG=2.5955  floor=2.5955(active=1)
[DT-GP] iter= 15 | zero_steps=36.7%  mean_RTG=0.3736±0.2811  max_RTG=1.5362  avg_len=2.6  min_len=1  ls=[0.4623, 0.4623, 0.4623, 0.4624, 9.4369]
[DT-GP] iter= 15 | dt_loss=0.022863  target_RTG=2.5955  floor=2.5955(active=1)
[DT-GP] iter= 16 | zero_steps=37.3%  mean_RTG=0.3747±0.2073  max_RTG=0.6957  avg_len=2.5  min_len=1  ls=[0.4479, 0.4479, 0.4479, 0.4481, 9.4304]
[DT-GP] iter= 16 | dt_loss=0.006899  target_RTG=2.5955  floor=2.5955(active=1)
[DT-GP] iter= 17 | zero_steps=41.7%  mean_RTG=0.3802±0.4586  max_RTG=2.6906  avg_len=2.4  min_len=1  ls=[0.4599, 0.4599, 0.4599, 0.4597, 9.4243]
[DT-GP] iter= 17 | dt_loss=0.023856  target_RTG=2.6906  floor=2.5955(active=0)
[DT-GP] iter= 18 | zero_steps=96.8%  mean_RTG=0.0013±0.0071  max_RTG=0.0398  avg_len=1.0  min_len=1  ls=[0.4638, 0.4638, 0.4638, 0.4638, 9.4189]
[DT-GP] iter= 18 | dt_loss=0.001411  target_RTG=2.5955  floor=2.5955(active=1)
[DT-GP] iter= 19 | zero_steps=96.8%  mean_RTG=0.0045±0.0243  max_RTG=0.1356  avg_len=1.0  min_len=1  ls=[0.4448, 0.4448, 0.4448, 0.4447, 9.414]
[DT-GP] iter= 19 | dt_loss=0.001342  target_RTG=2.5955  floor=2.5955(active=1)
[DT-GP] iter= 20 | zero_steps=76.9%  mean_RTG=0.0237±0.0524  max_RTG=0.2301  avg_len=1.3  min_len=1  ls=[0.3382, 0.3382, 0.3382, 0.3383, 9.4094]
[DT-GP] iter= 20 | dt_loss=0.014844  target_RTG=2.5955  floor=2.5955(active=1)
[DT-GP] iter= 21 | zero_steps=51.7%  mean_RTG=0.0345±0.0343  max_RTG=0.1699  avg_len=1.9  min_len=1  ls=[0.3307, 0.3307, 0.3307, 0.3308, 9.4051]
[DT-GP] iter= 21 | dt_loss=0.023177  target_RTG=2.5955  floor=2.5955(active=1)
[DT-GP] iter= 22 | zero_steps=65.2%  mean_RTG=0.0941±0.3873  max_RTG=2.1747  avg_len=1.5  min_len=1  ls=[0.2827, 0.2827, 0.2827, 0.2827, 9.401]
[DT-GP] iter= 22 | dt_loss=0.034913  target_RTG=2.5955  floor=2.5955(active=1)
[DT-GP] iter= 23 | zero_steps=48.4%  mean_RTG=0.0607±0.1339  max_RTG=0.7635  avg_len=2.1  min_len=1  ls=[0.2761, 0.2761, 0.2761, 0.2761, 9.3971]
[DT-GP] iter= 23 | dt_loss=0.010474  target_RTG=2.5955  floor=2.5955(active=1)
[DT-GP] iter= 24 | zero_steps=43.8%  mean_RTG=0.0400±0.0421  max_RTG=0.2171  avg_len=2.1  min_len=1  ls=[0.2678, 0.2678, 0.2678, 0.2678, 9.3934]
[DT-GP] iter= 24 | dt_loss=0.016516  target_RTG=2.5955  floor=2.5955(active=1)
[DT-GP] iter= 25 | zero_steps=45.3%  mean_RTG=0.1579±0.4745  max_RTG=2.1621  avg_len=2.1  min_len=1  ls=[0.266, 0.266, 0.266, 0.266, 9.3898]
[DT-GP] iter= 25 | dt_loss=0.011949  target_RTG=2.5955  floor=2.5955(active=1)
[DT-GP] iter= 26 | zero_steps=85.7%  mean_RTG=0.0017±0.0055  max_RTG=0.0267  avg_len=1.2  min_len=1  ls=[0.2621, 0.2621, 0.2621, 0.2621, 9.3863]
[DT-GP] iter= 26 | dt_loss=0.060756  target_RTG=2.5955  floor=2.5955(active=1)
[DT-GP] iter= 27 | zero_steps=88.2%  mean_RTG=0.2127±0.6984  max_RTG=3.0232  avg_len=1.1  min_len=1  ls=[0.3087, 0.3087, 0.3087, 0.3088, 9.383]
[DT-GP] iter= 27 | dt_loss=0.000886  target_RTG=3.0232  floor=2.5955(active=0)
[DT-GP] iter= 28 | zero_steps=90.9%  mean_RTG=0.0379±0.1991  max_RTG=1.1101  avg_len=1.1  min_len=1  ls=[0.3123, 0.3123, 0.3123, 0.3123, 9.3798]
[DT-GP] iter= 28 | dt_loss=0.001112  target_RTG=2.5955  floor=2.5955(active=1)
[DT-GP] iter= 29 | zero_steps=100.0%  mean_RTG=0.0000±0.0000  max_RTG=0.0000  avg_len=1.0  min_len=1  ls=[0.313, 0.313, 0.313, 0.313, 9.3768]
[DT-GP] iter= 29 | dt_loss=0.000825  target_RTG=2.5955  floor=2.5955(active=1)
[DT-GP] iter= 30 | zero_steps=88.2%  mean_RTG=0.1272±0.3927  max_RTG=1.4962  avg_len=1.1  min_len=1  ls=[0.3114, 0.3114, 0.3114, 0.3114, 9.3739]
[DT-GP] iter= 30 | dt_loss=0.001312  target_RTG=2.5955  floor=2.5955(active=1)
final best = -0.0396
  [DT-GP-floor02] running... Using device: cpu, dtype: torch.float64
Set random seed: 6
Save directory set to: res
Sampling 10 initial points using 'sobol' method...
Initializing BoTorch GP ensemble...
[DT-GP] iter=  1 | zero_steps=96.8%  mean_RTG=0.0519±0.2796  max_RTG=1.5578  avg_len=1.0  min_len=1  ls=[0.1, 8.3168, 11.212, 13.7352, 16.3429]
[DT-GP] iter=  1 | dt_loss=0.235378  target_RTG=1.5578  floor=0.0000(active=0)
[DT-GP] iter=  2 | zero_steps=96.8%  mean_RTG=0.0030±0.0160  max_RTG=0.0890  avg_len=1.0  min_len=1  ls=[2.3802, 3.1223, 11.5179, 15.0962, 18.1778]
[DT-GP] iter=  2 | dt_loss=0.018612  target_RTG=0.3116  floor=0.3116(active=1)
[DT-GP] iter=  3 | zero_steps=93.8%  mean_RTG=0.0973±0.3802  max_RTG=1.8844  avg_len=1.1  min_len=1  ls=[2.2615, 2.0515, 8.5606, 12.671, 16.246]
[DT-GP] iter=  3 | dt_loss=0.00884  target_RTG=1.8844  floor=0.3116(active=0)
[DT-GP] iter=  4 | zero_steps=72.5%  mean_RTG=0.2914±0.8285  max_RTG=4.4258  avg_len=1.3  min_len=1  ls=[1.3402, 1.9509, 5.0879, 10.1252, 14.2052]
[DT-GP] iter=  4 | dt_loss=0.050838  target_RTG=4.4258  floor=0.3769(active=0)
[DT-GP] iter=  5 | zero_steps=64.4%  mean_RTG=0.1794±0.3742  max_RTG=1.6877  avg_len=1.5  min_len=1  ls=[1.3747, 1.384, 1.4122, 6.9816, 11.9222]
[DT-GP] iter=  5 | dt_loss=0.059742  target_RTG=1.6877  floor=0.8852(active=0)
[DT-GP] iter=  6 | zero_steps=69.8%  mean_RTG=0.4066±0.9662  max_RTG=4.9936  avg_len=1.4  min_len=1  ls=[1.3691, 1.3671, 1.5404, 2.8954, 9.9772]
[DT-GP] iter=  6 | dt_loss=0.08297  target_RTG=4.9936  floor=0.8852(active=0)
[DT-GP] iter=  7 | zero_steps=73.2%  mean_RTG=0.3161±0.6644  max_RTG=2.6293  avg_len=1.4  min_len=1  ls=[1.3277, 1.3339, 1.916, 1.2192, 9.392]
[DT-GP] iter=  7 | dt_loss=0.048216  target_RTG=2.6293  floor=0.9987(active=0)
[DT-GP] iter=  8 | zero_steps=58.0%  mean_RTG=0.5954±0.8671  max_RTG=3.7568  avg_len=1.7  min_len=1  ls=[1.2807, 1.2829, 1.9117, 1.2713, 9.2953]
[DT-GP] iter=  8 | dt_loss=0.036325  target_RTG=3.7568  floor=0.9987(active=0)
[DT-GP] iter=  9 | zero_steps=57.7%  mean_RTG=1.0731±1.2243  max_RTG=3.9206  avg_len=1.7  min_len=1  ls=[0.5824, 0.5842, 0.5667, 1.6352, 9.2606]
[DT-GP] iter=  9 | dt_loss=0.05659  target_RTG=3.9206  floor=0.9987(active=0)
[DT-GP] iter= 10 | zero_steps=68.2%  mean_RTG=0.2282±0.5113  max_RTG=1.9949  avg_len=1.5  min_len=1  ls=[0.4517, 0.4517, 0.4517, 1.9563, 9.2399]
[DT-GP] iter= 10 | dt_loss=0.05386  target_RTG=1.9949  floor=0.9987(active=0)
[DT-GP] iter= 11 | zero_steps=44.8%  mean_RTG=0.2864±0.3898  max_RTG=2.1546  avg_len=2.2  min_len=1  ls=[0.4219, 0.4219, 0.4227, 1.5092, 9.2245]
[DT-GP] iter= 11 | dt_loss=0.029796  target_RTG=2.1546  floor=0.9987(active=0)
[DT-GP] iter= 12 | zero_steps=40.3%  mean_RTG=0.6167±0.8800  max_RTG=4.0462  avg_len=2.2  min_len=1  ls=[0.3378, 0.3378, 0.3388, 1.4286, 9.2122]
[DT-GP] iter= 12 | dt_loss=0.036632  target_RTG=4.0462  floor=0.9987(active=0)
[DT-GP] iter= 13 | zero_steps=49.2%  mean_RTG=0.2536±0.2629  max_RTG=0.9304  avg_len=2.0  min_len=1  ls=[0.3501, 0.3501, 0.3502, 1.471, 9.2017]
[DT-GP] iter= 13 | dt_loss=0.051563  target_RTG=0.9987  floor=0.9987(active=1)
[DT-GP] iter= 14 | zero_steps=50.8%  mean_RTG=0.1472±0.3122  max_RTG=1.7716  avg_len=2.0  min_len=1  ls=[0.3478, 0.3478, 0.3473, 1.3706, 9.1928]
[DT-GP] iter= 14 | dt_loss=0.014295  target_RTG=1.7716  floor=0.9987(active=0)
[DT-GP] iter= 15 | zero_steps=48.4%  mean_RTG=0.0900±0.0840  max_RTG=0.2540  avg_len=2.1  min_len=1  ls=[0.3521, 0.3521, 0.3526, 1.4251, 9.1848]
[DT-GP] iter= 15 | dt_loss=0.037635  target_RTG=0.9987  floor=0.9987(active=1)
[DT-GP] iter= 16 | zero_steps=53.6%  mean_RTG=0.0838±0.0753  max_RTG=0.1880  avg_len=1.9  min_len=1  ls=[0.355, 0.3549, 0.3544, 1.4603, 9.1775]
[DT-GP] iter= 16 | dt_loss=0.051037  target_RTG=0.9987  floor=0.9987(active=1)
[DT-GP] iter= 17 | zero_steps=46.2%  mean_RTG=0.1609±0.2711  max_RTG=1.4892  avg_len=2.2  min_len=1  ls=[0.352, 0.352, 0.3518, 1.4435, 9.1707]
[DT-GP] iter= 17 | dt_loss=0.016226  target_RTG=1.4892  floor=0.9987(active=0)
[DT-GP] iter= 18 | zero_steps=49.2%  mean_RTG=0.1046±0.0887  max_RTG=0.2520  avg_len=2.0  min_len=1  ls=[0.3534, 0.3534, 0.3537, 1.4573, 9.1644]
[DT-GP] iter= 18 | dt_loss=0.039977  target_RTG=0.9987  floor=0.9987(active=1)
[DT-GP] iter= 19 | zero_steps=52.6%  mean_RTG=0.0933±0.0775  max_RTG=0.1888  avg_len=1.9  min_len=1  ls=[0.3442, 0.3442, 0.3442, 1.4273, 9.1585]
[DT-GP] iter= 19 | dt_loss=0.037361  target_RTG=0.9987  floor=0.9987(active=1)
[DT-GP] iter= 20 | zero_steps=46.8%  mean_RTG=0.1742±0.2726  max_RTG=1.5132  avg_len=2.1  min_len=1  ls=[0.3458, 0.3458, 0.3458, 0.4792, 9.1529]
[DT-GP] iter= 20 | dt_loss=0.019254  target_RTG=1.5132  floor=0.9987(active=0)
[DT-GP] iter= 21 | zero_steps=51.7%  mean_RTG=0.0867±0.0728  max_RTG=0.1716  avg_len=1.9  min_len=1  ls=[0.3473, 0.3473, 0.3472, 0.5034, 9.1475]
[DT-GP] iter= 21 | dt_loss=0.023186  target_RTG=0.9987  floor=0.9987(active=1)
[DT-GP] iter= 22 | zero_steps=44.1%  mean_RTG=0.0804±0.1413  max_RTG=0.8172  avg_len=2.3  min_len=1  ls=[0.3476, 0.3476, 0.3476, 0.3495, 9.1425]
[DT-GP] iter= 22 | dt_loss=0.016609  target_RTG=0.9987  floor=0.9987(active=1)
[DT-GP] iter= 23 | zero_steps=38.5%  mean_RTG=0.1655±0.4233  max_RTG=2.2759  avg_len=2.6  min_len=1  ls=[0.3468, 0.3468, 0.3468, 0.3447, 9.1379]
[DT-GP] iter= 23 | dt_loss=0.00648  target_RTG=2.2759  floor=0.9987(active=0)
[DT-GP] iter= 24 | zero_steps=44.1%  mean_RTG=0.0584±0.0421  max_RTG=0.1335  avg_len=2.3  min_len=1  ls=[0.3378, 0.3378, 0.3377, 0.3379, 9.1335]
[DT-GP] iter= 24 | dt_loss=0.015092  target_RTG=0.9987  floor=0.9987(active=1)
[DT-GP] iter= 25 | zero_steps=45.5%  mean_RTG=0.1997±0.5421  max_RTG=2.6445  avg_len=2.2  min_len=1  ls=[0.3425, 0.3425, 0.3425, 0.3424, 9.1294]
[DT-GP] iter= 25 | dt_loss=0.008551  target_RTG=2.6445  floor=0.9987(active=0)
[DT-GP] iter= 26 | zero_steps=40.0%  mean_RTG=0.1195±0.2815  max_RTG=1.6187  avg_len=2.3  min_len=1  ls=[0.3239, 0.3239, 0.3239, 0.3239, 9.1253]
[DT-GP] iter= 26 | dt_loss=0.010944  target_RTG=1.6187  floor=0.9987(active=0)
[DT-GP] iter= 27 | zero_steps=44.6%  mean_RTG=0.0689±0.0417  max_RTG=0.1468  avg_len=2.2  min_len=1  ls=[0.3241, 0.3241, 0.3241, 0.3241, 9.1215]
[DT-GP] iter= 27 | dt_loss=0.013661  target_RTG=0.9987  floor=0.9987(active=1)
[DT-GP] iter= 28 | zero_steps=42.4%  mean_RTG=0.0609±0.0391  max_RTG=0.1258  avg_len=2.2  min_len=1  ls=[0.3203, 0.3203, 0.3203, 0.3203, 9.1178]
[DT-GP] iter= 28 | dt_loss=0.013241  target_RTG=0.9987  floor=0.9987(active=1)
[DT-GP] iter= 29 | zero_steps=93.8%  mean_RTG=0.1309±0.5991  max_RTG=3.2992  avg_len=1.1  min_len=1  ls=[0.3351, 0.3351, 0.3351, 0.3351, 9.1143]
[DT-GP] iter= 29 | dt_loss=0.001889  target_RTG=3.2992  floor=0.9987(active=0)
[DT-GP] iter= 30 | zero_steps=96.8%  mean_RTG=0.0003±0.0016  max_RTG=0.0091  avg_len=1.0  min_len=1  ls=[0.3251, 0.3251, 0.3251, 0.3251, 9.111]
[DT-GP] iter= 30 | dt_loss=0.001152  target_RTG=0.9987  floor=0.9987(active=1)
final best = -0.0702
  [DT-GP-floor01] running... Using device: cpu, dtype: torch.float64
Set random seed: 6
Save directory set to: res
Sampling 10 initial points using 'sobol' method...
Initializing BoTorch GP ensemble...
[DT-GP] iter=  1 | zero_steps=96.8%  mean_RTG=0.0519±0.2796  max_RTG=1.5578  avg_len=1.0  min_len=1  ls=[0.1, 8.3168, 11.212, 13.7352, 16.3429]
[DT-GP] iter=  1 | dt_loss=0.235378  target_RTG=1.5578  floor=0.0000(active=0)
[DT-GP] iter=  2 | zero_steps=96.8%  mean_RTG=0.0030±0.0160  max_RTG=0.0890  avg_len=1.0  min_len=1  ls=[2.3802, 3.1223, 11.5179, 15.0962, 18.1778]
[DT-GP] iter=  2 | dt_loss=0.018612  target_RTG=0.1558  floor=0.1558(active=1)
[DT-GP] iter=  3 | zero_steps=93.8%  mean_RTG=0.1025±0.3981  max_RTG=1.9521  avg_len=1.1  min_len=1  ls=[2.2409, 2.0434, 8.6015, 12.7121, 16.2701]
[DT-GP] iter=  3 | dt_loss=0.008451  target_RTG=1.9521  floor=0.1558(active=0)
[DT-GP] iter=  4 | zero_steps=90.9%  mean_RTG=0.1596±0.7980  max_RTG=4.4475  avg_len=1.1  min_len=1  ls=[2.0734, 1.9342, 5.087, 10.1244, 14.2105]
[DT-GP] iter=  4 | dt_loss=0.006527  target_RTG=4.4475  floor=0.1952(active=0)
[DT-GP] iter=  5 | zero_steps=64.4%  mean_RTG=0.1943±0.3149  max_RTG=0.9854  avg_len=1.5  min_len=1  ls=[1.3823, 1.3818, 1.4215, 6.8339, 11.8326]
[DT-GP] iter=  5 | dt_loss=0.059643  target_RTG=0.9854  floor=0.4448(active=0)
[DT-GP] iter=  6 | zero_steps=66.7%  mean_RTG=0.3803±0.8109  max_RTG=4.1669  avg_len=1.5  min_len=1  ls=[1.3169, 1.3165, 1.4989, 3.0906, 10.0072]
[DT-GP] iter=  6 | dt_loss=0.068136  target_RTG=4.1669  floor=0.4448(active=0)
[DT-GP] iter=  7 | zero_steps=78.4%  mean_RTG=0.2542±0.6077  max_RTG=2.4136  avg_len=1.2  min_len=1  ls=[1.3642, 1.3541, 1.834, 1.2342, 9.4543]
[DT-GP] iter=  7 | dt_loss=0.111371  target_RTG=2.4136  floor=0.4448(active=0)
[DT-GP] iter=  8 | zero_steps=69.8%  mean_RTG=0.1859±0.3184  max_RTG=1.3194  avg_len=1.4  min_len=1  ls=[1.3798, 1.3805, 2.0777, 1.289, 9.3632]
[DT-GP] iter=  8 | dt_loss=0.060946  target_RTG=1.3194  floor=0.4448(active=0)
[DT-GP] iter=  9 | zero_steps=69.8%  mean_RTG=0.2762±0.6877  max_RTG=3.5607  avg_len=1.4  min_len=1  ls=[1.378, 1.3777, 1.3521, 1.6104, 9.3301]
[DT-GP] iter=  9 | dt_loss=0.055375  target_RTG=3.5607  floor=0.4448(active=0)
[DT-GP] iter= 10 | zero_steps=76.9%  mean_RTG=0.0856±0.2401  max_RTG=1.2478  avg_len=1.3  min_len=1  ls=[1.3465, 1.3465, 1.3396, 1.8855, 9.3097]
[DT-GP] iter= 10 | dt_loss=0.058523  target_RTG=1.2478  floor=0.4448(active=0)
[DT-GP] iter= 11 | zero_steps=73.2%  mean_RTG=0.2778±0.5435  max_RTG=2.5658  avg_len=1.4  min_len=1  ls=[1.4135, 1.4135, 1.4144, 1.37, 9.2945]
[DT-GP] iter= 11 | dt_loss=0.002854  target_RTG=2.5658  floor=0.4448(active=0)
[DT-GP] iter= 12 | zero_steps=85.7%  mean_RTG=0.1901±0.6921  max_RTG=3.7471  avg_len=1.2  min_len=1  ls=[1.2579, 1.2579, 1.2576, 1.3064, 9.2827]
[DT-GP] iter= 12 | dt_loss=0.002758  target_RTG=3.7471  floor=0.4448(active=0)
[DT-GP] iter= 13 | zero_steps=85.7%  mean_RTG=0.0756±0.2522  max_RTG=1.3225  avg_len=1.2  min_len=1  ls=[1.2632, 1.2632, 1.2632, 1.2625, 9.2728]
[DT-GP] iter= 13 | dt_loss=0.002521  target_RTG=1.3225  floor=0.4448(active=0)
[DT-GP] iter= 14 | zero_steps=61.2%  mean_RTG=0.8110±1.0541  max_RTG=4.0859  avg_len=1.6  min_len=1  ls=[0.5317, 0.5317, 0.5317, 0.5287, 9.2642]
[DT-GP] iter= 14 | dt_loss=0.027146  target_RTG=4.0859  floor=0.4448(active=0)
[DT-GP] iter= 15 | zero_steps=60.0%  mean_RTG=0.6127±0.9105  max_RTG=2.9959  avg_len=1.7  min_len=1  ls=[0.5324, 0.5324, 0.5324, 0.5307, 9.2566]
[DT-GP] iter= 15 | dt_loss=0.028231  target_RTG=2.9959  floor=0.4448(active=0)
[DT-GP] iter= 16 | zero_steps=52.6%  mean_RTG=0.2113±0.4662  max_RTG=2.2497  avg_len=1.9  min_len=1  ls=[0.3555, 0.3555, 0.3555, 0.3537, 9.2497]
[DT-GP] iter= 16 | dt_loss=0.014793  target_RTG=2.2497  floor=0.4448(active=0)
[DT-GP] iter= 17 | zero_steps=40.8%  mean_RTG=0.1970±0.2901  max_RTG=1.6659  avg_len=2.4  min_len=1  ls=[0.34, 0.34, 0.34, 0.3412, 9.2435]
[DT-GP] iter= 17 | dt_loss=0.009835  target_RTG=1.6659  floor=0.4448(active=0)
[DT-GP] iter= 18 | zero_steps=37.3%  mean_RTG=0.2051±0.2904  max_RTG=1.6687  avg_len=2.5  min_len=1  ls=[0.3388, 0.3388, 0.3388, 0.3384, 9.2378]
[DT-GP] iter= 18 | dt_loss=0.00711  target_RTG=1.6687  floor=0.4448(active=0)
[DT-GP] iter= 19 | zero_steps=42.3%  mean_RTG=0.2504±0.5850  max_RTG=3.3679  avg_len=2.4  min_len=1  ls=[0.3388, 0.3388, 0.3388, 0.3386, 9.2325]
[DT-GP] iter= 19 | dt_loss=0.011653  target_RTG=3.3679  floor=0.4448(active=0)
[DT-GP] iter= 20 | zero_steps=37.0%  mean_RTG=0.1373±0.1012  max_RTG=0.3206  avg_len=2.4  min_len=1  ls=[0.3388, 0.3388, 0.3388, 0.3387, 9.2275]
[DT-GP] iter= 20 | dt_loss=0.014665  target_RTG=0.4448  floor=0.4448(active=1)
[DT-GP] iter= 21 | zero_steps=44.4%  mean_RTG=0.0667±0.0498  max_RTG=0.1552  avg_len=2.1  min_len=1  ls=[0.3262, 0.3262, 0.3262, 0.3262, 9.2228]
[DT-GP] iter= 21 | dt_loss=0.012467  target_RTG=0.4448  floor=0.4448(active=1)
[DT-GP] iter= 22 | zero_steps=40.9%  mean_RTG=0.3004±0.9390  max_RTG=4.9051  avg_len=2.2  min_len=1  ls=[0.3247, 0.3247, 0.3247, 0.3245, 9.2183]
[DT-GP] iter= 22 | dt_loss=0.008775  target_RTG=4.9051  floor=0.4448(active=0)
[DT-GP] iter= 23 | zero_steps=47.6%  mean_RTG=0.0850±0.0680  max_RTG=0.3521  avg_len=2.1  min_len=1  ls=[0.3233, 0.3233, 0.3233, 0.3223, 9.2141]
[DT-GP] iter= 23 | dt_loss=0.010187  target_RTG=0.4905  floor=0.4905(active=1)
[DT-GP] iter= 24 | zero_steps=50.0%  mean_RTG=0.0606±0.1559  max_RTG=0.8908  avg_len=2.0  min_len=1  ls=[0.3248, 0.3248, 0.3248, 0.326, 9.2101]
[DT-GP] iter= 24 | dt_loss=0.018612  target_RTG=0.8908  floor=0.4905(active=0)
[DT-GP] iter= 25 | zero_steps=50.0%  mean_RTG=0.1543±0.7033  max_RTG=3.9397  avg_len=1.9  min_len=1  ls=[0.3236, 0.3236, 0.3236, 0.3242, 9.2062]
[DT-GP] iter= 25 | dt_loss=0.009168  target_RTG=3.9397  floor=0.4905(active=0)
[DT-GP] iter= 26 | zero_steps=50.0%  mean_RTG=0.1708±0.7957  max_RTG=4.4548  avg_len=2.0  min_len=1  ls=[0.3121, 0.3121, 0.3121, 0.3122, 9.2025]
[DT-GP] iter= 26 | dt_loss=0.018602  target_RTG=4.4548  floor=0.4905(active=0)
[DT-GP] iter= 27 | zero_steps=53.6%  mean_RTG=0.2880±1.4435  max_RTG=8.0607  avg_len=1.9  min_len=1  ls=[0.3084, 0.3084, 0.3084, 0.3086, 9.1989]
[DT-GP] iter= 27 | dt_loss=0.020016  target_RTG=8.0607  floor=0.4905(active=0)
[DT-GP] iter= 28 | zero_steps=46.0%  mean_RTG=0.0409±0.0813  max_RTG=0.4605  avg_len=2.1  min_len=1  ls=[0.294, 0.294, 0.294, 0.294, 9.1954]
[DT-GP] iter= 28 | dt_loss=0.006199  target_RTG=0.8061  floor=0.8061(active=1)
[DT-GP] iter= 29 | zero_steps=46.0%  mean_RTG=0.0276±0.0245  max_RTG=0.0796  avg_len=2.1  min_len=1  ls=[0.2986, 0.2986, 0.2986, 0.2986, 9.192]
[DT-GP] iter= 29 | dt_loss=0.010028  target_RTG=0.8061  floor=0.8061(active=1)
[DT-GP] iter= 30 | zero_steps=42.6%  mean_RTG=0.4170±1.5380  max_RTG=7.9226  avg_len=2.3  min_len=1  ls=[0.2942, 0.2942, 0.2942, 0.2942, 9.1887]
[DT-GP] iter= 30 | dt_loss=0.012625  target_RTG=7.9226  floor=0.8061(active=0)
final best = -0.0974
  [DT-GT-dynamic] running... Using device: cpu, dtype: torch.float64
Set random seed: 6
Save directory set to: res
Sampling 10 initial points using 'sobol' method...
Initializing BoTorch GP ensemble...
[DT-GT] iter=  1 | zero_steps=81.1%  mean_RTG=0.0525±0.1571  max_RTG=0.6788  avg_len=1.2  min_len=1  ls=[0.1, 8.3168, 11.212, 13.7352, 16.3429]
[DT-GT] iter=  1 | dt_loss=5.916461  target_RTG=0.6788
[DT-GT] iter=  2 | zero_steps=100.0%  mean_RTG=0.0000±0.0000  max_RTG=0.0000  avg_len=1.0  min_len=1  ls=[0.1, 10.0001, 13.3274, 15.9963, 18.7135]
[DT-GT] iter=  2 | dt_loss=0.161402  target_RTG=0.0000
[DT-GT] iter=  3 | zero_steps=85.7%  mean_RTG=0.0456±0.1890  max_RTG=1.0373  avg_len=1.2  min_len=1  ls=[0.1, 7.2479, 10.914, 13.8133, 16.8234]
[DT-GT] iter=  3 | dt_loss=3.379368  target_RTG=1.0373
[DT-GT] iter=  4 | zero_steps=100.0%  mean_RTG=0.0000±0.0000  max_RTG=0.0000  avg_len=1.0  min_len=1  ls=[2.4938, 3.331, 7.8844, 11.2454, 14.6332]
[DT-GT] iter=  4 | dt_loss=0.026736  target_RTG=0.0000
[DT-GT] iter=  5 | zero_steps=100.0%  mean_RTG=0.0000±0.0000  max_RTG=0.0000  avg_len=1.0  min_len=1  ls=[2.1542, 1.5228, 4.9145, 9.0036, 12.8363]
[DT-GT] iter=  5 | dt_loss=0.01205  target_RTG=0.0000
[DT-GT] iter=  6 | zero_steps=100.0%  mean_RTG=0.0000±0.0000  max_RTG=0.0000  avg_len=1.0  min_len=1  ls=[2.067, 1.6289, 1.4521, 6.5608, 11.4707]
[DT-GT] iter=  6 | dt_loss=0.008309  target_RTG=0.0000
[DT-GT] iter=  7 | zero_steps=100.0%  mean_RTG=0.0000±0.0000  max_RTG=0.0000  avg_len=1.0  min_len=1  ls=[2.0056, 1.81, 1.4, 4.8765, 11.2144]
[DT-GT] iter=  7 | dt_loss=0.006483  target_RTG=0.0000
[DT-GT] iter=  8 | zero_steps=100.0%  mean_RTG=0.0000±0.0000  max_RTG=0.0000  avg_len=1.0  min_len=1  ls=[1.9726, 1.9519, 1.5194, 3.4883, 11.1828]
[DT-GT] iter=  8 | dt_loss=0.004902  target_RTG=0.0000
[DT-GT] iter=  9 | zero_steps=100.0%  mean_RTG=0.0000±0.0000  max_RTG=0.0000  avg_len=1.0  min_len=1  ls=[1.9255, 1.9247, 1.7512, 1.2749, 11.1709]
[DT-GT] iter=  9 | dt_loss=0.004538  target_RTG=0.0000
[DT-GT] iter= 10 | zero_steps=100.0%  mean_RTG=0.0000±0.0000  max_RTG=0.0000  avg_len=1.0  min_len=1  ls=[1.8948, 1.8955, 1.9725, 1.1745, 11.1635]
[DT-GT] iter= 10 | dt_loss=0.003487  target_RTG=0.0000
[DT-GT] iter= 11 | zero_steps=100.0%  mean_RTG=0.0000±0.0000  max_RTG=0.0000  avg_len=1.0  min_len=1  ls=[1.8337, 1.8337, 1.7859, 1.1758, 11.1581]
[DT-GT] iter= 11 | dt_loss=0.002868  target_RTG=0.0000
[DT-GT] iter= 12 | zero_steps=100.0%  mean_RTG=0.0000±0.0000  max_RTG=0.0000  avg_len=1.0  min_len=1  ls=[0.681, 0.6811, 0.6676, 1.3391, 11.1537]
[DT-GT] iter= 12 | dt_loss=0.002109  target_RTG=0.0000
[DT-GT] iter= 13 | zero_steps=100.0%  mean_RTG=0.0000±0.0000  max_RTG=0.0000  avg_len=1.0  min_len=1  ls=[0.3442, 0.3442, 0.3426, 1.644, 11.15]
[DT-GT] iter= 13 | dt_loss=0.002492  target_RTG=0.0000
[DT-GT] iter= 14 | zero_steps=100.0%  mean_RTG=0.0000±0.0000  max_RTG=0.0000  avg_len=1.0  min_len=1  ls=[0.3366, 0.3365, 0.3345, 1.9183, 11.1468]
[DT-GT] iter= 14 | dt_loss=0.001914  target_RTG=0.0000
[DT-GT] iter= 15 | zero_steps=100.0%  mean_RTG=0.0000±0.0000  max_RTG=0.0000  avg_len=1.0  min_len=1  ls=[0.3208, 0.3209, 0.3222, 0.7178, 11.1439]
[DT-GT] iter= 15 | dt_loss=0.001812  target_RTG=0.0000
[DT-GT] iter= 16 | zero_steps=100.0%  mean_RTG=0.0000±0.0000  max_RTG=0.0000  avg_len=1.0  min_len=1  ls=[0.3132, 0.3133, 0.3141, 0.3857, 11.1413]
[DT-GT] iter= 16 | dt_loss=0.001835  target_RTG=0.0000
[DT-GT] iter= 17 | zero_steps=100.0%  mean_RTG=0.0000±0.0000  max_RTG=0.0000  avg_len=1.0  min_len=1  ls=[0.2173, 0.2173, 0.2173, 0.2182, 11.1389]
[DT-GT] iter= 17 | dt_loss=0.00186  target_RTG=0.0000
[DT-GT] iter= 18 | zero_steps=100.0%  mean_RTG=0.0000±0.0000  max_RTG=0.0000  avg_len=1.0  min_len=1  ls=[0.2173, 0.2173, 0.2173, 0.216, 11.1367]
[DT-GT] iter= 18 | dt_loss=0.001202  target_RTG=0.0000
[DT-GT] iter= 19 | zero_steps=100.0%  mean_RTG=0.0000±0.0000  max_RTG=0.0000  avg_len=1.0  min_len=1  ls=[0.2126, 0.2126, 0.2126, 0.2124, 11.1346]
[DT-GT] iter= 19 | dt_loss=0.000968  target_RTG=0.0000
[DT-GT] iter= 20 | zero_steps=100.0%  mean_RTG=0.0000±0.0000  max_RTG=0.0000  avg_len=1.0  min_len=1  ls=[0.2164, 0.2164, 0.2164, 0.2164, 11.1326]
[DT-GT] iter= 20 | dt_loss=0.001244  target_RTG=0.0000
[DT-GT] iter= 21 | zero_steps=100.0%  mean_RTG=0.0000±0.0000  max_RTG=0.0000  avg_len=1.0  min_len=1  ls=[0.2227, 0.2227, 0.2227, 0.2227, 11.1307]
[DT-GT] iter= 21 | dt_loss=0.000916  target_RTG=0.0000
[DT-GT] iter= 22 | zero_steps=100.0%  mean_RTG=0.0000±0.0000  max_RTG=0.0000  avg_len=1.0  min_len=1  ls=[0.2227, 0.2227, 0.2227, 0.2227, 11.129]
[DT-GT] iter= 22 | dt_loss=0.000934  target_RTG=0.0000
[DT-GT] iter= 23 | zero_steps=100.0%  mean_RTG=0.0000±0.0000  max_RTG=0.0000  avg_len=1.0  min_len=1  ls=[0.2235, 0.2235, 0.2235, 0.2235, 11.1272]
[DT-GT] iter= 23 | dt_loss=0.001083  target_RTG=0.0000
[DT-GT] iter= 24 | zero_steps=100.0%  mean_RTG=0.0000±0.0000  max_RTG=0.0000  avg_len=1.0  min_len=1  ls=[0.2208, 0.2208, 0.2208, 0.2208, 11.1256]
[DT-GT] iter= 24 | dt_loss=0.000813  target_RTG=0.0000
[DT-GT] iter= 25 | zero_steps=96.8%  mean_RTG=0.0001±0.0004  max_RTG=0.0024  avg_len=1.0  min_len=1  ls=[0.2197, 0.2197, 0.2197, 0.2197, 11.124]
[DT-GT] iter= 25 | dt_loss=0.001771  target_RTG=0.0024
[DT-GT] iter= 26 | zero_steps=100.0%  mean_RTG=0.0000±0.0000  max_RTG=0.0000  avg_len=1.0  min_len=1  ls=[0.2056, 0.2056, 0.2056, 0.2056, 11.1225]
[DT-GT] iter= 26 | dt_loss=0.000952  target_RTG=0.0000
[DT-GT] iter= 27 | zero_steps=100.0%  mean_RTG=0.0000±0.0000  max_RTG=0.0000  avg_len=1.0  min_len=1  ls=[0.204, 0.204, 0.204, 0.204, 11.121]
[DT-GT] iter= 27 | dt_loss=0.000873  target_RTG=0.0000
[DT-GT] iter= 28 | zero_steps=100.0%  mean_RTG=0.0000±0.0000  max_RTG=0.0000  avg_len=1.0  min_len=1  ls=[0.204, 0.204, 0.204, 0.204, 11.1196]
[DT-GT] iter= 28 | dt_loss=0.000471  target_RTG=0.0000
[DT-GT] iter= 29 | zero_steps=100.0%  mean_RTG=0.0000±0.0000  max_RTG=0.0000  avg_len=1.0  min_len=1  ls=[0.2036, 0.2036, 0.2036, 0.2036, 11.1182]
[DT-GT] iter= 29 | dt_loss=0.001074  target_RTG=0.0000
[DT-GT] iter= 30 | zero_steps=100.0%  mean_RTG=0.0000±0.0000  max_RTG=0.0000  avg_len=1.0  min_len=1  ls=[0.2052, 0.2052, 0.2052, 0.2052, 11.1168]
[DT-GT] iter= 30 | dt_loss=0.000803  target_RTG=0.0000
final best = -0.0137
  [ckpt] 7/10 saved → res/floored_rtg_dtgp_ackley/floored_rtg_dtgp.ckpt.json

── Trial 8/10  (seed=7) ────────────────────────────────────────
  [DT-GP-floor05] running... Using device: cpu, dtype: torch.float64
Set random seed: 7
Save directory set to: res
Sampling 10 initial points using 'sobol' method...
Initializing BoTorch GP ensemble...
[DT-GP] iter=  1 | zero_steps=88.2%  mean_RTG=0.1912±0.7082  max_RTG=3.7960  avg_len=1.1  min_len=1  ls=[0.1, 8.1699, 11.2869, 13.8078, 16.4057]
[DT-GP] iter=  1 | dt_loss=0.744037  target_RTG=3.7960  floor=0.0000(active=0)
[DT-GP] iter=  2 | zero_steps=93.8%  mean_RTG=0.0175±0.0657  max_RTG=0.2764  avg_len=1.1  min_len=1  ls=[2.4898, 2.3559, 10.3939, 14.8572, 18.1508]
[DT-GP] iter=  2 | dt_loss=0.01683  target_RTG=1.8980  floor=1.8980(active=1)
[DT-GP] iter=  3 | zero_steps=90.9%  mean_RTG=0.0624±0.2249  max_RTG=1.1259  avg_len=1.1  min_len=1  ls=[1.8873, 2.1815, 7.4203, 12.5317, 16.281]
[DT-GP] iter=  3 | dt_loss=0.007149  target_RTG=1.8980  floor=1.8980(active=1)
[DT-GP] iter=  4 | zero_steps=69.8%  mean_RTG=0.1660±0.3090  max_RTG=1.1635  avg_len=1.4  min_len=1  ls=[1.5229, 1.7313, 4.0647, 10.1994, 14.4298]
[DT-GP] iter=  4 | dt_loss=0.076158  target_RTG=1.8980  floor=1.8980(active=1)
[DT-GP] iter=  5 | zero_steps=88.2%  mean_RTG=0.2682±1.1894  max_RTG=6.6154  avg_len=1.1  min_len=1  ls=[1.9345, 1.8657, 1.6574, 6.9622, 12.1116]
[DT-GP] iter=  5 | dt_loss=0.004482  target_RTG=6.6154  floor=1.8980(active=0)
[DT-GP] iter=  6 | zero_steps=90.9%  mean_RTG=0.2654±0.9659  max_RTG=4.6141  avg_len=1.1  min_len=1  ls=[1.8044, 1.8068, 1.7674, 2.9945, 10.2884]
[DT-GP] iter=  6 | dt_loss=0.003044  target_RTG=4.6141  floor=3.3077(active=0)
[DT-GP] iter=  7 | zero_steps=90.9%  mean_RTG=0.0419±0.1946  max_RTG=1.0806  avg_len=1.1  min_len=1  ls=[1.7619, 1.7676, 2.0012, 1.4577, 9.7863]
[DT-GP] iter=  7 | dt_loss=0.003206  target_RTG=3.3077  floor=3.3077(active=1)
[DT-GP] iter=  8 | zero_steps=75.0%  mean_RTG=0.3659±0.9179  max_RTG=3.9349  avg_len=1.3  min_len=1  ls=[1.6705, 1.6634, 1.7754, 1.4162, 9.7057]
[DT-GP] iter=  8 | dt_loss=0.002329  target_RTG=3.9349  floor=3.3077(active=0)
[DT-GP] iter=  9 | zero_steps=96.8%  mean_RTG=0.0064±0.0344  max_RTG=0.1916  avg_len=1.0  min_len=1  ls=[1.5895, 1.5895, 1.5962, 1.6489, 9.6755]
[DT-GP] iter=  9 | dt_loss=0.001548  target_RTG=3.3077  floor=3.3077(active=1)
[DT-GP] iter= 10 | zero_steps=75.0%  mean_RTG=0.2789±0.8910  max_RTG=4.7525  avg_len=1.3  min_len=1  ls=[0.9599, 0.96, 0.9624, 1.8908, 9.6568]
[DT-GP] iter= 10 | dt_loss=0.028482  target_RTG=4.7525  floor=3.3077(active=0)
[DT-GP] iter= 11 | zero_steps=52.6%  mean_RTG=0.1528±0.1418  max_RTG=0.4212  avg_len=1.9  min_len=1  ls=[0.4765, 0.4766, 0.477, 1.7789, 9.6429]
[DT-GP] iter= 11 | dt_loss=0.025194  target_RTG=3.3077  floor=3.3077(active=1)
[DT-GP] iter= 12 | zero_steps=39.2%  mean_RTG=0.6118±0.8308  max_RTG=4.4023  avg_len=2.5  min_len=1  ls=[0.3841, 0.3841, 0.3842, 1.7554, 9.6315]
[DT-GP] iter= 12 | dt_loss=0.015492  target_RTG=4.4023  floor=3.3077(active=0)
[DT-GP] iter= 13 | zero_steps=33.3%  mean_RTG=0.3800±0.3203  max_RTG=0.8103  avg_len=2.5  min_len=1  ls=[0.3791, 0.3791, 0.3791, 1.75, 9.6219]
[DT-GP] iter= 13 | dt_loss=0.01785  target_RTG=3.3077  floor=3.3077(active=1)
[DT-GP] iter= 14 | zero_steps=43.3%  mean_RTG=0.3427±0.2844  max_RTG=0.7039  avg_len=2.2  min_len=1  ls=[0.3877, 0.3877, 0.3877, 1.7472, 9.6134]
[DT-GP] iter= 14 | dt_loss=0.023661  target_RTG=3.3077  floor=3.3077(active=1)
[DT-GP] iter= 15 | zero_steps=39.5%  mean_RTG=0.3847±0.3084  max_RTG=1.0556  avg_len=2.5  min_len=1  ls=[0.3837, 0.3837, 0.3837, 1.7451, 9.6058]
[DT-GP] iter= 15 | dt_loss=0.023657  target_RTG=3.3077  floor=3.3077(active=1)
[DT-GP] iter= 16 | zero_steps=37.0%  mean_RTG=0.3037±0.2685  max_RTG=0.6168  avg_len=2.4  min_len=1  ls=[0.3794, 0.3794, 0.3794, 1.7166, 9.599]
[DT-GP] iter= 16 | dt_loss=0.031583  target_RTG=3.3077  floor=3.3077(active=1)
[DT-GP] iter= 17 | zero_steps=33.3%  mean_RTG=0.3647±0.2312  max_RTG=0.6666  avg_len=2.6  min_len=1  ls=[0.3756, 0.3756, 0.3756, 0.3911, 9.5928]
[DT-GP] iter= 17 | dt_loss=0.015554  target_RTG=3.3077  floor=3.3077(active=1)
[DT-GP] iter= 18 | zero_steps=31.4%  mean_RTG=0.8871±1.7906  max_RTG=9.4462  avg_len=2.9  min_len=1  ls=[0.3722, 0.3722, 0.3722, 0.3738, 9.587]
[DT-GP] iter= 18 | dt_loss=0.007762  target_RTG=9.4462  floor=3.3077(active=0)
[DT-GP] iter= 19 | zero_steps=31.4%  mean_RTG=0.4275±0.2152  max_RTG=0.9795  avg_len=2.9  min_len=1  ls=[0.3775, 0.3775, 0.3775, 0.378, 9.5816]
[DT-GP] iter= 19 | dt_loss=0.005923  target_RTG=4.7231  floor=4.7231(active=1)
[DT-GP] iter= 20 | zero_steps=33.3%  mean_RTG=0.4002±0.2938  max_RTG=1.5754  avg_len=2.7  min_len=1  ls=[0.3724, 0.3724, 0.3724, 0.3728, 9.5766]
[DT-GP] iter= 20 | dt_loss=0.002203  target_RTG=4.7231  floor=4.7231(active=1)
[DT-GP] iter= 21 | zero_steps=37.3%  mean_RTG=0.2124±0.4828  max_RTG=2.7926  avg_len=2.5  min_len=1  ls=[0.3617, 0.3617, 0.3617, 0.3616, 9.5719]
[DT-GP] iter= 21 | dt_loss=0.007878  target_RTG=4.7231  floor=4.7231(active=1)
[DT-GP] iter= 22 | zero_steps=40.6%  mean_RTG=0.1069±0.0582  max_RTG=0.1933  avg_len=2.3  min_len=1  ls=[0.358, 0.358, 0.358, 0.358, 9.5674]
[DT-GP] iter= 22 | dt_loss=0.005923  target_RTG=4.7231  floor=4.7231(active=1)
[DT-GP] iter= 23 | zero_steps=44.8%  mean_RTG=0.2056±0.6545  max_RTG=3.7240  avg_len=2.2  min_len=1  ls=[0.3388, 0.3388, 0.3388, 0.3389, 9.5631]
[DT-GP] iter= 23 | dt_loss=0.015466  target_RTG=4.7231  floor=4.7231(active=1)
[DT-GP] iter= 24 | zero_steps=44.1%  mean_RTG=0.0748±0.0432  max_RTG=0.1288  avg_len=2.3  min_len=1  ls=[0.3389, 0.3389, 0.3389, 0.3389, 9.5591]
[DT-GP] iter= 24 | dt_loss=0.005288  target_RTG=4.7231  floor=4.7231(active=1)
[DT-GP] iter= 25 | zero_steps=40.8%  mean_RTG=0.0812±0.0463  max_RTG=0.1277  avg_len=2.4  min_len=1  ls=[0.3274, 0.3274, 0.3274, 0.3274, 9.5552]
[DT-GP] iter= 25 | dt_loss=0.007021  target_RTG=4.7231  floor=4.7231(active=1)
[DT-GP] iter= 26 | zero_steps=39.5%  mean_RTG=0.3975±1.4643  max_RTG=8.2358  avg_len=2.5  min_len=1  ls=[0.3268, 0.3268, 0.3268, 0.3268, 9.5514]
[DT-GP] iter= 26 | dt_loss=0.008508  target_RTG=8.2358  floor=4.7231(active=0)
[DT-GP] iter= 27 | zero_steps=40.0%  mean_RTG=0.0805±0.0495  max_RTG=0.1318  avg_len=2.3  min_len=1  ls=[0.3279, 0.3279, 0.3279, 0.3279, 9.5478]
[DT-GP] iter= 27 | dt_loss=0.02175  target_RTG=4.7231  floor=4.7231(active=1)
[DT-GP] iter= 28 | zero_steps=42.0%  mean_RTG=0.0892±0.0447  max_RTG=0.1342  avg_len=2.3  min_len=1  ls=[0.3279, 0.3279, 0.3279, 0.3279, 9.5442]
[DT-GP] iter= 28 | dt_loss=0.010879  target_RTG=4.7231  floor=4.7231(active=1)
[DT-GP] iter= 29 | zero_steps=42.3%  mean_RTG=0.1039±0.0643  max_RTG=0.3224  avg_len=2.4  min_len=1  ls=[0.3166, 0.3166, 0.3166, 0.3166, 9.5408]
[DT-GP] iter= 29 | dt_loss=0.010247  target_RTG=4.7231  floor=4.7231(active=1)
[DT-GP] iter= 30 | zero_steps=42.9%  mean_RTG=0.1210±0.1560  max_RTG=0.9155  avg_len=2.3  min_len=1  ls=[0.3155, 0.3155, 0.3155, 0.3155, 9.5375]
[DT-GP] iter= 30 | dt_loss=0.013611  target_RTG=4.7231  floor=4.7231(active=1)
final best = -0.2960
  [DT-GP-floor02] running... Using device: cpu, dtype: torch.float64
Set random seed: 7
Save directory set to: res
Sampling 10 initial points using 'sobol' method...
Initializing BoTorch GP ensemble...
[DT-GP] iter=  1 | zero_steps=88.2%  mean_RTG=0.1912±0.7082  max_RTG=3.7960  avg_len=1.1  min_len=1  ls=[0.1, 8.1699, 11.2869, 13.8078, 16.4057]
[DT-GP] iter=  1 | dt_loss=0.744037  target_RTG=3.7960  floor=0.0000(active=0)
[DT-GP] iter=  2 | zero_steps=93.8%  mean_RTG=0.0175±0.0657  max_RTG=0.2764  avg_len=1.1  min_len=1  ls=[2.4898, 2.3559, 10.3939, 14.8572, 18.1508]
[DT-GP] iter=  2 | dt_loss=0.01683  target_RTG=0.7592  floor=0.7592(active=1)
[DT-GP] iter=  3 | zero_steps=90.9%  mean_RTG=0.0527±0.1970  max_RTG=0.9859  avg_len=1.1  min_len=1  ls=[1.9089, 2.1696, 7.4409, 12.5511, 16.2903]
[DT-GP] iter=  3 | dt_loss=0.008334  target_RTG=0.9859  floor=0.7592(active=0)
[DT-GP] iter=  4 | zero_steps=75.0%  mean_RTG=0.1783±0.3547  max_RTG=1.3880  avg_len=1.3  min_len=1  ls=[1.5904, 1.7177, 4.0917, 10.2251, 14.4407]
[DT-GP] iter=  4 | dt_loss=0.081446  target_RTG=1.3880  floor=0.7592(active=0)
[DT-GP] iter=  5 | zero_steps=88.2%  mean_RTG=0.2306±1.1387  max_RTG=6.3478  avg_len=1.1  min_len=1  ls=[1.6594, 2.0494, 1.6767, 6.8278, 11.9837]
[DT-GP] iter=  5 | dt_loss=0.008263  target_RTG=6.3478  floor=0.7592(active=0)
[DT-GP] iter=  6 | zero_steps=90.9%  mean_RTG=0.2090±0.8229  max_RTG=4.3198  avg_len=1.1  min_len=1  ls=[1.981, 1.9853, 1.7889, 2.7654, 10.0933]
[DT-GP] iter=  6 | dt_loss=0.003035  target_RTG=4.3198  floor=1.2696(active=0)
[DT-GP] iter=  7 | zero_steps=96.8%  mean_RTG=0.0254±0.1369  max_RTG=0.7626  avg_len=1.0  min_len=1  ls=[1.9722, 1.9743, 2.0541, 1.4793, 9.543]
[DT-GP] iter=  7 | dt_loss=0.00262  target_RTG=1.2696  floor=1.2696(active=1)
[DT-GP] iter=  8 | zero_steps=90.9%  mean_RTG=0.2500±0.7572  max_RTG=2.9509  avg_len=1.1  min_len=1  ls=[1.9142, 1.913, 1.8648, 1.4329, 9.4502]
[DT-GP] iter=  8 | dt_loss=0.003134  target_RTG=2.9509  floor=1.2696(active=0)
[DT-GP] iter=  9 | zero_steps=93.8%  mean_RTG=0.0016±0.0077  max_RTG=0.0431  avg_len=1.1  min_len=1  ls=[1.8355, 1.8358, 1.8383, 1.686, 9.416]
[DT-GP] iter=  9 | dt_loss=0.002126  target_RTG=1.2696  floor=1.2696(active=1)
[DT-GP] iter= 10 | zero_steps=88.2%  mean_RTG=0.1226±0.3938  max_RTG=1.9369  avg_len=1.1  min_len=1  ls=[1.8104, 1.8106, 1.8111, 1.9281, 9.3948]
[DT-GP] iter= 10 | dt_loss=0.003296  target_RTG=1.9369  floor=1.2696(active=0)
[DT-GP] iter= 11 | zero_steps=90.9%  mean_RTG=0.0383±0.1159  max_RTG=0.4296  avg_len=1.1  min_len=1  ls=[1.7254, 1.7254, 1.7251, 1.5792, 9.3793]
[DT-GP] iter= 11 | dt_loss=0.00163  target_RTG=1.2696  floor=1.2696(active=1)
[DT-GP] iter= 12 | zero_steps=78.9%  mean_RTG=0.1960±0.6317  max_RTG=3.3255  avg_len=1.3  min_len=1  ls=[1.6997, 1.6997, 1.6996, 0.4061, 9.367]
[DT-GP] iter= 12 | dt_loss=0.002709  target_RTG=3.3255  floor=1.2696(active=0)
[DT-GP] iter= 13 | zero_steps=63.8%  mean_RTG=0.0864±0.0936  max_RTG=0.2899  avg_len=1.6  min_len=1  ls=[0.3762, 0.3762, 0.3762, 0.3651, 9.3567]
[DT-GP] iter= 13 | dt_loss=0.013725  target_RTG=1.2696  floor=1.2696(active=1)
[DT-GP] iter= 14 | zero_steps=44.8%  mean_RTG=0.1327±0.0816  max_RTG=0.3106  avg_len=2.2  min_len=1  ls=[0.3692, 0.3692, 0.3692, 0.3724, 9.3478]
[DT-GP] iter= 14 | dt_loss=0.015774  target_RTG=1.2696  floor=1.2696(active=1)
[DT-GP] iter= 15 | zero_steps=49.2%  mean_RTG=0.1336±0.2351  max_RTG=1.3396  avg_len=2.0  min_len=1  ls=[0.3115, 0.3115, 0.3115, 0.3061, 9.3399]
[DT-GP] iter= 15 | dt_loss=0.00412  target_RTG=1.3396  floor=1.2696(active=0)
[DT-GP] iter= 16 | zero_steps=46.2%  mean_RTG=0.0597±0.0391  max_RTG=0.1176  avg_len=2.2  min_len=1  ls=[0.3137, 0.3137, 0.3137, 0.3132, 9.3327]
[DT-GP] iter= 16 | dt_loss=0.009781  target_RTG=1.2696  floor=1.2696(active=1)
[DT-GP] iter= 17 | zero_steps=46.9%  mean_RTG=0.0528±0.0389  max_RTG=0.1167  avg_len=2.1  min_len=1  ls=[0.3122, 0.3122, 0.3122, 0.3119, 9.3262]
[DT-GP] iter= 17 | dt_loss=0.026316  target_RTG=1.2696  floor=1.2696(active=1)
[DT-GP] iter= 18 | zero_steps=43.8%  mean_RTG=0.1925±0.5181  max_RTG=2.5348  avg_len=2.1  min_len=1  ls=[0.3065, 0.3065, 0.3065, 0.3068, 9.3201]
[DT-GP] iter= 18 | dt_loss=0.014031  target_RTG=2.5348  floor=1.2696(active=0)
[DT-GP] iter= 19 | zero_steps=45.5%  mean_RTG=0.3843±1.2290  max_RTG=5.0671  avg_len=2.2  min_len=1  ls=[0.2883, 0.2883, 0.2883, 0.288, 9.3144]
[DT-GP] iter= 19 | dt_loss=0.01283  target_RTG=5.0671  floor=1.2696(active=0)
[DT-GP] iter= 20 | zero_steps=54.5%  mean_RTG=0.1013±0.2208  max_RTG=1.0459  avg_len=1.8  min_len=1  ls=[0.2949, 0.2949, 0.2949, 0.2949, 9.309]
[DT-GP] iter= 20 | dt_loss=0.017602  target_RTG=1.2696  floor=1.2696(active=1)
[DT-GP] iter= 21 | zero_steps=44.6%  mean_RTG=0.3729±0.9825  max_RTG=3.9290  avg_len=2.2  min_len=1  ls=[0.3004, 0.3004, 0.3004, 0.3003, 9.3039]
[DT-GP] iter= 21 | dt_loss=0.010434  target_RTG=3.9290  floor=1.2696(active=0)
[DT-GP] iter= 22 | zero_steps=41.7%  mean_RTG=0.2842±1.2470  max_RTG=6.9968  avg_len=2.4  min_len=1  ls=[0.2808, 0.2808, 0.2808, 0.2808, 9.2989]
[DT-GP] iter= 22 | dt_loss=0.014362  target_RTG=6.9968  floor=1.2696(active=0)
[DT-GP] iter= 23 | zero_steps=46.2%  mean_RTG=0.0631±0.0710  max_RTG=0.3967  avg_len=2.2  min_len=1  ls=[0.2796, 0.2796, 0.2796, 0.2796, 9.2942]
[DT-GP] iter= 23 | dt_loss=0.00586  target_RTG=1.3994  floor=1.3994(active=1)
[DT-GP] iter= 24 | zero_steps=42.3%  mean_RTG=0.2893±0.8805  max_RTG=4.5837  avg_len=2.4  min_len=1  ls=[0.2752, 0.2752, 0.2752, 0.2752, 9.2896]
[DT-GP] iter= 24 | dt_loss=0.011307  target_RTG=4.5837  floor=1.3994(active=0)
[DT-GP] iter= 25 | zero_steps=43.3%  mean_RTG=0.0948±0.2392  max_RTG=1.3706  avg_len=2.2  min_len=1  ls=[0.2739, 0.2739, 0.2739, 0.2739, 9.2851]
[DT-GP] iter= 25 | dt_loss=0.015763  target_RTG=1.3994  floor=1.3994(active=1)
[DT-GP] iter= 26 | zero_steps=43.8%  mean_RTG=0.1129±0.3190  max_RTG=1.8226  avg_len=2.1  min_len=1  ls=[0.2779, 0.2779, 0.2779, 0.2779, 9.2808]
[DT-GP] iter= 26 | dt_loss=0.010251  target_RTG=1.8226  floor=1.3994(active=0)
[DT-GP] iter= 27 | zero_steps=50.8%  mean_RTG=0.0789±0.1934  max_RTG=1.1052  avg_len=2.0  min_len=1  ls=[0.2763, 0.2763, 0.2763, 0.2763, 9.2766]
[DT-GP] iter= 27 | dt_loss=0.01773  target_RTG=1.3994  floor=1.3994(active=1)
[DT-GP] iter= 28 | zero_steps=43.8%  mean_RTG=0.0455±0.0312  max_RTG=0.0942  avg_len=2.1  min_len=1  ls=[0.2755, 0.2755, 0.2755, 0.2755, 9.2726]
[DT-GP] iter= 28 | dt_loss=0.007717  target_RTG=1.3994  floor=1.3994(active=1)
[DT-GP] iter= 29 | zero_steps=45.5%  mean_RTG=0.1568±0.5764  max_RTG=3.2565  avg_len=2.2  min_len=1  ls=[0.2765, 0.2765, 0.2765, 0.2765, 9.2687]
[DT-GP] iter= 29 | dt_loss=0.008104  target_RTG=3.2565  floor=1.3994(active=0)
[DT-GP] iter= 30 | zero_steps=53.6%  mean_RTG=0.3226±0.8834  max_RTG=4.2727  avg_len=1.9  min_len=1  ls=[0.2646, 0.2646, 0.2646, 0.2646, 9.2649]
[DT-GP] iter= 30 | dt_loss=0.014506  target_RTG=4.2727  floor=1.3994(active=0)
final best = -0.1351
  [DT-GP-floor01] running... Using device: cpu, dtype: torch.float64
Set random seed: 7
Save directory set to: res
Sampling 10 initial points using 'sobol' method...
Initializing BoTorch GP ensemble...
[DT-GP] iter=  1 | zero_steps=88.2%  mean_RTG=0.1912±0.7082  max_RTG=3.7960  avg_len=1.1  min_len=1  ls=[0.1, 8.1699, 11.2869, 13.8078, 16.4057]
[DT-GP] iter=  1 | dt_loss=0.744037  target_RTG=3.7960  floor=0.0000(active=0)
[DT-GP] iter=  2 | zero_steps=93.8%  mean_RTG=0.0175±0.0657  max_RTG=0.2764  avg_len=1.1  min_len=1  ls=[2.4898, 2.3559, 10.3939, 14.8572, 18.1508]
[DT-GP] iter=  2 | dt_loss=0.01683  target_RTG=0.3796  floor=0.3796(active=1)
[DT-GP] iter=  3 | zero_steps=96.8%  mean_RTG=0.0095±0.0512  max_RTG=0.2853  avg_len=1.0  min_len=1  ls=[1.975, 2.1553, 7.464, 12.5729, 16.3011]
[DT-GP] iter=  3 | dt_loss=0.010573  target_RTG=0.3796  floor=0.3796(active=1)
[DT-GP] iter=  4 | zero_steps=63.0%  mean_RTG=0.1729±0.2805  max_RTG=1.0763  avg_len=1.5  min_len=1  ls=[1.5855, 1.5728, 4.237, 10.3319, 14.4927]
[DT-GP] iter=  4 | dt_loss=0.048792  target_RTG=1.0763  floor=0.3796(active=0)
[DT-GP] iter=  5 | zero_steps=71.4%  mean_RTG=0.1670±0.3859  max_RTG=1.8230  avg_len=1.4  min_len=1  ls=[0.6281, 1.6123, 1.5761, 7.3237, 12.3156]
[DT-GP] iter=  5 | dt_loss=0.044327  target_RTG=1.8230  floor=0.3796(active=0)
[DT-GP] iter=  6 | zero_steps=67.4%  mean_RTG=0.2060±0.5231  max_RTG=2.7748  avg_len=1.4  min_len=1  ls=[0.474, 1.7441, 1.7149, 3.4326, 10.5772]
[DT-GP] iter=  6 | dt_loss=0.056055  target_RTG=2.7748  floor=0.3796(active=0)
[DT-GP] iter=  7 | zero_steps=85.7%  mean_RTG=0.1440±0.5410  max_RTG=2.8674  avg_len=1.2  min_len=1  ls=[0.5827, 1.9483, 1.9698, 1.4374, 10.1518]
[DT-GP] iter=  7 | dt_loss=0.004524  target_RTG=2.8674  floor=0.3796(active=0)
[DT-GP] iter=  8 | zero_steps=69.8%  mean_RTG=0.3205±0.8564  max_RTG=4.7355  avg_len=1.4  min_len=1  ls=[0.4848, 1.8789, 2.0306, 1.4054, 10.0842]
[DT-GP] iter=  8 | dt_loss=0.038089  target_RTG=4.7355  floor=0.3796(active=0)
[DT-GP] iter=  9 | zero_steps=75.0%  mean_RTG=0.2110±0.6815  max_RTG=2.9676  avg_len=1.3  min_len=1  ls=[0.599, 1.9993, 2.0009, 1.6863, 10.0587]
[DT-GP] iter=  9 | dt_loss=0.1163  target_RTG=2.9676  floor=0.4736(active=0)
[DT-GP] iter= 10 | zero_steps=71.4%  mean_RTG=0.3023±0.5463  max_RTG=2.3888  avg_len=1.4  min_len=1  ls=[0.4189, 2.061, 2.0624, 2.0042, 10.0425]
[DT-GP] iter= 10 | dt_loss=0.072312  target_RTG=2.3888  floor=0.4736(active=0)
[DT-GP] iter= 11 | zero_steps=74.4%  mean_RTG=0.1578±0.3226  max_RTG=1.0890  avg_len=1.3  min_len=1  ls=[0.4057, 2.1196, 2.1196, 2.1359, 10.0304]
[DT-GP] iter= 11 | dt_loss=0.085712  target_RTG=1.0890  floor=0.4736(active=0)
[DT-GP] iter= 12 | zero_steps=71.4%  mean_RTG=0.1619±0.3119  max_RTG=0.8369  avg_len=1.4  min_len=1  ls=[0.4162, 2.1413, 2.1414, 2.1353, 10.0206]
[DT-GP] iter= 12 | dt_loss=0.096905  target_RTG=0.8369  floor=0.4736(active=0)
[DT-GP] iter= 13 | zero_steps=71.4%  mean_RTG=0.1605±0.2928  max_RTG=0.9429  avg_len=1.4  min_len=1  ls=[0.4158, 2.1701, 2.1702, 2.1678, 10.0122]
[DT-GP] iter= 13 | dt_loss=0.112312  target_RTG=0.9429  floor=0.4736(active=0)
[DT-GP] iter= 14 | zero_steps=63.0%  mean_RTG=0.3481±0.9873  max_RTG=5.3918  avg_len=1.5  min_len=1  ls=[0.4181, 2.1499, 2.1497, 2.1479, 10.0049]
[DT-GP] iter= 14 | dt_loss=0.110665  target_RTG=5.3918  floor=0.4736(active=0)
[DT-GP] iter= 15 | zero_steps=69.8%  mean_RTG=0.1647±0.3313  max_RTG=0.9234  avg_len=1.4  min_len=1  ls=[0.4117, 2.1373, 2.1372, 2.136, 9.9984]
[DT-GP] iter= 15 | dt_loss=0.08188  target_RTG=0.9234  floor=0.5392(active=0)
[DT-GP] iter= 16 | zero_steps=65.9%  mean_RTG=0.1917±0.3843  max_RTG=1.0320  avg_len=1.5  min_len=1  ls=[0.4041, 2.1547, 2.1548, 2.1559, 9.9925]
[DT-GP] iter= 16 | dt_loss=0.091231  target_RTG=1.0320  floor=0.5392(active=0)
[DT-GP] iter= 17 | zero_steps=65.2%  mean_RTG=0.2046±0.4090  max_RTG=1.1704  avg_len=1.5  min_len=1  ls=[0.3876, 2.1506, 2.1534, 2.1465, 9.987]
[DT-GP] iter= 17 | dt_loss=0.076149  target_RTG=1.1704  floor=0.5392(active=0)
[DT-GP] iter= 18 | zero_steps=68.2%  mean_RTG=0.2471±0.4542  max_RTG=1.3168  avg_len=1.5  min_len=1  ls=[0.3739, 2.1428, 2.1341, 2.1365, 9.982]
[DT-GP] iter= 18 | dt_loss=0.105351  target_RTG=1.3168  floor=0.5392(active=0)
[DT-GP] iter= 19 | zero_steps=71.4%  mean_RTG=0.2224±0.4214  max_RTG=1.2712  avg_len=1.4  min_len=1  ls=[0.3723, 2.1116, 2.1131, 2.1128, 9.9773]
[DT-GP] iter= 19 | dt_loss=0.103205  target_RTG=1.2712  floor=0.5392(active=0)
[DT-GP] iter= 20 | zero_steps=57.4%  mean_RTG=0.2289±0.4314  max_RTG=1.2753  avg_len=1.6  min_len=1  ls=[0.3748, 2.0905, 2.0901, 2.0904, 9.9729]
[DT-GP] iter= 20 | dt_loss=0.090867  target_RTG=1.2753  floor=0.5392(active=0)
[DT-GP] iter= 21 | zero_steps=63.6%  mean_RTG=0.2122±0.4284  max_RTG=1.3241  avg_len=1.5  min_len=1  ls=[0.3741, 2.0681, 2.0675, 2.0677, 9.9688]
[DT-GP] iter= 21 | dt_loss=0.09733  target_RTG=1.3241  floor=0.5392(active=0)
[DT-GP] iter= 22 | zero_steps=64.4%  mean_RTG=0.1920±0.3850  max_RTG=1.0451  avg_len=1.5  min_len=1  ls=[0.3728, 2.0148, 2.015, 2.0151, 9.9648]
[DT-GP] iter= 22 | dt_loss=0.097095  target_RTG=1.0451  floor=0.5392(active=0)
[DT-GP] iter= 23 | zero_steps=35.9%  mean_RTG=0.7038±0.4703  max_RTG=2.2211  avg_len=2.6  min_len=1  ls=[0.374, 0.4244, 0.4243, 0.4244, 9.9611]
[DT-GP] iter= 23 | dt_loss=0.014418  target_RTG=2.2211  floor=0.5392(active=0)
[DT-GP] iter= 24 | zero_steps=31.2%  mean_RTG=0.8372±0.5294  max_RTG=2.9258  avg_len=2.7  min_len=1  ls=[0.3763, 0.3792, 0.3791, 0.3792, 9.9576]
[DT-GP] iter= 24 | dt_loss=0.008967  target_RTG=2.9258  floor=0.5392(active=0)
[DT-GP] iter= 25 | zero_steps=38.0%  mean_RTG=0.9445±0.8146  max_RTG=4.8381  avg_len=2.6  min_len=1  ls=[0.3757, 0.3781, 0.3783, 0.3782, 9.9543]
[DT-GP] iter= 25 | dt_loss=0.006472  target_RTG=4.8381  floor=0.5392(active=0)
[DT-GP] iter= 26 | zero_steps=35.0%  mean_RTG=0.8582±0.5941  max_RTG=3.4922  avg_len=2.7  min_len=1  ls=[0.3839, 0.3814, 0.3812, 0.3814, 9.951]
[DT-GP] iter= 26 | dt_loss=0.006369  target_RTG=3.4922  floor=0.5392(active=0)
[DT-GP] iter= 27 | zero_steps=42.2%  mean_RTG=0.1560±0.0814  max_RTG=0.2573  avg_len=2.1  min_len=1  ls=[0.3728, 0.3723, 0.3724, 0.3723, 9.9479]
[DT-GP] iter= 27 | dt_loss=0.013429  target_RTG=0.5392  floor=0.5392(active=1)
[DT-GP] iter= 28 | zero_steps=42.0%  mean_RTG=0.3330±0.7687  max_RTG=4.4151  avg_len=2.3  min_len=1  ls=[0.3717, 0.3713, 0.3713, 0.3713, 9.945]
[DT-GP] iter= 28 | dt_loss=0.006284  target_RTG=4.4151  floor=0.5392(active=0)
[DT-GP] iter= 29 | zero_steps=46.0%  mean_RTG=0.3449±0.6791  max_RTG=3.1056  avg_len=2.1  min_len=1  ls=[0.3201, 0.32, 0.32, 0.32, 9.9422]
[DT-GP] iter= 29 | dt_loss=0.033291  target_RTG=3.1056  floor=0.5392(active=0)
[DT-GP] iter= 30 | zero_steps=39.5%  mean_RTG=0.2550±0.4892  max_RTG=2.8534  avg_len=2.5  min_len=1  ls=[0.3065, 0.3065, 0.3065, 0.3065, 9.9395]
[DT-GP] iter= 30 | dt_loss=0.005297  target_RTG=2.8534  floor=0.5392(active=0)
final best = -0.1462
  [DT-GT-dynamic] running... 