/home/yuru/DRO-proj/DRO-aistats-submission/.venv/lib/python3.10/site-packages/botorch/test_functions/base.py:45: UserWarning: To copy construct from a tensor, it is recommended to use sourceTensor.clone().detach() or sourceTensor.clone().detach().requires_grad_(True), rather than torch.tensor(sourceTensor).
  "bounds", torch.tensor(self._bounds, dtype=torch.float).transpose(-1, -2)

=================================================================
  Floored Dynamic RTG (DT-GP) — Rosenbrock 2D
  Trials : 10  |  Seeds 0–9
  Budget : 10 init + 30 iter = 40 evaluations
  Conditions: DT-GP×3 (floor α∈{0.5,0.2,0.1}) + DT-GT-dynamic (reference)
  Save dir  : res/floored_rtg_dtgp_rosenbrock
=================================================================


── Trial 1/10  (seed=0) ────────────────────────────────────────
  [DT-GP-floor05] running... Using device: cpu, dtype: torch.float64
Set random seed: 0
Save directory set to: res
Sampling 10 initial points using 'sobol' method...
Initializing BoTorch GP ensemble...
[DT-GP] iter=  1 | zero_steps=34.9%  mean_RTG=58.4400±11.7848  max_RTG=76.8408  avg_len=2.9  min_len=2  ls=[0.1, 1.2818, 1.2552, 1.2806, 1.1709]
[DT-GP] iter=  1 | dt_loss=1.53151  target_RTG=76.8408  floor=0.0000(active=0)
[DT-GP] iter=  2 | zero_steps=75.0%  mean_RTG=2.2563±4.5670  max_RTG=13.3104  avg_len=1.3  min_len=1  ls=[0.1, 1.2913, 1.2795, 1.2669, 1.2628]
[DT-GP] iter=  2 | dt_loss=0.176805  target_RTG=38.4204  floor=38.4204(active=1)
[DT-GP] iter=  3 | zero_steps=37.3%  mean_RTG=13.7291±6.2734  max_RTG=22.2229  avg_len=2.5  min_len=1  ls=[0.1, 1.2788, 1.279, 1.2732, 1.2711]
[DT-GP] iter=  3 | dt_loss=0.064945  target_RTG=38.4204  floor=38.4204(active=1)
[DT-GP] iter=  4 | zero_steps=41.8%  mean_RTG=15.6743±8.6554  max_RTG=26.8673  avg_len=2.2  min_len=1  ls=[1.1689, 1.2776, 1.2815, 1.2753, 1.2743]
[DT-GP] iter=  4 | dt_loss=0.002384  target_RTG=38.4204  floor=38.4204(active=1)
[DT-GP] iter=  5 | zero_steps=73.2%  mean_RTG=1.3595±2.4003  max_RTG=8.0547  avg_len=1.4  min_len=1  ls=[1.2835, 1.2758, 1.2806, 1.2767, 1.2754]
[DT-GP] iter=  5 | dt_loss=0.002424  target_RTG=38.4204  floor=38.4204(active=1)
[DT-GP] iter=  6 | zero_steps=75.0%  mean_RTG=1.4788±2.5046  max_RTG=9.8106  avg_len=1.3  min_len=1  ls=[1.279, 1.276, 1.2815, 1.2772, 1.2764]
[DT-GP] iter=  6 | dt_loss=0.001527  target_RTG=38.4204  floor=38.4204(active=1)
[DT-GP] iter=  7 | zero_steps=76.9%  mean_RTG=1.1994±2.7537  max_RTG=9.4499  avg_len=1.3  min_len=1  ls=[1.2784, 1.2758, 1.2804, 1.2775, 1.2765]
[DT-GP] iter=  7 | dt_loss=0.001447  target_RTG=38.4204  floor=38.4204(active=1)
[DT-GP] iter=  8 | zero_steps=71.4%  mean_RTG=1.3754±3.0353  max_RTG=14.5896  avg_len=1.4  min_len=1  ls=[1.2779, 1.2756, 1.2808, 1.2774, 1.2769]
[DT-GP] iter=  8 | dt_loss=0.001348  target_RTG=38.4204  floor=38.4204(active=1)
[DT-GP] iter=  9 | zero_steps=76.9%  mean_RTG=1.7855±4.3707  max_RTG=18.2613  avg_len=1.3  min_len=1  ls=[1.2772, 1.2752, 1.2795, 1.2774, 1.2766]
[DT-GP] iter=  9 | dt_loss=0.00126  target_RTG=38.4204  floor=38.4204(active=1)
[DT-GP] iter= 10 | zero_steps=78.9%  mean_RTG=1.6783±3.5453  max_RTG=14.0085  avg_len=1.3  min_len=1  ls=[1.2766, 1.2748, 1.2798, 1.277, 1.2766]
[DT-GP] iter= 10 | dt_loss=0.000953  target_RTG=38.4204  floor=38.4204(active=1)
[DT-GP] iter= 11 | zero_steps=81.1%  mean_RTG=1.3033±2.6731  max_RTG=8.6687  avg_len=1.2  min_len=1  ls=[1.2759, 1.2742, 1.2785, 1.2768, 1.276]
[DT-GP] iter= 11 | dt_loss=0.000821  target_RTG=38.4204  floor=38.4204(active=1)
[DT-GP] iter= 12 | zero_steps=73.2%  mean_RTG=1.8628±3.5647  max_RTG=11.4219  avg_len=1.4  min_len=1  ls=[1.2753, 1.2737, 1.2787, 1.2762, 1.2759]
[DT-GP] iter= 12 | dt_loss=0.001159  target_RTG=38.4204  floor=38.4204(active=1)
[DT-GP] iter= 13 | zero_steps=68.2%  mean_RTG=1.4065±2.9778  max_RTG=10.7864  avg_len=1.5  min_len=1  ls=[1.2746, 1.2732, 1.2772, 1.2759, 1.2752]
[DT-GP] iter= 13 | dt_loss=0.001383  target_RTG=38.4204  floor=38.4204(active=1)
[DT-GP] iter= 14 | zero_steps=76.9%  mean_RTG=1.4621±3.2678  max_RTG=12.8431  avg_len=1.3  min_len=1  ls=[1.2739, 1.2726, 1.2775, 1.2753, 1.275]
[DT-GP] iter= 14 | dt_loss=0.00138  target_RTG=38.4204  floor=38.4204(active=1)
[DT-GP] iter= 15 | zero_steps=64.4%  mean_RTG=3.0576±4.8465  max_RTG=13.9782  avg_len=1.5  min_len=1  ls=[1.2732, 1.272, 1.2759, 1.2749, 1.2743]
[DT-GP] iter= 15 | dt_loss=0.000905  target_RTG=38.4204  floor=38.4204(active=1)
[DT-GP] iter= 16 | zero_steps=69.8%  mean_RTG=3.5244±5.5363  max_RTG=17.7658  avg_len=1.4  min_len=1  ls=[1.2725, 1.2714, 1.2762, 1.2742, 1.274]
[DT-GP] iter= 16 | dt_loss=0.001011  target_RTG=38.4204  floor=38.4204(active=1)
[DT-GP] iter= 17 | zero_steps=76.9%  mean_RTG=1.7441±3.5136  max_RTG=10.6945  avg_len=1.3  min_len=1  ls=[1.2718, 1.2707, 1.2745, 1.2737, 1.2731]
[DT-GP] iter= 17 | dt_loss=0.000871  target_RTG=38.4204  floor=38.4204(active=1)
[DT-GP] iter= 18 | zero_steps=66.7%  mean_RTG=5.1604±7.7747  max_RTG=28.9870  avg_len=1.5  min_len=1  ls=[1.2711, 1.2701, 1.2749, 1.273, 1.2729]
[DT-GP] iter= 18 | dt_loss=0.00125  target_RTG=38.4204  floor=38.4204(active=1)
[DT-GP] iter= 19 | zero_steps=73.2%  mean_RTG=3.5487±6.1197  max_RTG=20.1450  avg_len=1.4  min_len=1  ls=[1.2704, 1.2694, 1.2731, 1.2725, 1.2719]
[DT-GP] iter= 19 | dt_loss=0.001283  target_RTG=38.4204  floor=38.4204(active=1)
[DT-GP] iter= 20 | zero_steps=76.9%  mean_RTG=1.9930±3.5760  max_RTG=11.1500  avg_len=1.3  min_len=1  ls=[1.2697, 1.2688, 1.2736, 1.2717, 1.2717]
[DT-GP] iter= 20 | dt_loss=0.000705  target_RTG=38.4204  floor=38.4204(active=1)
[DT-GP] iter= 21 | zero_steps=83.3%  mean_RTG=1.1345±3.4319  max_RTG=15.3918  avg_len=1.2  min_len=1  ls=[1.269, 1.2681, 1.2717, 1.2713, 1.2707]
[DT-GP] iter= 21 | dt_loss=0.000654  target_RTG=38.4204  floor=38.4204(active=1)
[DT-GP] iter= 22 | zero_steps=88.2%  mean_RTG=0.8167±2.2693  max_RTG=9.3434  avg_len=1.1  min_len=1  ls=[1.2683, 1.2674, 1.2723, 1.2704, 1.2705]
[DT-GP] iter= 22 | dt_loss=0.000636  target_RTG=38.4204  floor=38.4204(active=1)
[DT-GP] iter= 23 | zero_steps=71.4%  mean_RTG=4.1866±6.4536  max_RTG=27.0923  avg_len=1.4  min_len=1  ls=[1.2675, 1.2667, 1.2702, 1.27, 1.2694]
[DT-GP] iter= 23 | dt_loss=0.00075  target_RTG=38.4204  floor=38.4204(active=1)
[DT-GP] iter= 24 | zero_steps=75.0%  mean_RTG=2.7815±5.1683  max_RTG=14.6178  avg_len=1.3  min_len=1  ls=[1.2668, 1.266, 1.271, 1.2691, 1.2692]
[DT-GP] iter= 24 | dt_loss=0.000541  target_RTG=38.4204  floor=38.4204(active=1)
[DT-GP] iter= 25 | zero_steps=85.7%  mean_RTG=1.5336±4.7299  max_RTG=22.1727  avg_len=1.2  min_len=1  ls=[1.2661, 1.2653, 1.2686, 1.2687, 1.268]
[DT-GP] iter= 25 | dt_loss=0.001191  target_RTG=38.4204  floor=38.4204(active=1)
[DT-GP] iter= 26 | zero_steps=65.2%  mean_RTG=3.5696±5.6475  max_RTG=17.9340  avg_len=1.5  min_len=1  ls=[1.2654, 1.2646, 1.2697, 1.2677, 1.2679]
[DT-GP] iter= 26 | dt_loss=0.000752  target_RTG=38.4204  floor=38.4204(active=1)
[DT-GP] iter= 27 | zero_steps=78.9%  mean_RTG=3.4122±6.3961  max_RTG=22.8066  avg_len=1.3  min_len=1  ls=[1.2646, 1.2639, 1.2671, 1.2673, 1.2667]
[DT-GP] iter= 27 | dt_loss=0.001776  target_RTG=38.4204  floor=38.4204(active=1)
[DT-GP] iter= 28 | zero_steps=73.2%  mean_RTG=2.5500±4.6399  max_RTG=14.8177  avg_len=1.4  min_len=1  ls=[1.2639, 1.2632, 1.2683, 1.2663, 1.2666]
[DT-GP] iter= 28 | dt_loss=0.000666  target_RTG=38.4204  floor=38.4204(active=1)
[DT-GP] iter= 29 | zero_steps=71.4%  mean_RTG=3.1840±6.0217  max_RTG=18.7408  avg_len=1.4  min_len=1  ls=[1.2632, 1.2625, 1.2655, 1.266, 1.2653]
[DT-GP] iter= 29 | dt_loss=0.001343  target_RTG=38.4204  floor=38.4204(active=1)
[DT-GP] iter= 30 | zero_steps=69.8%  mean_RTG=5.0277±7.8696  max_RTG=25.9941  avg_len=1.4  min_len=1  ls=[1.2625, 1.2618, 1.267, 1.2649, 1.2653]
[DT-GP] iter= 30 | dt_loss=0.000695  target_RTG=38.4204  floor=38.4204(active=1)
final best = -2.0520
  [DT-GP-floor02] running... Using device: cpu, dtype: torch.float64
Set random seed: 0
Save directory set to: res
Sampling 10 initial points using 'sobol' method...
Initializing BoTorch GP ensemble...
[DT-GP] iter=  1 | zero_steps=34.9%  mean_RTG=58.4400±11.7848  max_RTG=76.8408  avg_len=2.9  min_len=2  ls=[0.1, 1.2818, 1.2552, 1.2806, 1.1709]
[DT-GP] iter=  1 | dt_loss=1.53151  target_RTG=76.8408  floor=0.0000(active=0)
[DT-GP] iter=  2 | zero_steps=75.0%  mean_RTG=2.2563±4.5670  max_RTG=13.3104  avg_len=1.3  min_len=1  ls=[0.1, 1.2913, 1.2795, 1.2669, 1.2628]
[DT-GP] iter=  2 | dt_loss=0.176805  target_RTG=15.3682  floor=15.3682(active=1)
[DT-GP] iter=  3 | zero_steps=96.8%  mean_RTG=0.0485±0.2614  max_RTG=1.4563  avg_len=1.0  min_len=1  ls=[0.0557, 1.2941, 1.2838, 1.2741, 1.2709]
[DT-GP] iter=  3 | dt_loss=0.007876  target_RTG=15.3682  floor=15.3682(active=1)
[DT-GP] iter=  4 | zero_steps=100.0%  mean_RTG=0.0000±0.0000  max_RTG=0.0000  avg_len=1.0  min_len=1  ls=[0.0557, 1.2911, 1.2891, 1.2758, 1.2732]
[DT-GP] iter=  4 | dt_loss=0.003805  target_RTG=15.3682  floor=15.3682(active=1)
[DT-GP] iter=  5 | zero_steps=96.8%  mean_RTG=0.1911±1.0290  max_RTG=5.7324  avg_len=1.0  min_len=1  ls=[0.2358, 1.2918, 1.2868, 1.2752, 1.2736]
[DT-GP] iter=  5 | dt_loss=0.003432  target_RTG=15.3682  floor=15.3682(active=1)
[DT-GP] iter=  6 | zero_steps=71.4%  mean_RTG=2.3727±4.4604  max_RTG=15.7531  avg_len=1.4  min_len=1  ls=[0.2345, 1.2903, 1.289, 1.2759, 1.2751]
[DT-GP] iter=  6 | dt_loss=0.007734  target_RTG=15.7531  floor=15.3682(active=0)
[DT-GP] iter=  7 | zero_steps=68.2%  mean_RTG=2.4413±4.0305  max_RTG=13.7988  avg_len=1.5  min_len=1  ls=[0.2286, 1.2905, 1.2867, 1.277, 1.276]
[DT-GP] iter=  7 | dt_loss=0.00599  target_RTG=15.3682  floor=15.3682(active=1)
[DT-GP] iter=  8 | zero_steps=66.7%  mean_RTG=2.3728±3.9733  max_RTG=16.5565  avg_len=1.5  min_len=1  ls=[0.2255, 1.289, 1.2882, 1.2772, 1.2765]
[DT-GP] iter=  8 | dt_loss=0.005297  target_RTG=16.5565  floor=15.3682(active=0)
[DT-GP] iter=  9 | zero_steps=75.0%  mean_RTG=1.9210±4.1474  max_RTG=18.1335  avg_len=1.3  min_len=1  ls=[0.2251, 1.2891, 1.2859, 1.2775, 1.2767]
[DT-GP] iter=  9 | dt_loss=0.004829  target_RTG=18.1335  floor=15.3682(active=0)
[DT-GP] iter= 10 | zero_steps=76.9%  mean_RTG=1.3875±2.7625  max_RTG=10.3491  avg_len=1.3  min_len=1  ls=[0.2251, 1.2876, 1.2871, 1.2774, 1.2768]
[DT-GP] iter= 10 | dt_loss=0.006056  target_RTG=15.3682  floor=15.3682(active=1)
[DT-GP] iter= 11 | zero_steps=66.7%  mean_RTG=2.7594±4.5365  max_RTG=18.6245  avg_len=1.5  min_len=1  ls=[0.2282, 1.2877, 1.2848, 1.2773, 1.2767]
[DT-GP] iter= 11 | dt_loss=0.004447  target_RTG=18.6245  floor=15.3682(active=0)
[DT-GP] iter= 12 | zero_steps=75.0%  mean_RTG=1.2308±2.3755  max_RTG=9.8331  avg_len=1.3  min_len=1  ls=[0.2337, 1.2862, 1.286, 1.277, 1.2765]
[DT-GP] iter= 12 | dt_loss=0.006349  target_RTG=15.3682  floor=15.3682(active=1)
[DT-GP] iter= 13 | zero_steps=69.8%  mean_RTG=3.0108±4.1603  max_RTG=11.5890  avg_len=1.4  min_len=1  ls=[0.2419, 1.2862, 1.2836, 1.2767, 1.2763]
[DT-GP] iter= 13 | dt_loss=0.006594  target_RTG=15.3682  floor=15.3682(active=1)
[DT-GP] iter= 14 | zero_steps=78.9%  mean_RTG=1.1217±2.5970  max_RTG=11.2069  avg_len=1.3  min_len=1  ls=[0.2507, 1.2846, 1.2847, 1.2763, 1.2759]
[DT-GP] iter= 14 | dt_loss=0.005462  target_RTG=15.3682  floor=15.3682(active=1)
[DT-GP] iter= 15 | zero_steps=71.4%  mean_RTG=2.4792±3.8545  max_RTG=15.3140  avg_len=1.4  min_len=1  ls=[0.2609, 1.2847, 1.2822, 1.2759, 1.2755]
[DT-GP] iter= 15 | dt_loss=0.003926  target_RTG=15.3682  floor=15.3682(active=1)
[DT-GP] iter= 16 | zero_steps=78.9%  mean_RTG=1.1863±2.5459  max_RTG=11.4675  avg_len=1.3  min_len=1  ls=[0.2755, 1.2831, 1.2835, 1.2755, 1.2751]
[DT-GP] iter= 16 | dt_loss=0.001185  target_RTG=15.3682  floor=15.3682(active=1)
[DT-GP] iter= 17 | zero_steps=78.9%  mean_RTG=1.7377±4.4929  max_RTG=22.9871  avg_len=1.3  min_len=1  ls=[0.2884, 1.2833, 1.2807, 1.275, 1.2746]
[DT-GP] iter= 17 | dt_loss=0.006026  target_RTG=22.9871  floor=15.3682(active=0)
[DT-GP] iter= 18 | zero_steps=75.0%  mean_RTG=1.1448±2.4065  max_RTG=8.6815  avg_len=1.3  min_len=1  ls=[0.2975, 1.2816, 1.2822, 1.2745, 1.2741]
[DT-GP] iter= 18 | dt_loss=0.003762  target_RTG=15.3682  floor=15.3682(active=1)
[DT-GP] iter= 19 | zero_steps=73.2%  mean_RTG=1.9195±3.7005  max_RTG=15.7554  avg_len=1.4  min_len=1  ls=[0.3101, 1.2818, 1.2793, 1.2739, 1.2736]
[DT-GP] iter= 19 | dt_loss=0.003398  target_RTG=15.7554  floor=15.3682(active=0)
[DT-GP] iter= 20 | zero_steps=62.5%  mean_RTG=3.5231±5.0528  max_RTG=15.5423  avg_len=1.6  min_len=1  ls=[0.3212, 1.2801, 1.2809, 1.2733, 1.273]
[DT-GP] iter= 20 | dt_loss=0.002599  target_RTG=15.5423  floor=15.3682(active=0)
[DT-GP] iter= 21 | zero_steps=63.8%  mean_RTG=4.6305±6.8994  max_RTG=22.3536  avg_len=1.6  min_len=1  ls=[0.3332, 1.2804, 1.2777, 1.2727, 1.2724]
[DT-GP] iter= 21 | dt_loss=0.002243  target_RTG=22.3536  floor=15.3682(active=0)
[DT-GP] iter= 22 | zero_steps=73.2%  mean_RTG=2.9539±6.6518  max_RTG=29.5741  avg_len=1.4  min_len=1  ls=[0.3458, 1.2785, 1.2796, 1.2722, 1.2719]
[DT-GP] iter= 22 | dt_loss=0.002964  target_RTG=29.5741  floor=15.3682(active=0)
[DT-GP] iter= 23 | zero_steps=61.2%  mean_RTG=6.0995±8.2482  max_RTG=37.0595  avg_len=1.6  min_len=1  ls=[1.3336, 1.279, 1.2762, 1.2715, 1.2713]
[DT-GP] iter= 23 | dt_loss=0.001275  target_RTG=37.0595  floor=15.3682(active=0)
[DT-GP] iter= 24 | zero_steps=85.7%  mean_RTG=1.4239±3.4712  max_RTG=14.5173  avg_len=1.2  min_len=1  ls=[1.2765, 1.2769, 1.2783, 1.2709, 1.2707]
[DT-GP] iter= 24 | dt_loss=0.000988  target_RTG=15.3682  floor=15.3682(active=1)
[DT-GP] iter= 25 | zero_steps=71.4%  mean_RTG=3.7622±5.5533  max_RTG=15.9297  avg_len=1.4  min_len=1  ls=[1.271, 1.2775, 1.2746, 1.2702, 1.27]
[DT-GP] iter= 25 | dt_loss=0.000633  target_RTG=15.9297  floor=15.3682(active=0)
[DT-GP] iter= 26 | zero_steps=63.8%  mean_RTG=4.4207±6.3418  max_RTG=26.0589  avg_len=1.6  min_len=1  ls=[1.2738, 1.2753, 1.2688, 1.2696, 1.2694]
[DT-GP] iter= 26 | dt_loss=0.001195  target_RTG=26.0589  floor=15.3682(active=0)
[DT-GP] iter= 27 | zero_steps=68.2%  mean_RTG=4.1539±6.3222  max_RTG=23.3627  avg_len=1.5  min_len=1  ls=[1.2699, 1.2761, 1.2718, 1.2689, 1.2687]
[DT-GP] iter= 27 | dt_loss=0.000764  target_RTG=23.3627  floor=15.3682(active=0)
[DT-GP] iter= 28 | zero_steps=68.2%  mean_RTG=3.4330±6.1030  max_RTG=23.7498  avg_len=1.5  min_len=1  ls=[1.2719, 1.2737, 1.2678, 1.2683, 1.2681]
[DT-GP] iter= 28 | dt_loss=0.000992  target_RTG=23.7498  floor=15.3682(active=0)
[DT-GP] iter= 29 | zero_steps=69.8%  mean_RTG=3.6069±6.7365  max_RTG=23.5530  avg_len=1.4  min_len=1  ls=[1.2687, 1.2747, 1.2699, 1.2676, 1.2674]
[DT-GP] iter= 29 | dt_loss=0.001091  target_RTG=23.5530  floor=15.3682(active=0)
[DT-GP] iter= 30 | zero_steps=75.0%  mean_RTG=3.4394±6.0170  max_RTG=20.1359  avg_len=1.3  min_len=1  ls=[1.2701, 1.272, 1.2667, 1.2669, 1.2667]
[DT-GP] iter= 30 | dt_loss=0.001086  target_RTG=20.1359  floor=15.3682(active=0)
final best = -2.4171
  [DT-GP-floor01] running... Using device: cpu, dtype: torch.float64
Set random seed: 0
Save directory set to: res
Sampling 10 initial points using 'sobol' method...
Initializing BoTorch GP ensemble...
[DT-GP] iter=  1 | zero_steps=34.9%  mean_RTG=58.4400±11.7848  max_RTG=76.8408  avg_len=2.9  min_len=2  ls=[0.1, 1.2818, 1.2552, 1.2806, 1.1709]
[DT-GP] iter=  1 | dt_loss=1.53151  target_RTG=76.8408  floor=0.0000(active=0)
[DT-GP] iter=  2 | zero_steps=75.0%  mean_RTG=2.2563±4.5670  max_RTG=13.3104  avg_len=1.3  min_len=1  ls=[0.1, 1.2913, 1.2795, 1.2669, 1.2628]
[DT-GP] iter=  2 | dt_loss=0.176805  target_RTG=13.3104  floor=7.6841(active=0)
[DT-GP] iter=  3 | zero_steps=85.7%  mean_RTG=0.9609±2.6845  max_RTG=12.5248  avg_len=1.2  min_len=1  ls=[0.1918, 1.2942, 1.2837, 1.2741, 1.2709]
[DT-GP] iter=  3 | dt_loss=0.020609  target_RTG=12.5248  floor=7.6841(active=0)
[DT-GP] iter=  4 | zero_steps=44.1%  mean_RTG=13.8652±7.1475  max_RTG=23.7422  avg_len=2.3  min_len=1  ls=[0.1411, 1.2708, 1.264, 1.2567, 1.2549]
[DT-GP] iter=  4 | dt_loss=0.004857  target_RTG=23.7422  floor=7.6841(active=0)
[DT-GP] iter=  5 | zero_steps=47.5%  mean_RTG=6.0685±6.0524  max_RTG=20.7837  avg_len=2.0  min_len=1  ls=[0.1158, 1.2735, 1.2618, 1.2567, 1.2555]
[DT-GP] iter=  5 | dt_loss=0.004782  target_RTG=20.7837  floor=7.6841(active=0)
[DT-GP] iter=  6 | zero_steps=71.4%  mean_RTG=1.7763±2.9460  max_RTG=10.5157  avg_len=1.4  min_len=1  ls=[0.1444, 1.2706, 1.2612, 1.2579, 1.257]
[DT-GP] iter=  6 | dt_loss=0.002586  target_RTG=10.5157  floor=7.6841(active=0)
[DT-GP] iter=  7 | zero_steps=90.9%  mean_RTG=0.6225±2.0536  max_RTG=8.6110  avg_len=1.1  min_len=1  ls=[0.1687, 1.2721, 1.2619, 1.2586, 1.2578]
[DT-GP] iter=  7 | dt_loss=0.002378  target_RTG=8.6110  floor=7.6841(active=0)
[DT-GP] iter=  8 | zero_steps=83.3%  mean_RTG=0.3437±1.0420  max_RTG=4.4485  avg_len=1.2  min_len=1  ls=[0.1941, 1.2695, 1.2616, 1.259, 1.2583]
[DT-GP] iter=  8 | dt_loss=0.001575  target_RTG=7.6841  floor=7.6841(active=1)
[DT-GP] iter=  9 | zero_steps=90.9%  mean_RTG=0.1593±0.6218  max_RTG=3.1130  avg_len=1.1  min_len=1  ls=[0.2144, 1.2708, 1.2617, 1.2591, 1.2585]
[DT-GP] iter=  9 | dt_loss=0.001606  target_RTG=7.6841  floor=7.6841(active=1)
[DT-GP] iter= 10 | zero_steps=81.1%  mean_RTG=1.4934±3.7962  max_RTG=16.4537  avg_len=1.2  min_len=1  ls=[0.602, 1.2682, 1.2613, 1.2591, 1.2586]
[DT-GP] iter= 10 | dt_loss=0.003677  target_RTG=16.4537  floor=7.6841(active=0)
[DT-GP] iter= 11 | zero_steps=78.9%  mean_RTG=1.1163±2.6159  max_RTG=13.4280  avg_len=1.3  min_len=1  ls=[1.2465, 1.2695, 1.2611, 1.259, 1.2585]
[DT-GP] iter= 11 | dt_loss=0.001913  target_RTG=13.4280  floor=7.6841(active=0)
[DT-GP] iter= 12 | zero_steps=75.0%  mean_RTG=1.1343±2.5266  max_RTG=11.4346  avg_len=1.3  min_len=1  ls=[1.2647, 1.2668, 1.2606, 1.2588, 1.2583]
[DT-GP] iter= 12 | dt_loss=0.001094  target_RTG=11.4346  floor=7.6841(active=0)
[DT-GP] iter= 13 | zero_steps=73.2%  mean_RTG=2.5552±4.4378  max_RTG=14.8686  avg_len=1.4  min_len=1  ls=[1.262, 1.2681, 1.2603, 1.2585, 1.2581]
[DT-GP] iter= 13 | dt_loss=0.001015  target_RTG=14.8686  floor=7.6841(active=0)
[DT-GP] iter= 14 | zero_steps=81.1%  mean_RTG=1.0353±2.9278  max_RTG=15.3162  avg_len=1.2  min_len=1  ls=[1.263, 1.2654, 1.2598, 1.2581, 1.2577]
[DT-GP] iter= 14 | dt_loss=0.000917  target_RTG=15.3162  floor=7.6841(active=0)
[DT-GP] iter= 15 | zero_steps=76.9%  mean_RTG=0.8641±1.9151  max_RTG=8.6713  avg_len=1.3  min_len=1  ls=[1.2609, 1.2668, 1.2593, 1.2578, 1.2574]
[DT-GP] iter= 15 | dt_loss=0.000998  target_RTG=8.6713  floor=7.6841(active=0)
[DT-GP] iter= 16 | zero_steps=73.2%  mean_RTG=2.1880±4.1308  max_RTG=14.2731  avg_len=1.4  min_len=1  ls=[1.2614, 1.2639, 1.2587, 1.2573, 1.257]
[DT-GP] iter= 16 | dt_loss=0.001006  target_RTG=14.2731  floor=7.6841(active=0)
[DT-GP] iter= 17 | zero_steps=75.0%  mean_RTG=1.1593±2.4568  max_RTG=9.3638  avg_len=1.3  min_len=1  ls=[1.2597, 1.2655, 1.2582, 1.2569, 1.2565]
[DT-GP] iter= 17 | dt_loss=0.000714  target_RTG=9.3638  floor=7.6841(active=0)
[DT-GP] iter= 18 | zero_steps=83.3%  mean_RTG=0.6790±1.7294  max_RTG=8.3015  avg_len=1.2  min_len=1  ls=[1.2599, 1.2624, 1.2576, 1.2564, 1.2561]
[DT-GP] iter= 18 | dt_loss=0.000633  target_RTG=8.3015  floor=7.6841(active=0)
[DT-GP] iter= 19 | zero_steps=71.4%  mean_RTG=2.8168±5.3678  max_RTG=24.5950  avg_len=1.4  min_len=1  ls=[1.2585, 1.2642, 1.2571, 1.2559, 1.2556]
[DT-GP] iter= 19 | dt_loss=0.001419  target_RTG=24.5950  floor=7.6841(active=0)
[DT-GP] iter= 20 | zero_steps=63.8%  mean_RTG=2.4969±3.5724  max_RTG=13.0533  avg_len=1.6  min_len=1  ls=[1.2585, 1.2609, 1.2565, 1.2553, 1.255]
[DT-GP] iter= 20 | dt_loss=0.001074  target_RTG=13.0533  floor=7.6841(active=0)
[DT-GP] iter= 21 | zero_steps=73.2%  mean_RTG=3.4485±5.8339  max_RTG=17.9329  avg_len=1.4  min_len=1  ls=[1.2572, 1.2629, 1.2559, 1.2548, 1.2545]
[DT-GP] iter= 21 | dt_loss=0.00087  target_RTG=17.9329  floor=7.6841(active=0)
[DT-GP] iter= 22 | zero_steps=73.2%  mean_RTG=2.3830±4.1257  max_RTG=15.2015  avg_len=1.4  min_len=1  ls=[1.257, 1.2594, 1.2552, 1.2542, 1.254]
[DT-GP] iter= 22 | dt_loss=0.000714  target_RTG=15.2015  floor=7.6841(active=0)
[DT-GP] iter= 23 | zero_steps=71.4%  mean_RTG=4.2951±7.8956  max_RTG=36.5781  avg_len=1.4  min_len=1  ls=[1.2559, 1.2616, 1.2546, 1.2536, 1.2534]
[DT-GP] iter= 23 | dt_loss=0.000914  target_RTG=36.5781  floor=7.6841(active=0)
[DT-GP] iter= 24 | zero_steps=71.4%  mean_RTG=2.9335±5.0177  max_RTG=14.7006  avg_len=1.4  min_len=1  ls=[1.2556, 1.2578, 1.254, 1.253, 1.2528]
[DT-GP] iter= 24 | dt_loss=0.000884  target_RTG=14.7006  floor=7.6841(active=0)
[DT-GP] iter= 25 | zero_steps=69.8%  mean_RTG=3.7424±6.5440  max_RTG=22.3874  avg_len=1.4  min_len=1  ls=[1.2545, 1.2522, 1.2534, 1.2524, 1.2522]
[DT-GP] iter= 25 | dt_loss=0.001102  target_RTG=22.3874  floor=7.6841(active=0)
[DT-GP] iter= 26 | zero_steps=65.2%  mean_RTG=4.2084±6.7129  max_RTG=26.0414  avg_len=1.5  min_len=1  ls=[1.2542, 1.2552, 1.2527, 1.2518, 1.2516]
[DT-GP] iter= 26 | dt_loss=0.000745  target_RTG=26.0414  floor=7.6841(active=0)
[DT-GP] iter= 27 | zero_steps=78.9%  mean_RTG=2.6726±5.3013  max_RTG=23.1760  avg_len=1.3  min_len=1  ls=[1.2532, 1.2514, 1.2521, 1.2512, 1.251]
[DT-GP] iter= 27 | dt_loss=0.001687  target_RTG=23.1760  floor=7.6841(active=0)
[DT-GP] iter= 28 | zero_steps=65.2%  mean_RTG=3.5195±6.1483  max_RTG=24.4760  avg_len=1.5  min_len=1  ls=[1.2528, 1.2533, 1.2514, 1.2506, 1.2504]
[DT-GP] iter= 28 | dt_loss=0.000771  target_RTG=24.4760  floor=7.6841(active=0)
[DT-GP] iter= 29 | zero_steps=75.0%  mean_RTG=3.3079±6.9460  max_RTG=25.2001  avg_len=1.3  min_len=1  ls=[1.2518, 1.2503, 1.2508, 1.25, 1.2498]
[DT-GP] iter= 29 | dt_loss=0.000897  target_RTG=25.2001  floor=7.6841(active=0)
[DT-GP] iter= 30 | zero_steps=63.8%  mean_RTG=4.6822±6.6208  max_RTG=19.5253  avg_len=1.6  min_len=1  ls=[1.2514, 1.2517, 1.2501, 1.2493, 1.2492]
[DT-GP] iter= 30 | dt_loss=0.000851  target_RTG=19.5253  floor=7.6841(active=0)
final best = -2.0895
  [DT-GT-dynamic] running... Using device: cpu, dtype: torch.float64
Set random seed: 0
Save directory set to: res
Sampling 10 initial points using 'sobol' method...
Initializing BoTorch GP ensemble...
[DT-GT] iter=  1 | zero_steps=90.9%  mean_RTG=2.4766±13.3367  max_RTG=74.2971  avg_len=1.1  min_len=1  ls=[0.1, 1.2818, 1.2552, 1.2806, 1.1709]
[DT-GT] iter=  1 | dt_loss=2.025564  target_RTG=74.2971
[DT-GT] iter=  2 | zero_steps=100.0%  mean_RTG=0.0000±0.0000  max_RTG=0.0000  avg_len=1.0  min_len=1  ls=[0.1, 1.291, 1.2768, 1.2656, 1.262]
[DT-GT] iter=  2 | dt_loss=0.009242  target_RTG=0.0000
[DT-GT] iter=  3 | zero_steps=58.8%  mean_RTG=3.8871±4.1415  max_RTG=14.7835  avg_len=1.7  min_len=1  ls=[0.1, 1.2766, 1.2783, 1.2716, 1.2697]
[DT-GT] iter=  3 | dt_loss=0.024369  target_RTG=14.7835
[DT-GT] iter=  4 | zero_steps=96.8%  mean_RTG=0.0102±0.0549  max_RTG=0.3060  avg_len=1.0  min_len=1  ls=[0.2348, 1.2752, 1.2797, 1.2739, 1.2727]
[DT-GT] iter=  4 | dt_loss=0.004061  target_RTG=0.3060
[DT-GT] iter=  5 | zero_steps=90.9%  mean_RTG=0.0279±0.0842  max_RTG=0.3170  avg_len=1.1  min_len=1  ls=[0.2382, 1.2738, 1.2789, 1.2745, 1.2732]
[DT-GT] iter=  5 | dt_loss=0.003073  target_RTG=0.3170
[DT-GT] iter=  6 | zero_steps=93.8%  mean_RTG=0.0207±0.0775  max_RTG=0.3192  avg_len=1.1  min_len=1  ls=[0.2474, 1.2739, 1.2791, 1.2751, 1.2743]
[DT-GT] iter=  6 | dt_loss=0.002287  target_RTG=0.3192
[DT-GT] iter=  7 | zero_steps=88.2%  mean_RTG=0.0322±0.0852  max_RTG=0.3030  avg_len=1.1  min_len=1  ls=[0.2573, 1.2734, 1.2782, 1.275, 1.274]
[DT-GT] iter=  7 | dt_loss=0.001978  target_RTG=0.3030
[DT-GT] iter=  8 | zero_steps=88.2%  mean_RTG=0.0185±0.0672  max_RTG=0.3057  avg_len=1.1  min_len=1  ls=[0.2777, 1.2731, 1.2782, 1.2751, 1.2744]
[DT-GT] iter=  8 | dt_loss=0.012274  target_RTG=0.3057
[DT-GT] iter=  9 | zero_steps=96.8%  mean_RTG=0.0073±0.0392  max_RTG=0.2185  avg_len=1.0  min_len=1  ls=[0.2556, 1.2714, 1.2757, 1.2732, 1.2724]
[DT-GT] iter=  9 | dt_loss=0.002012  target_RTG=0.2185
[DT-GT] iter= 10 | zero_steps=96.8%  mean_RTG=0.0082±0.0444  max_RTG=0.2474  avg_len=1.0  min_len=1  ls=[0.2757, 1.2719, 1.277, 1.2745, 1.274]
[DT-GT] iter= 10 | dt_loss=0.001705  target_RTG=0.2474
[DT-GT] iter= 11 | zero_steps=100.0%  mean_RTG=0.0000±0.0000  max_RTG=0.0000  avg_len=1.0  min_len=1  ls=[0.2987, 1.2706, 1.2747, 1.2726, 1.2719]
[DT-GT] iter= 11 | dt_loss=0.001192  target_RTG=0.0000
[DT-GT] iter= 12 | zero_steps=100.0%  mean_RTG=0.0000±0.0000  max_RTG=0.0000  avg_len=1.0  min_len=1  ls=[0.3269, 1.2707, 1.2759, 1.2738, 1.2734]
[DT-GT] iter= 12 | dt_loss=0.001765  target_RTG=0.0000
[DT-GT] iter= 13 | zero_steps=100.0%  mean_RTG=0.0000±0.0000  max_RTG=0.0000  avg_len=1.0  min_len=1  ls=[1.3288, 1.2696, 1.2734, 1.2717, 1.2711]
[DT-GT] iter= 13 | dt_loss=0.000941  target_RTG=0.0000
[DT-GT] iter= 14 | zero_steps=100.0%  mean_RTG=0.0000±0.0000  max_RTG=0.0000  avg_len=1.0  min_len=1  ls=[1.2724, 1.2695, 1.2746, 1.2728, 1.2725]
[DT-GT] iter= 14 | dt_loss=0.000898  target_RTG=0.0000
[DT-GT] iter= 15 | zero_steps=100.0%  mean_RTG=0.0000±0.0000  max_RTG=0.0000  avg_len=1.0  min_len=1  ls=[1.2687, 1.2685, 1.2721, 1.2706, 1.2701]
[DT-GT] iter= 15 | dt_loss=0.000628  target_RTG=0.0000
[DT-GT] iter= 16 | zero_steps=100.0%  mean_RTG=0.0000±0.0000  max_RTG=0.0000  avg_len=1.0  min_len=1  ls=[1.2704, 1.2682, 1.2734, 1.2717, 1.2714]
[DT-GT] iter= 16 | dt_loss=0.000498  target_RTG=0.0000
[DT-GT] iter= 17 | zero_steps=100.0%  mean_RTG=0.0000±0.0000  max_RTG=0.0000  avg_len=1.0  min_len=1  ls=[1.2675, 1.2672, 1.2706, 1.2693, 1.2689]
[DT-GT] iter= 17 | dt_loss=0.000543  target_RTG=0.0000
[DT-GT] iter= 18 | zero_steps=100.0%  mean_RTG=0.0000±0.0000  max_RTG=0.0000  avg_len=1.0  min_len=1  ls=[1.2687, 1.2668, 1.272, 1.2706, 1.2703]
[DT-GT] iter= 18 | dt_loss=0.000523  target_RTG=0.0000
[DT-GT] iter= 19 | zero_steps=100.0%  mean_RTG=0.0000±0.0000  max_RTG=0.0000  avg_len=1.0  min_len=1  ls=[1.2663, 1.2659, 1.2692, 1.268, 1.2676]
[DT-GT] iter= 19 | dt_loss=0.000403  target_RTG=0.0000
[DT-GT] iter= 20 | zero_steps=100.0%  mean_RTG=0.0000±0.0000  max_RTG=0.0000  avg_len=1.0  min_len=1  ls=[1.2671, 1.2655, 1.2707, 1.2694, 1.2692]
[DT-GT] iter= 20 | dt_loss=0.000271  target_RTG=0.0000
[DT-GT] iter= 21 | zero_steps=100.0%  mean_RTG=0.0000±0.0000  max_RTG=0.0000  avg_len=1.0  min_len=1  ls=[1.2649, 1.2646, 1.2676, 1.2666, 1.2662]
[DT-GT] iter= 21 | dt_loss=0.000276  target_RTG=0.0000
[DT-GT] iter= 22 | zero_steps=100.0%  mean_RTG=0.0000±0.0000  max_RTG=0.0000  avg_len=1.0  min_len=1  ls=[1.2655, 1.2641, 1.2694, 1.2682, 1.268]
[DT-GT] iter= 22 | dt_loss=0.000412  target_RTG=0.0000
[DT-GT] iter= 23 | zero_steps=100.0%  mean_RTG=0.0000±0.0000  max_RTG=0.0000  avg_len=1.0  min_len=1  ls=[1.2636, 1.2632, 1.2661, 1.2652, 1.2648]
[DT-GT] iter= 23 | dt_loss=0.000458  target_RTG=0.0000
[DT-GT] iter= 24 | zero_steps=100.0%  mean_RTG=0.0000±0.0000  max_RTG=0.0000  avg_len=1.0  min_len=1  ls=[1.2639, 1.2627, 1.2681, 1.2669, 1.2668]
[DT-GT] iter= 24 | dt_loss=0.0003  target_RTG=0.0000
[DT-GT] iter= 25 | zero_steps=100.0%  mean_RTG=0.0000±0.0000  max_RTG=0.0000  avg_len=1.0  min_len=1  ls=[1.2622, 1.2618, 1.2645, 1.2637, 1.2634]
[DT-GT] iter= 25 | dt_loss=0.000338  target_RTG=0.0000
[DT-GT] iter= 26 | zero_steps=100.0%  mean_RTG=0.0000±0.0000  max_RTG=0.0000  avg_len=1.0  min_len=1  ls=[1.2624, 1.2612, 1.2668, 1.2657, 1.2656]
[DT-GT] iter= 26 | dt_loss=0.000329  target_RTG=0.0000
[DT-GT] iter= 27 | zero_steps=100.0%  mean_RTG=0.0000±0.0000  max_RTG=0.0000  avg_len=1.0  min_len=1  ls=[1.2608, 1.2604, 1.263, 1.2622, 1.2619]
[DT-GT] iter= 27 | dt_loss=0.000186  target_RTG=0.0000
[DT-GT] iter= 28 | zero_steps=100.0%  mean_RTG=0.0000±0.0000  max_RTG=0.0000  avg_len=1.0  min_len=1  ls=[1.2609, 1.2598, 1.2573, 1.2645, 1.2562]
[DT-GT] iter= 28 | dt_loss=0.000264  target_RTG=0.0000
[DT-GT] iter= 29 | zero_steps=100.0%  mean_RTG=0.0000±0.0000  max_RTG=0.0000  avg_len=1.0  min_len=1  ls=[1.2593, 1.259, 1.2605, 1.2607, 1.2595]
[DT-GT] iter= 29 | dt_loss=0.000209  target_RTG=0.0000
[DT-GT] iter= 30 | zero_steps=100.0%  mean_RTG=0.0000±0.0000  max_RTG=0.0000  avg_len=1.0  min_len=1  ls=[1.2593, 1.2584, 1.2563, 1.2551, 1.2553]
[DT-GT] iter= 30 | dt_loss=0.000253  target_RTG=0.0000
final best = -0.3463
  [ckpt] 1/10 saved → res/floored_rtg_dtgp_rosenbrock/floored_rtg_dtgp.ckpt.json

── Trial 2/10  (seed=1) ────────────────────────────────────────
  [DT-GP-floor05] running... Using device: cpu, dtype: torch.float64
Set random seed: 1
Save directory set to: res
Sampling 10 initial points using 'sobol' method...
Initializing BoTorch GP ensemble...
[DT-GP] iter=  1 | zero_steps=33.8%  mean_RTG=433.8594±23.2347  max_RTG=477.4160  avg_len=2.7  min_len=2  ls=[0.1, 2.2083, 2.1737, 2.1347, 1.9257]
[DT-GP] iter=  1 | dt_loss=0.451004  target_RTG=477.4160  floor=0.0000(active=0)
[DT-GP] iter=  2 | zero_steps=36.8%  mean_RTG=239.0846±75.7526  max_RTG=396.9357  avg_len=2.5  min_len=2  ls=[0.1, 2.2139, 2.1842, 2.1899, 2.1645]
[DT-GP] iter=  2 | dt_loss=0.341824  target_RTG=396.9357  floor=238.7080(active=0)
[DT-GP] iter=  3 | zero_steps=37.2%  mean_RTG=753.8276±187.6537  max_RTG=901.1415  avg_len=2.6  min_len=2  ls=[0.1, 2.1121, 2.0928, 2.0938, 2.0787]
[DT-GP] iter=  3 | dt_loss=0.089659  target_RTG=901.1415  floor=238.7080(active=0)
[DT-GP] iter=  4 | zero_steps=34.1%  mean_RTG=1083.5298±350.6257  max_RTG=1289.2798  avg_len=2.8  min_len=2  ls=[0.1, 1.9698, 1.9491, 1.9466, 1.9312]
[DT-GP] iter=  4 | dt_loss=0.301308  target_RTG=1289.2798  floor=450.5707(active=0)
[DT-GP] iter=  5 | zero_steps=39.5%  mean_RTG=1070.9003±346.0984  max_RTG=1260.0189  avg_len=2.5  min_len=2  ls=[0.1, 1.9259, 1.9102, 1.9091, 1.8961]
[DT-GP] iter=  5 | dt_loss=0.101663  target_RTG=1260.0189  floor=644.6399(active=0)
[DT-GP] iter=  6 | zero_steps=37.2%  mean_RTG=1338.2317±80.6697  max_RTG=1504.0739  avg_len=2.6  min_len=2  ls=[2.1175, 1.8865, 1.8742, 1.8731, 1.8633]
[DT-GP] iter=  6 | dt_loss=0.007562  target_RTG=1504.0739  floor=644.6399(active=0)
[DT-GP] iter=  7 | zero_steps=36.4%  mean_RTG=357.3267±5.1397  max_RTG=366.9671  avg_len=2.6  min_len=2  ls=[1.8667, 1.8631, 1.8524, 1.8515, 1.843]
[DT-GP] iter=  7 | dt_loss=0.004181  target_RTG=752.0369  floor=752.0369(active=1)
[DT-GP] iter=  8 | zero_steps=35.4%  mean_RTG=22.7428±5.3501  max_RTG=31.3421  avg_len=2.7  min_len=2  ls=[1.8626, 1.8644, 1.8531, 1.852, 1.8429]
[DT-GP] iter=  8 | dt_loss=0.004609  target_RTG=752.0369  floor=752.0369(active=1)
[DT-GP] iter=  9 | zero_steps=100.0%  mean_RTG=0.0000±0.0000  max_RTG=0.0000  avg_len=1.0  min_len=1  ls=[1.8599, 1.8567, 1.848, 1.8472, 1.8404]
[DT-GP] iter=  9 | dt_loss=0.010941  target_RTG=752.0369  floor=752.0369(active=1)
[DT-GP] iter= 10 | zero_steps=100.0%  mean_RTG=0.0000±0.0000  max_RTG=0.0000  avg_len=1.0  min_len=1  ls=[1.8556, 1.8575, 1.848, 1.8471, 1.8393]
[DT-GP] iter= 10 | dt_loss=0.020629  target_RTG=752.0369  floor=752.0369(active=1)
[DT-GP] iter= 11 | zero_steps=100.0%  mean_RTG=0.0000±0.0000  max_RTG=0.0000  avg_len=1.0  min_len=1  ls=[1.8566, 1.8542, 1.8469, 1.8462, 1.8406]
[DT-GP] iter= 11 | dt_loss=0.038198  target_RTG=752.0369  floor=752.0369(active=1)
[DT-GP] iter= 12 | zero_steps=100.0%  mean_RTG=0.0000±0.0000  max_RTG=0.0000  avg_len=1.0  min_len=1  ls=[1.8526, 1.8541, 1.8462, 1.8454, 1.8389]
[DT-GP] iter= 12 | dt_loss=0.132232  target_RTG=752.0369  floor=752.0369(active=1)
[DT-GP] iter= 13 | zero_steps=100.0%  mean_RTG=0.0000±0.0000  max_RTG=0.0000  avg_len=1.0  min_len=1  ls=[1.8533, 1.8512, 1.8449, 1.8444, 1.8396]
[DT-GP] iter= 13 | dt_loss=0.039365  target_RTG=752.0369  floor=752.0369(active=1)
[DT-GP] iter= 14 | zero_steps=100.0%  mean_RTG=0.0000±0.0000  max_RTG=0.0000  avg_len=1.0  min_len=1  ls=[1.8476, 1.8491, 1.8421, 1.8414, 1.8357]
[DT-GP] iter= 14 | dt_loss=0.023778  target_RTG=752.0369  floor=752.0369(active=1)
[DT-GP] iter= 15 | zero_steps=100.0%  mean_RTG=0.0000±0.0000  max_RTG=0.0000  avg_len=1.0  min_len=1  ls=[1.8494, 1.8476, 1.8422, 1.8417, 1.8375]
[DT-GP] iter= 15 | dt_loss=0.01598  target_RTG=752.0369  floor=752.0369(active=1)
[DT-GP] iter= 16 | zero_steps=100.0%  mean_RTG=0.0000±0.0000  max_RTG=0.0000  avg_len=1.0  min_len=1  ls=[1.844, 1.8453, 1.8392, 1.8386, 1.8336]
[DT-GP] iter= 16 | dt_loss=0.007533  target_RTG=752.0369  floor=752.0369(active=1)
[DT-GP] iter= 17 | zero_steps=100.0%  mean_RTG=0.0000±0.0000  max_RTG=0.0000  avg_len=1.0  min_len=1  ls=[1.8475, 1.8462, 1.8413, 1.8409, 1.8371]
[DT-GP] iter= 17 | dt_loss=0.007612  target_RTG=752.0369  floor=752.0369(active=1)
[DT-GP] iter= 18 | zero_steps=100.0%  mean_RTG=0.0000±0.0000  max_RTG=0.0000  avg_len=1.0  min_len=1  ls=[1.8434, 1.8443, 1.8389, 1.8384, 1.8341]
[DT-GP] iter= 18 | dt_loss=0.014305  target_RTG=752.0369  floor=752.0369(active=1)
[DT-GP] iter= 19 | zero_steps=100.0%  mean_RTG=0.0000±0.0000  max_RTG=0.0000  avg_len=1.0  min_len=1  ls=[1.8458, 1.8448, 1.8404, 1.84, 1.8365]
[DT-GP] iter= 19 | dt_loss=0.007145  target_RTG=752.0369  floor=752.0369(active=1)
[DT-GP] iter= 20 | zero_steps=100.0%  mean_RTG=0.0000±0.0000  max_RTG=0.0000  avg_len=1.0  min_len=1  ls=[1.8425, 1.8431, 1.8383, 1.8378, 1.834]
[DT-GP] iter= 20 | dt_loss=0.002699  target_RTG=752.0369  floor=752.0369(active=1)
[DT-GP] iter= 21 | zero_steps=100.0%  mean_RTG=0.0000±0.0000  max_RTG=0.0000  avg_len=1.0  min_len=1  ls=[1.8444, 1.8435, 1.8395, 1.8392, 1.836]
[DT-GP] iter= 21 | dt_loss=0.006427  target_RTG=752.0369  floor=752.0369(active=1)
[DT-GP] iter= 22 | zero_steps=100.0%  mean_RTG=0.0000±0.0000  max_RTG=0.0000  avg_len=1.0  min_len=1  ls=[1.8415, 1.8419, 1.8376, 1.8372, 1.8338]
[DT-GP] iter= 22 | dt_loss=0.007958  target_RTG=752.0369  floor=752.0369(active=1)
[DT-GP] iter= 23 | zero_steps=100.0%  mean_RTG=0.0000±0.0000  max_RTG=0.0000  avg_len=1.0  min_len=1  ls=[1.843, 1.8422, 1.8385, 1.8382, 1.8353]
[DT-GP] iter= 23 | dt_loss=0.006846  target_RTG=752.0369  floor=752.0369(active=1)
[DT-GP] iter= 24 | zero_steps=100.0%  mean_RTG=0.0000±0.0000  max_RTG=0.0000  avg_len=1.0  min_len=1  ls=[1.8404, 1.8407, 1.8368, 1.8364, 1.8333]
[DT-GP] iter= 24 | dt_loss=0.005758  target_RTG=752.0369  floor=752.0369(active=1)
[DT-GP] iter= 25 | zero_steps=100.0%  mean_RTG=0.0000±0.0000  max_RTG=0.0000  avg_len=1.0  min_len=1  ls=[1.8416, 1.8409, 1.8375, 1.8373, 1.8345]
[DT-GP] iter= 25 | dt_loss=0.005714  target_RTG=752.0369  floor=752.0369(active=1)
[DT-GP] iter= 26 | zero_steps=100.0%  mean_RTG=0.0000±0.0000  max_RTG=0.0000  avg_len=1.0  min_len=1  ls=[1.8393, 1.8396, 1.8359, 1.8356, 1.8327]
[DT-GP] iter= 26 | dt_loss=0.004147  target_RTG=752.0369  floor=752.0369(active=1)
[DT-GP] iter= 27 | zero_steps=100.0%  mean_RTG=0.0000±0.0000  max_RTG=0.0000  avg_len=1.0  min_len=1  ls=[1.8403, 1.8397, 1.8365, 1.8363, 1.8338]
[DT-GP] iter= 27 | dt_loss=0.004156  target_RTG=752.0369  floor=752.0369(active=1)
[DT-GP] iter= 28 | zero_steps=100.0%  mean_RTG=0.0000±0.0000  max_RTG=0.0000  avg_len=1.0  min_len=1  ls=[1.8381, 1.8384, 1.835, 1.8347, 1.8321]
[DT-GP] iter= 28 | dt_loss=0.004545  target_RTG=752.0369  floor=752.0369(active=1)
[DT-GP] iter= 29 | zero_steps=100.0%  mean_RTG=0.0000±0.0000  max_RTG=0.0000  avg_len=1.0  min_len=1  ls=[1.839, 1.8384, 1.8355, 1.8352, 1.8329]
[DT-GP] iter= 29 | dt_loss=0.004006  target_RTG=752.0369  floor=752.0369(active=1)
[DT-GP] iter= 30 | zero_steps=100.0%  mean_RTG=0.0000±0.0000  max_RTG=0.0000  avg_len=1.0  min_len=1  ls=[1.8369, 1.8372, 1.834, 1.8338, 1.8313]
[DT-GP] iter= 30 | dt_loss=0.00541  target_RTG=752.0369  floor=752.0369(active=1)
final best = -44.5993
  [DT-GP-floor02] running... Using device: cpu, dtype: torch.float64
Set random seed: 1
Save directory set to: res
Sampling 10 initial points using 'sobol' method...
Initializing BoTorch GP ensemble...
[DT-GP] iter=  1 | zero_steps=33.8%  mean_RTG=433.8594±23.2347  max_RTG=477.4160  avg_len=2.7  min_len=2  ls=[0.1, 2.2083, 2.1737, 2.1347, 1.9257]
[DT-GP] iter=  1 | dt_loss=0.451004  target_RTG=477.4160  floor=0.0000(active=0)
[DT-GP] iter=  2 | zero_steps=36.8%  mean_RTG=239.0846±75.7526  max_RTG=396.9357  avg_len=2.5  min_len=2  ls=[0.1, 2.2139, 2.1842, 2.1899, 2.1645]
[DT-GP] iter=  2 | dt_loss=0.341824  target_RTG=396.9357  floor=95.4832(active=0)
[DT-GP] iter=  3 | zero_steps=37.2%  mean_RTG=753.8276±187.6537  max_RTG=901.1415  avg_len=2.6  min_len=2  ls=[0.1, 2.1121, 2.0928, 2.0938, 2.0787]
[DT-GP] iter=  3 | dt_loss=0.089659  target_RTG=901.1415  floor=95.4832(active=0)
[DT-GP] iter=  4 | zero_steps=34.1%  mean_RTG=1083.5298±350.6257  max_RTG=1289.2798  avg_len=2.8  min_len=2  ls=[0.1, 1.9698, 1.9491, 1.9466, 1.9312]
[DT-GP] iter=  4 | dt_loss=0.301308  target_RTG=1289.2798  floor=180.2283(active=0)
[DT-GP] iter=  5 | zero_steps=39.5%  mean_RTG=1070.9003±346.0984  max_RTG=1260.0189  avg_len=2.5  min_len=2  ls=[0.1, 1.9259, 1.9102, 1.9091, 1.8961]
[DT-GP] iter=  5 | dt_loss=0.101663  target_RTG=1260.0189  floor=257.8560(active=0)
[DT-GP] iter=  6 | zero_steps=37.2%  mean_RTG=1338.2317±80.6697  max_RTG=1504.0739  avg_len=2.6  min_len=2  ls=[2.1175, 1.8865, 1.8742, 1.8731, 1.8633]
[DT-GP] iter=  6 | dt_loss=0.007562  target_RTG=1504.0739  floor=257.8560(active=0)
[DT-GP] iter=  7 | zero_steps=36.4%  mean_RTG=357.3267±5.1397  max_RTG=366.9671  avg_len=2.6  min_len=2  ls=[1.8667, 1.8631, 1.8524, 1.8515, 1.843]
[DT-GP] iter=  7 | dt_loss=0.004181  target_RTG=366.9671  floor=300.8148(active=0)
[DT-GP] iter=  8 | zero_steps=35.4%  mean_RTG=18.3063±5.7603  max_RTG=27.1589  avg_len=2.7  min_len=1  ls=[1.8621, 1.864, 1.8526, 1.8515, 1.8423]
[DT-GP] iter=  8 | dt_loss=0.004054  target_RTG=300.8148  floor=300.8148(active=1)
[DT-GP] iter=  9 | zero_steps=100.0%  mean_RTG=0.0000±0.0000  max_RTG=0.0000  avg_len=1.0  min_len=1  ls=[1.8594, 1.8562, 1.8475, 1.8467, 1.8399]
[DT-GP] iter=  9 | dt_loss=0.008769  target_RTG=300.8148  floor=300.8148(active=1)
[DT-GP] iter= 10 | zero_steps=100.0%  mean_RTG=0.0000±0.0000  max_RTG=0.0000  avg_len=1.0  min_len=1  ls=[1.8551, 1.8571, 1.8476, 1.8467, 1.8389]
[DT-GP] iter= 10 | dt_loss=0.01563  target_RTG=300.8148  floor=300.8148(active=1)
[DT-GP] iter= 11 | zero_steps=100.0%  mean_RTG=0.0000±0.0000  max_RTG=0.0000  avg_len=1.0  min_len=1  ls=[1.8563, 1.8538, 1.8465, 1.8459, 1.8402]
[DT-GP] iter= 11 | dt_loss=0.017313  target_RTG=300.8148  floor=300.8148(active=1)
[DT-GP] iter= 12 | zero_steps=100.0%  mean_RTG=0.0000±0.0000  max_RTG=0.0000  avg_len=1.0  min_len=1  ls=[1.8525, 1.854, 1.8461, 1.8453, 1.8388]
[DT-GP] iter= 12 | dt_loss=0.121995  target_RTG=300.8148  floor=300.8148(active=1)
[DT-GP] iter= 13 | zero_steps=100.0%  mean_RTG=0.0000±0.0000  max_RTG=0.0000  avg_len=1.0  min_len=1  ls=[1.8527, 1.8505, 1.8443, 1.8438, 1.839]
[DT-GP] iter= 13 | dt_loss=0.095786  target_RTG=300.8148  floor=300.8148(active=1)
[DT-GP] iter= 14 | zero_steps=100.0%  mean_RTG=0.0000±0.0000  max_RTG=0.0000  avg_len=1.0  min_len=1  ls=[1.8486, 1.85, 1.843, 1.8424, 1.8366]
[DT-GP] iter= 14 | dt_loss=0.014525  target_RTG=300.8148  floor=300.8148(active=1)
[DT-GP] iter= 15 | zero_steps=100.0%  mean_RTG=0.0000±0.0000  max_RTG=0.0000  avg_len=1.0  min_len=1  ls=[1.8508, 1.8491, 1.8436, 1.8432, 1.8389]
[DT-GP] iter= 15 | dt_loss=0.052921  target_RTG=300.8148  floor=300.8148(active=1)
[DT-GP] iter= 16 | zero_steps=100.0%  mean_RTG=0.0000±0.0000  max_RTG=0.0000  avg_len=1.0  min_len=1  ls=[1.8473, 1.8484, 1.8423, 1.8418, 1.8368]
[DT-GP] iter= 16 | dt_loss=0.067131  target_RTG=300.8148  floor=300.8148(active=1)
[DT-GP] iter= 17 | zero_steps=100.0%  mean_RTG=0.0000±0.0000  max_RTG=0.0000  avg_len=1.0  min_len=1  ls=[1.848, 1.8464, 1.8416, 1.8412, 1.8375]
[DT-GP] iter= 17 | dt_loss=0.040088  target_RTG=300.8148  floor=300.8148(active=1)
[DT-GP] iter= 18 | zero_steps=100.0%  mean_RTG=0.0000±0.0000  max_RTG=0.0000  avg_len=1.0  min_len=1  ls=[1.8455, 1.8464, 1.841, 1.8405, 1.8361]
[DT-GP] iter= 18 | dt_loss=0.015344  target_RTG=300.8148  floor=300.8148(active=1)
[DT-GP] iter= 19 | zero_steps=100.0%  mean_RTG=0.0000±0.0000  max_RTG=0.0000  avg_len=1.0  min_len=1  ls=[1.8465, 1.8451, 1.8409, 1.8405, 1.8371]
[DT-GP] iter= 19 | dt_loss=0.005998  target_RTG=300.8148  floor=300.8148(active=1)
[DT-GP] iter= 20 | zero_steps=100.0%  mean_RTG=0.0000±0.0000  max_RTG=0.0000  avg_len=1.0  min_len=1  ls=[1.8444, 1.8452, 1.8403, 1.8399, 1.8359]
[DT-GP] iter= 20 | dt_loss=0.0096  target_RTG=300.8148  floor=300.8148(active=1)
[DT-GP] iter= 21 | zero_steps=100.0%  mean_RTG=0.0000±0.0000  max_RTG=0.0000  avg_len=1.0  min_len=1  ls=[1.8452, 1.844, 1.8401, 1.8397, 1.8367]
[DT-GP] iter= 21 | dt_loss=0.008773  target_RTG=300.8148  floor=300.8148(active=1)
[DT-GP] iter= 22 | zero_steps=100.0%  mean_RTG=0.0000±0.0000  max_RTG=0.0000  avg_len=1.0  min_len=1  ls=[1.8432, 1.8439, 1.8395, 1.8391, 1.8356]
[DT-GP] iter= 22 | dt_loss=0.007488  target_RTG=300.8148  floor=300.8148(active=1)
[DT-GP] iter= 23 | zero_steps=100.0%  mean_RTG=0.0000±0.0000  max_RTG=0.0000  avg_len=1.0  min_len=1  ls=[1.8439, 1.8428, 1.8393, 1.8389, 1.8361]
[DT-GP] iter= 23 | dt_loss=0.011057  target_RTG=300.8148  floor=300.8148(active=1)
[DT-GP] iter= 24 | zero_steps=100.0%  mean_RTG=0.0000±0.0000  max_RTG=0.0000  avg_len=1.0  min_len=1  ls=[1.8421, 1.8427, 1.8387, 1.8383, 1.8351]
[DT-GP] iter= 24 | dt_loss=0.008268  target_RTG=300.8148  floor=300.8148(active=1)
[DT-GP] iter= 25 | zero_steps=100.0%  mean_RTG=0.0000±0.0000  max_RTG=0.0000  avg_len=1.0  min_len=1  ls=[1.8426, 1.8417, 1.8384, 1.8381, 1.8355]
[DT-GP] iter= 25 | dt_loss=0.011562  target_RTG=300.8148  floor=300.8148(active=1)
[DT-GP] iter= 26 | zero_steps=100.0%  mean_RTG=0.0000±0.0000  max_RTG=0.0000  avg_len=1.0  min_len=1  ls=[1.841, 1.8415, 1.8378, 1.8374, 1.8345]
[DT-GP] iter= 26 | dt_loss=0.007021  target_RTG=300.8148  floor=300.8148(active=1)
[DT-GP] iter= 27 | zero_steps=100.0%  mean_RTG=0.0000±0.0000  max_RTG=0.0000  avg_len=1.0  min_len=1  ls=[1.8414, 1.8405, 1.8375, 1.8372, 1.8348]
[DT-GP] iter= 27 | dt_loss=0.007723  target_RTG=300.8148  floor=300.8148(active=1)
[DT-GP] iter= 28 | zero_steps=100.0%  mean_RTG=0.0000±0.0000  max_RTG=0.0000  avg_len=1.0  min_len=1  ls=[1.8398, 1.8403, 1.8368, 1.8365, 1.8338]
[DT-GP] iter= 28 | dt_loss=0.005188  target_RTG=300.8148  floor=300.8148(active=1)
[DT-GP] iter= 29 | zero_steps=100.0%  mean_RTG=0.0000±0.0000  max_RTG=0.0000  avg_len=1.0  min_len=1  ls=[1.8401, 1.8393, 1.8365, 1.8362, 1.834]
[DT-GP] iter= 29 | dt_loss=0.003679  target_RTG=300.8148  floor=300.8148(active=1)
[DT-GP] iter= 30 | zero_steps=100.0%  mean_RTG=0.0000±0.0000  max_RTG=0.0000  avg_len=1.0  min_len=1  ls=[1.8385, 1.839, 1.8358, 1.8355, 1.8329]
[DT-GP] iter= 30 | dt_loss=0.007379  target_RTG=300.8148  floor=300.8148(active=1)
final best = -44.5993
  [DT-GP-floor01] running... Using device: cpu, dtype: torch.float64
Set random seed: 1
Save directory set to: res
Sampling 10 initial points using 'sobol' method...
Initializing BoTorch GP ensemble...
[DT-GP] iter=  1 | zero_steps=33.8%  mean_RTG=433.8594±23.2347  max_RTG=477.4160  avg_len=2.7  min_len=2  ls=[0.1, 2.2083, 2.1737, 2.1347, 1.9257]
[DT-GP] iter=  1 | dt_loss=0.451004  target_RTG=477.4160  floor=0.0000(active=0)
[DT-GP] iter=  2 | zero_steps=36.8%  mean_RTG=239.0846±75.7526  max_RTG=396.9357  avg_len=2.5  min_len=2  ls=[0.1, 2.2139, 2.1842, 2.1899, 2.1645]
[DT-GP] iter=  2 | dt_loss=0.341824  target_RTG=396.9357  floor=47.7416(active=0)
[DT-GP] iter=  3 | zero_steps=37.2%  mean_RTG=753.8276±187.6537  max_RTG=901.1415  avg_len=2.6  min_len=2  ls=[0.1, 2.1121, 2.0928, 2.0938, 2.0787]
[DT-GP] iter=  3 | dt_loss=0.089659  target_RTG=901.1415  floor=47.7416(active=0)
[DT-GP] iter=  4 | zero_steps=34.1%  mean_RTG=1083.5298±350.6257  max_RTG=1289.2798  avg_len=2.8  min_len=2  ls=[0.1, 1.9698, 1.9491, 1.9466, 1.9312]
[DT-GP] iter=  4 | dt_loss=0.301308  target_RTG=1289.2798  floor=90.1141(active=0)
[DT-GP] iter=  5 | zero_steps=39.5%  mean_RTG=1070.9003±346.0984  max_RTG=1260.0189  avg_len=2.5  min_len=2  ls=[0.1, 1.9259, 1.9102, 1.9091, 1.8961]
[DT-GP] iter=  5 | dt_loss=0.101663  target_RTG=1260.0189  floor=128.9280(active=0)
[DT-GP] iter=  6 | zero_steps=37.2%  mean_RTG=1338.2317±80.6697  max_RTG=1504.0739  avg_len=2.6  min_len=2  ls=[2.1175, 1.8865, 1.8742, 1.8731, 1.8633]
[DT-GP] iter=  6 | dt_loss=0.007562  target_RTG=1504.0739  floor=128.9280(active=0)
[DT-GP] iter=  7 | zero_steps=36.4%  mean_RTG=357.3267±5.1397  max_RTG=366.9671  avg_len=2.6  min_len=2  ls=[1.8667, 1.8631, 1.8524, 1.8515, 1.843]
[DT-GP] iter=  7 | dt_loss=0.004181  target_RTG=366.9671  floor=150.4074(active=0)
[DT-GP] iter=  8 | zero_steps=35.4%  mean_RTG=18.3063±5.7603  max_RTG=27.1589  avg_len=2.7  min_len=1  ls=[1.8621, 1.864, 1.8526, 1.8515, 1.8423]
[DT-GP] iter=  8 | dt_loss=0.004054  target_RTG=150.4074  floor=150.4074(active=1)
[DT-GP] iter=  9 | zero_steps=100.0%  mean_RTG=0.0000±0.0000  max_RTG=0.0000  avg_len=1.0  min_len=1  ls=[1.8592, 1.8559, 1.8472, 1.8465, 1.8397]
[DT-GP] iter=  9 | dt_loss=0.008766  target_RTG=150.4074  floor=150.4074(active=1)
[DT-GP] iter= 10 | zero_steps=100.0%  mean_RTG=0.0000±0.0000  max_RTG=0.0000  avg_len=1.0  min_len=1  ls=[1.8549, 1.8568, 1.8473, 1.8464, 1.8386]
[DT-GP] iter= 10 | dt_loss=0.018371  target_RTG=150.4074  floor=150.4074(active=1)
[DT-GP] iter= 11 | zero_steps=100.0%  mean_RTG=0.0000±0.0000  max_RTG=0.0000  avg_len=1.0  min_len=1  ls=[1.8559, 1.8533, 1.846, 1.8454, 1.8397]
[DT-GP] iter= 11 | dt_loss=0.038979  target_RTG=150.4074  floor=150.4074(active=1)
[DT-GP] iter= 12 | zero_steps=100.0%  mean_RTG=0.0000±0.0000  max_RTG=0.0000  avg_len=1.0  min_len=1  ls=[1.8519, 1.8535, 1.8455, 1.8448, 1.8382]
[DT-GP] iter= 12 | dt_loss=0.14128  target_RTG=150.4074  floor=150.4074(active=1)
[DT-GP] iter= 13 | zero_steps=100.0%  mean_RTG=0.0000±0.0000  max_RTG=0.0000  avg_len=1.0  min_len=1  ls=[1.8521, 1.8498, 1.8436, 1.8431, 1.8383]
[DT-GP] iter= 13 | dt_loss=0.028926  target_RTG=150.4074  floor=150.4074(active=1)
[DT-GP] iter= 14 | zero_steps=100.0%  mean_RTG=0.0000±0.0000  max_RTG=0.0000  avg_len=1.0  min_len=1  ls=[1.847, 1.8486, 1.8417, 1.841, 1.8353]
[DT-GP] iter= 14 | dt_loss=0.008623  target_RTG=150.4074  floor=150.4074(active=1)
[DT-GP] iter= 15 | zero_steps=100.0%  mean_RTG=0.0000±0.0000  max_RTG=0.0000  avg_len=1.0  min_len=1  ls=[1.8482, 1.8461, 1.8408, 1.8403, 1.8362]
[DT-GP] iter= 15 | dt_loss=0.007951  target_RTG=150.4074  floor=150.4074(active=1)
[DT-GP] iter= 16 | zero_steps=100.0%  mean_RTG=0.0000±0.0000  max_RTG=0.0000  avg_len=1.0  min_len=1  ls=[1.8453, 1.8466, 1.8406, 1.84, 1.835]
[DT-GP] iter= 16 | dt_loss=0.004216  target_RTG=150.4074  floor=150.4074(active=1)
[DT-GP] iter= 17 | zero_steps=100.0%  mean_RTG=0.0000±0.0000  max_RTG=0.0000  avg_len=1.0  min_len=1  ls=[1.8467, 1.845, 1.8403, 1.8398, 1.8361]
[DT-GP] iter= 17 | dt_loss=0.001709  target_RTG=150.4074  floor=150.4074(active=1)
[DT-GP] iter= 18 | zero_steps=100.0%  mean_RTG=0.0000±0.0000  max_RTG=0.0000  avg_len=1.0  min_len=1  ls=[1.8442, 1.8452, 1.8399, 1.8394, 1.835]
[DT-GP] iter= 18 | dt_loss=0.002973  target_RTG=150.4074  floor=150.4074(active=1)
[DT-GP] iter= 19 | zero_steps=100.0%  mean_RTG=0.0000±0.0000  max_RTG=0.0000  avg_len=1.0  min_len=1  ls=[1.8453, 1.8438, 1.8395, 1.8392, 1.8358]
[DT-GP] iter= 19 | dt_loss=0.00283  target_RTG=150.4074  floor=150.4074(active=1)
[DT-GP] iter= 20 | zero_steps=100.0%  mean_RTG=0.0000±0.0000  max_RTG=0.0000  avg_len=1.0  min_len=1  ls=[1.8431, 1.8439, 1.8391, 1.8387, 1.8348]
[DT-GP] iter= 20 | dt_loss=0.00195  target_RTG=150.4074  floor=150.4074(active=1)
[DT-GP] iter= 21 | zero_steps=100.0%  mean_RTG=0.0000±0.0000  max_RTG=0.0000  avg_len=1.0  min_len=1  ls=[1.8439, 1.8427, 1.8388, 1.8384, 1.8354]
[DT-GP] iter= 21 | dt_loss=0.004612  target_RTG=150.4074  floor=150.4074(active=1)
[DT-GP] iter= 22 | zero_steps=100.0%  mean_RTG=0.0000±0.0000  max_RTG=0.0000  avg_len=1.0  min_len=1  ls=[1.842, 1.8427, 1.8384, 1.838, 1.8344]
[DT-GP] iter= 22 | dt_loss=0.007558  target_RTG=150.4074  floor=150.4074(active=1)
[DT-GP] iter= 23 | zero_steps=100.0%  mean_RTG=0.0000±0.0000  max_RTG=0.0000  avg_len=1.0  min_len=1  ls=[1.8426, 1.8415, 1.8379, 1.8376, 1.8348]
[DT-GP] iter= 23 | dt_loss=0.010083  target_RTG=150.4074  floor=150.4074(active=1)
[DT-GP] iter= 24 | zero_steps=100.0%  mean_RTG=0.0000±0.0000  max_RTG=0.0000  avg_len=1.0  min_len=1  ls=[1.8408, 1.8415, 1.8375, 1.8371, 1.8339]
[DT-GP] iter= 24 | dt_loss=0.008755  target_RTG=150.4074  floor=150.4074(active=1)
[DT-GP] iter= 25 | zero_steps=100.0%  mean_RTG=0.0000±0.0000  max_RTG=0.0000  avg_len=1.0  min_len=1  ls=[1.8413, 1.8403, 1.837, 1.8367, 1.8341]
[DT-GP] iter= 25 | dt_loss=0.008024  target_RTG=150.4074  floor=150.4074(active=1)
[DT-GP] iter= 26 | zero_steps=100.0%  mean_RTG=0.0000±0.0000  max_RTG=0.0000  avg_len=1.0  min_len=1  ls=[1.8396, 1.8401, 1.8365, 1.8361, 1.8331]
[DT-GP] iter= 26 | dt_loss=0.007732  target_RTG=150.4074  floor=150.4074(active=1)
[DT-GP] iter= 27 | zero_steps=100.0%  mean_RTG=0.0000±0.0000  max_RTG=0.0000  avg_len=1.0  min_len=1  ls=[1.8399, 1.839, 1.836, 1.8357, 1.8333]
[DT-GP] iter= 27 | dt_loss=0.003983  target_RTG=150.4074  floor=150.4074(active=1)
[DT-GP] iter= 28 | zero_steps=100.0%  mean_RTG=0.0000±0.0000  max_RTG=0.0000  avg_len=1.0  min_len=1  ls=[1.8385, 1.839, 1.8356, 1.8353, 1.8325]
[DT-GP] iter= 28 | dt_loss=0.002101  target_RTG=150.4074  floor=150.4074(active=1)
[DT-GP] iter= 29 | zero_steps=100.0%  mean_RTG=0.0000±0.0000  max_RTG=0.0000  avg_len=1.0  min_len=1  ls=[1.8387, 1.8378, 1.835, 1.8348, 1.8325]
[DT-GP] iter= 29 | dt_loss=0.002227  target_RTG=150.4074  floor=150.4074(active=1)
[DT-GP] iter= 30 | zero_steps=100.0%  mean_RTG=0.0000±0.0000  max_RTG=0.0000  avg_len=1.0  min_len=1  ls=[1.8373, 1.8378, 1.8346, 1.8343, 1.8317]
[DT-GP] iter= 30 | dt_loss=0.004481  target_RTG=150.4074  floor=150.4074(active=1)
final best = -44.5993
  [DT-GT-dynamic] running... Using device: cpu, dtype: torch.float64
Set random seed: 1
Save directory set to: res
Sampling 10 initial points using 'sobol' method...
Initializing BoTorch GP ensemble...
[DT-GT] iter=  1 | zero_steps=76.9%  mean_RTG=59.1263±149.8407  max_RTG=479.1793  avg_len=1.3  min_len=1  ls=[0.1, 2.2083, 2.1737, 2.1347, 1.9257]
[DT-GT] iter=  1 | dt_loss=0.342551  target_RTG=479.1793
[DT-GT] iter=  2 | zero_steps=90.9%  mean_RTG=0.6239±2.9357  max_RTG=16.2526  avg_len=1.1  min_len=1  ls=[0.1, 2.1622, 2.1418, 2.1443, 2.1168]
[DT-GT] iter=  2 | dt_loss=3.549208  target_RTG=16.2526
[DT-GT] iter=  3 | zero_steps=93.8%  mean_RTG=0.6504±2.4412  max_RTG=10.4968  avg_len=1.1  min_len=1  ls=[0.1, 2.1636, 2.1494, 2.1501, 2.1412]
[DT-GT] iter=  3 | dt_loss=0.068342  target_RTG=10.4968
[DT-GT] iter=  4 | zero_steps=85.7%  mean_RTG=0.8338±2.9575  max_RTG=12.8105  avg_len=1.2  min_len=1  ls=[0.1, 2.1619, 2.151, 2.1507, 2.1439]
[DT-GT] iter=  4 | dt_loss=0.966715  target_RTG=12.8105
[DT-GT] iter=  5 | zero_steps=100.0%  mean_RTG=0.0000±0.0000  max_RTG=0.0000  avg_len=1.0  min_len=1  ls=[2.5282, 2.1586, 2.15, 2.1493, 2.143]
[DT-GT] iter=  5 | dt_loss=0.018076  target_RTG=0.0000
[DT-GT] iter=  6 | zero_steps=100.0%  mean_RTG=0.0000±0.0000  max_RTG=0.0000  avg_len=1.0  min_len=1  ls=[2.1667, 2.1595, 2.1523, 2.1517, 2.1454]
[DT-GT] iter=  6 | dt_loss=0.006913  target_RTG=0.0000
[DT-GT] iter=  7 | zero_steps=100.0%  mean_RTG=0.0000±0.0000  max_RTG=0.0000  avg_len=1.0  min_len=1  ls=[2.1698, 2.1589, 2.1526, 2.1521, 2.1474]
[DT-GT] iter=  7 | dt_loss=0.006007  target_RTG=0.0000
[DT-GT] iter=  8 | zero_steps=100.0%  mean_RTG=0.0000±0.0000  max_RTG=0.0000  avg_len=1.0  min_len=1  ls=[2.1664, 2.1592, 2.1537, 2.1532, 2.1486]
[DT-GT] iter=  8 | dt_loss=0.005259  target_RTG=0.0000
[DT-GT] iter=  9 | zero_steps=100.0%  mean_RTG=0.0000±0.0000  max_RTG=0.0000  avg_len=1.0  min_len=1  ls=[2.1684, 2.1587, 2.1538, 2.1534, 2.1496]
[DT-GT] iter=  9 | dt_loss=0.004556  target_RTG=0.0000
[DT-GT] iter= 10 | zero_steps=100.0%  mean_RTG=0.0000±0.0000  max_RTG=0.0000  avg_len=1.0  min_len=1  ls=[2.1657, 2.1588, 2.1544, 2.154, 2.1502]
[DT-GT] iter= 10 | dt_loss=0.003132  target_RTG=0.0000
[DT-GT] iter= 11 | zero_steps=100.0%  mean_RTG=0.0000±0.0000  max_RTG=0.0000  avg_len=1.0  min_len=1  ls=[2.1672, 2.1583, 2.1542, 2.1539, 2.1508]
[DT-GT] iter= 11 | dt_loss=0.002266  target_RTG=0.0000
[DT-GT] iter= 12 | zero_steps=100.0%  mean_RTG=0.0000±0.0000  max_RTG=0.0000  avg_len=1.0  min_len=1  ls=[2.1649, 2.1582, 2.1545, 2.1542, 2.1511]
[DT-GT] iter= 12 | dt_loss=0.002607  target_RTG=0.0000
[DT-GT] iter= 13 | zero_steps=100.0%  mean_RTG=0.0000±0.0000  max_RTG=0.0000  avg_len=1.0  min_len=1  ls=[2.1662, 2.1577, 2.1543, 2.154, 2.1514]
[DT-GT] iter= 13 | dt_loss=0.002799  target_RTG=0.0000
[DT-GT] iter= 14 | zero_steps=100.0%  mean_RTG=0.0000±0.0000  max_RTG=0.0000  avg_len=1.0  min_len=1  ls=[2.164, 2.1576, 2.1544, 2.1541, 2.1515]
[DT-GT] iter= 14 | dt_loss=0.002122  target_RTG=0.0000
[DT-GT] iter= 15 | zero_steps=100.0%  mean_RTG=0.0000±0.0000  max_RTG=0.0000  avg_len=1.0  min_len=1  ls=[2.1652, 2.1571, 2.1541, 2.1539, 2.1516]
[DT-GT] iter= 15 | dt_loss=0.002308  target_RTG=0.0000
[DT-GT] iter= 16 | zero_steps=100.0%  mean_RTG=0.0000±0.0000  max_RTG=0.0000  avg_len=1.0  min_len=1  ls=[2.1631, 2.1569, 2.1542, 2.1539, 2.1516]
[DT-GT] iter= 16 | dt_loss=0.002394  target_RTG=0.0000
[DT-GT] iter= 17 | zero_steps=100.0%  mean_RTG=0.0000±0.0000  max_RTG=0.0000  avg_len=1.0  min_len=1  ls=[2.1644, 2.1565, 2.1539, 2.1537, 2.1517]
[DT-GT] iter= 17 | dt_loss=0.001572  target_RTG=0.0000
[DT-GT] iter= 18 | zero_steps=100.0%  mean_RTG=0.0000±0.0000  max_RTG=0.0000  avg_len=1.0  min_len=1  ls=[2.1623, 2.1563, 2.1538, 2.1536, 2.1515]
[DT-GT] iter= 18 | dt_loss=0.001581  target_RTG=0.0000
[DT-GT] iter= 19 | zero_steps=100.0%  mean_RTG=0.0000±0.0000  max_RTG=0.0000  avg_len=1.0  min_len=1  ls=[2.1635, 2.1558, 2.1535, 2.1533, 2.1515]
[DT-GT] iter= 19 | dt_loss=0.00112  target_RTG=0.0000
[DT-GT] iter= 20 | zero_steps=100.0%  mean_RTG=0.0000±0.0000  max_RTG=0.0000  avg_len=1.0  min_len=1  ls=[2.1614, 2.1556, 2.1533, 2.1531, 2.1513]
[DT-GT] iter= 20 | dt_loss=0.001492  target_RTG=0.0000
[DT-GT] iter= 21 | zero_steps=100.0%  mean_RTG=0.0000±0.0000  max_RTG=0.0000  avg_len=1.0  min_len=1  ls=[2.1626, 2.1551, 2.153, 2.1528, 2.1512]
[DT-GT] iter= 21 | dt_loss=0.00108  target_RTG=0.0000
[DT-GT] iter= 22 | zero_steps=100.0%  mean_RTG=0.0000±0.0000  max_RTG=0.0000  avg_len=1.0  min_len=1  ls=[2.1605, 2.1548, 2.1528, 2.1526, 2.1509]
[DT-GT] iter= 22 | dt_loss=0.001818  target_RTG=0.0000
[DT-GT] iter= 23 | zero_steps=100.0%  mean_RTG=0.0000±0.0000  max_RTG=0.0000  avg_len=1.0  min_len=1  ls=[2.1618, 2.1543, 2.1524, 2.1522, 2.1507]
[DT-GT] iter= 23 | dt_loss=0.001003  target_RTG=0.0000
[DT-GT] iter= 24 | zero_steps=100.0%  mean_RTG=0.0000±0.0000  max_RTG=0.0000  avg_len=1.0  min_len=1  ls=[2.1596, 2.1541, 2.1522, 2.152, 2.1505]
[DT-GT] iter= 24 | dt_loss=0.001116  target_RTG=0.0000
[DT-GT] iter= 25 | zero_steps=100.0%  mean_RTG=0.0000±0.0000  max_RTG=0.0000  avg_len=1.0  min_len=1  ls=[2.1609, 2.1536, 2.1518, 2.1516, 2.1503]
[DT-GT] iter= 25 | dt_loss=0.000978  target_RTG=0.0000
[DT-GT] iter= 26 | zero_steps=100.0%  mean_RTG=0.0000±0.0000  max_RTG=0.0000  avg_len=1.0  min_len=1  ls=[2.1587, 2.1533, 2.1516, 2.1514, 2.15]
[DT-GT] iter= 26 | dt_loss=0.00105  target_RTG=0.0000
[DT-GT] iter= 27 | zero_steps=100.0%  mean_RTG=0.0000±0.0000  max_RTG=0.0000  avg_len=1.0  min_len=1  ls=[2.1601, 2.1527, 2.1511, 2.151, 2.1497]
[DT-GT] iter= 27 | dt_loss=0.001206  target_RTG=0.0000
[DT-GT] iter= 28 | zero_steps=100.0%  mean_RTG=0.0000±0.0000  max_RTG=0.0000  avg_len=1.0  min_len=1  ls=[2.1578, 2.1525, 2.1509, 2.1507, 2.1494]
[DT-GT] iter= 28 | dt_loss=0.001434  target_RTG=0.0000
[DT-GT] iter= 29 | zero_steps=100.0%  mean_RTG=0.0000±0.0000  max_RTG=0.0000  avg_len=1.0  min_len=1  ls=[2.1591, 2.1518, 2.1503, 2.1502, 2.149]
[DT-GT] iter= 29 | dt_loss=0.000556  target_RTG=0.0000
[DT-GT] iter= 30 | zero_steps=100.0%  mean_RTG=0.0000±0.0000  max_RTG=0.0000  avg_len=1.0  min_len=1  ls=[2.1567, 2.1516, 2.1501, 2.15, 2.1487]
[DT-GT] iter= 30 | dt_loss=0.000604  target_RTG=0.0000
final best = -20.9651
  [ckpt] 2/10 saved → res/floored_rtg_dtgp_rosenbrock/floored_rtg_dtgp.ckpt.json

── Trial 3/10  (seed=2) ────────────────────────────────────────
  [DT-GP-floor05] running... Using device: cpu, dtype: torch.float64
Set random seed: 2
Save directory set to: res
Sampling 10 initial points using 'sobol' method...
Initializing BoTorch GP ensemble...
[DT-GP] iter=  1 | zero_steps=33.7%  mean_RTG=238.6067±124.4799  max_RTG=350.9245  avg_len=2.8  min_len=2  ls=[0.1, 1.8527, 1.7903, 1.7974, 1.6027]
[DT-GP] iter=  1 | dt_loss=0.05153  target_RTG=350.9245  floor=0.0000(active=0)
[DT-GP] iter=  2 | zero_steps=34.1%  mean_RTG=165.1864±76.0366  max_RTG=213.8257  avg_len=2.7  min_len=2  ls=[0.1, 1.8662, 1.8267, 1.8193, 1.7919]
[DT-GP] iter=  2 | dt_loss=0.020493  target_RTG=213.8257  floor=175.4623(active=0)
[DT-GP] iter=  3 | zero_steps=32.6%  mean_RTG=168.2870±74.6141  max_RTG=321.1239  avg_len=3.0  min_len=2  ls=[2.13, 1.8706, 1.8413, 1.8354, 1.8141]
[DT-GP] iter=  3 | dt_loss=0.021915  target_RTG=321.1239  floor=175.4623(active=0)
[DT-GP] iter=  4 | zero_steps=33.8%  mean_RTG=74.9926±8.0599  max_RTG=87.1755  avg_len=2.7  min_len=2  ls=[1.8683, 1.8725, 1.8495, 1.8434, 1.8264]
[DT-GP] iter=  4 | dt_loss=0.093647  target_RTG=175.4623  floor=175.4623(active=1)
[DT-GP] iter=  5 | zero_steps=43.9%  mean_RTG=35.8182±24.6590  max_RTG=74.8537  avg_len=2.2  min_len=1  ls=[1.8685, 1.8687, 1.8502, 1.8458, 1.832]
[DT-GP] iter=  5 | dt_loss=0.089234  target_RTG=175.4623  floor=175.4623(active=1)
[DT-GP] iter=  6 | zero_steps=96.8%  mean_RTG=0.0077±0.0416  max_RTG=0.2320  avg_len=1.0  min_len=1  ls=[1.8622, 1.8639, 1.8484, 1.8441, 1.8325]
[DT-GP] iter=  6 | dt_loss=0.008072  target_RTG=175.4623  floor=175.4623(active=1)
[DT-GP] iter=  7 | zero_steps=100.0%  mean_RTG=0.0000±0.0000  max_RTG=0.0000  avg_len=1.0  min_len=1  ls=[1.8625, 1.8664, 1.8528, 1.8495, 1.8392]
[DT-GP] iter=  7 | dt_loss=0.007536  target_RTG=175.4623  floor=175.4623(active=1)
[DT-GP] iter=  8 | zero_steps=100.0%  mean_RTG=0.0000±0.0000  max_RTG=0.0000  avg_len=1.0  min_len=1  ls=[1.8604, 1.8634, 1.8515, 1.8483, 1.8394]
[DT-GP] iter=  8 | dt_loss=0.007864  target_RTG=175.4623  floor=175.4623(active=1)
[DT-GP] iter=  9 | zero_steps=100.0%  mean_RTG=0.0000±0.0000  max_RTG=0.0000  avg_len=1.0  min_len=1  ls=[1.8603, 1.8646, 1.8538, 1.8512, 1.8431]
[DT-GP] iter=  9 | dt_loss=0.008504  target_RTG=175.4623  floor=175.4623(active=1)
[DT-GP] iter= 10 | zero_steps=100.0%  mean_RTG=0.0000±0.0000  max_RTG=0.0000  avg_len=1.0  min_len=1  ls=[1.8595, 1.8631, 1.8535, 1.851, 1.8438]
[DT-GP] iter= 10 | dt_loss=0.026533  target_RTG=175.4623  floor=175.4623(active=1)
[DT-GP] iter= 11 | zero_steps=100.0%  mean_RTG=0.0000±0.0000  max_RTG=0.0000  avg_len=1.0  min_len=1  ls=[1.8576, 1.8621, 1.8533, 1.8511, 1.8444]
[DT-GP] iter= 11 | dt_loss=0.015044  target_RTG=175.4623  floor=175.4623(active=1)
[DT-GP] iter= 12 | zero_steps=100.0%  mean_RTG=0.0000±0.0000  max_RTG=0.0000  avg_len=1.0  min_len=1  ls=[1.8568, 1.8607, 1.8527, 1.8506, 1.8446]
[DT-GP] iter= 12 | dt_loss=0.012057  target_RTG=175.4623  floor=175.4623(active=1)
[DT-GP] iter= 13 | zero_steps=100.0%  mean_RTG=0.0000±0.0000  max_RTG=0.0000  avg_len=1.0  min_len=1  ls=[1.8553, 1.8599, 1.8524, 1.8506, 1.8449]
[DT-GP] iter= 13 | dt_loss=0.008025  target_RTG=175.4623  floor=175.4623(active=1)
[DT-GP] iter= 14 | zero_steps=100.0%  mean_RTG=0.0000±0.0000  max_RTG=0.0000  avg_len=1.0  min_len=1  ls=[1.8545, 1.8586, 1.8517, 1.8499, 1.8447]
[DT-GP] iter= 14 | dt_loss=0.008683  target_RTG=175.4623  floor=175.4623(active=1)
[DT-GP] iter= 15 | zero_steps=100.0%  mean_RTG=0.0000±0.0000  max_RTG=0.0000  avg_len=1.0  min_len=1  ls=[1.8532, 1.8578, 1.8514, 1.8498, 1.8448]
[DT-GP] iter= 15 | dt_loss=0.004831  target_RTG=175.4623  floor=175.4623(active=1)
[DT-GP] iter= 16 | zero_steps=100.0%  mean_RTG=0.0000±0.0000  max_RTG=0.0000  avg_len=1.0  min_len=1  ls=[1.8524, 1.8566, 1.8506, 1.849, 1.8444]
[DT-GP] iter= 16 | dt_loss=0.00532  target_RTG=175.4623  floor=175.4623(active=1)
[DT-GP] iter= 17 | zero_steps=100.0%  mean_RTG=0.0000±0.0000  max_RTG=0.0000  avg_len=1.0  min_len=1  ls=[1.8511, 1.8558, 1.8501, 1.8487, 1.8443]
[DT-GP] iter= 17 | dt_loss=0.005832  target_RTG=175.4623  floor=175.4623(active=1)
[DT-GP] iter= 18 | zero_steps=100.0%  mean_RTG=0.0000±0.0000  max_RTG=0.0000  avg_len=1.0  min_len=1  ls=[1.8502, 1.8545, 1.8492, 1.8478, 1.8437]
[DT-GP] iter= 18 | dt_loss=0.005299  target_RTG=175.4623  floor=175.4623(active=1)
[DT-GP] iter= 19 | zero_steps=100.0%  mean_RTG=0.0000±0.0000  max_RTG=0.0000  avg_len=1.0  min_len=1  ls=[1.8489, 1.8537, 1.8486, 1.8473, 1.8434]
[DT-GP] iter= 19 | dt_loss=0.008704  target_RTG=175.4623  floor=175.4623(active=1)
[DT-GP] iter= 20 | zero_steps=100.0%  mean_RTG=0.0000±0.0000  max_RTG=0.0000  avg_len=1.0  min_len=1  ls=[1.8481, 1.8524, 1.8477, 1.8464, 1.8427]
[DT-GP] iter= 20 | dt_loss=0.005725  target_RTG=175.4623  floor=175.4623(active=1)
[DT-GP] iter= 21 | zero_steps=100.0%  mean_RTG=0.0000±0.0000  max_RTG=0.0000  avg_len=1.0  min_len=1  ls=[1.8467, 1.8516, 1.847, 1.8458, 1.8423]
[DT-GP] iter= 21 | dt_loss=0.005906  target_RTG=175.4623  floor=175.4623(active=1)
[DT-GP] iter= 22 | zero_steps=100.0%  mean_RTG=0.0000±0.0000  max_RTG=0.0000  avg_len=1.0  min_len=1  ls=[1.8459, 1.8503, 1.846, 1.8448, 1.8415]
[DT-GP] iter= 22 | dt_loss=0.006427  target_RTG=175.4623  floor=175.4623(active=1)
[DT-GP] iter= 23 | zero_steps=100.0%  mean_RTG=0.0000±0.0000  max_RTG=0.0000  avg_len=1.0  min_len=1  ls=[1.8446, 1.8495, 1.8453, 1.8442, 1.841]
[DT-GP] iter= 23 | dt_loss=0.004187  target_RTG=175.4623  floor=175.4623(active=1)
[DT-GP] iter= 24 | zero_steps=100.0%  mean_RTG=0.0000±0.0000  max_RTG=0.0000  avg_len=1.0  min_len=1  ls=[1.8437, 1.8482, 1.8442, 1.8431, 1.8401]
[DT-GP] iter= 24 | dt_loss=0.004691  target_RTG=175.4623  floor=175.4623(active=1)
[DT-GP] iter= 25 | zero_steps=100.0%  mean_RTG=0.0000±0.0000  max_RTG=0.0000  avg_len=1.0  min_len=1  ls=[1.8424, 1.8473, 1.8434, 1.8425, 1.8395]
[DT-GP] iter= 25 | dt_loss=0.002847  target_RTG=175.4623  floor=175.4623(active=1)
[DT-GP] iter= 26 | zero_steps=100.0%  mean_RTG=0.0000±0.0000  max_RTG=0.0000  avg_len=1.0  min_len=1  ls=[1.8415, 1.846, 1.8424, 1.8413, 1.8386]
[DT-GP] iter= 26 | dt_loss=0.007372  target_RTG=175.4623  floor=175.4623(active=1)
[DT-GP] iter= 27 | zero_steps=100.0%  mean_RTG=0.0000±0.0000  max_RTG=0.0000  avg_len=1.0  min_len=1  ls=[1.8401, 1.8451, 1.8416, 1.8407, 1.8379]
[DT-GP] iter= 27 | dt_loss=0.007127  target_RTG=175.4623  floor=175.4623(active=1)
[DT-GP] iter= 28 | zero_steps=100.0%  mean_RTG=0.0000±0.0000  max_RTG=0.0000  avg_len=1.0  min_len=1  ls=[1.8392, 1.8437, 1.8404, 1.8394, 1.8369]
[DT-GP] iter= 28 | dt_loss=0.003636  target_RTG=175.4623  floor=175.4623(active=1)
[DT-GP] iter= 29 | zero_steps=100.0%  mean_RTG=0.0000±0.0000  max_RTG=0.0000  avg_len=1.0  min_len=1  ls=[1.8378, 1.8429, 1.8395, 1.8387, 1.8362]
[DT-GP] iter= 29 | dt_loss=0.003556  target_RTG=175.4623  floor=175.4623(active=1)
[DT-GP] iter= 30 | zero_steps=100.0%  mean_RTG=0.0000±0.0000  max_RTG=0.0000  avg_len=1.0  min_len=1  ls=[1.837, 1.8415, 1.8384, 1.8375, 1.8351]
[DT-GP] iter= 30 | dt_loss=0.002281  target_RTG=175.4623  floor=175.4623(active=1)
final best = -20.6445
  [DT-GP-floor02] running... Using device: cpu, dtype: torch.float64
Set random seed: 2
Save directory set to: res
Sampling 10 initial points using 'sobol' method...
Initializing BoTorch GP ensemble...
[DT-GP] iter=  1 | zero_steps=33.7%  mean_RTG=238.6067±124.4799  max_RTG=350.9245  avg_len=2.8  min_len=2  ls=[0.1, 1.8527, 1.7903, 1.7974, 1.6027]
[DT-GP] iter=  1 | dt_loss=0.05153  target_RTG=350.9245  floor=0.0000(active=0)
[DT-GP] iter=  2 | zero_steps=34.1%  mean_RTG=165.1864±76.0366  max_RTG=213.8257  avg_len=2.7  min_len=2  ls=[0.1, 1.8662, 1.8267, 1.8193, 1.7919]
[DT-GP] iter=  2 | dt_loss=0.020493  target_RTG=213.8257  floor=70.1849(active=0)
[DT-GP] iter=  3 | zero_steps=32.6%  mean_RTG=168.2870±74.6141  max_RTG=321.1239  avg_len=3.0  min_len=2  ls=[2.13, 1.8706, 1.8413, 1.8354, 1.8141]
[DT-GP] iter=  3 | dt_loss=0.021915  target_RTG=321.1239  floor=70.1849(active=0)
[DT-GP] iter=  4 | zero_steps=33.8%  mean_RTG=74.9926±8.0599  max_RTG=87.1755  avg_len=2.7  min_len=2  ls=[1.8683, 1.8725, 1.8495, 1.8434, 1.8264]
[DT-GP] iter=  4 | dt_loss=0.093647  target_RTG=87.1755  floor=70.1849(active=0)
[DT-GP] iter=  5 | zero_steps=29.9%  mean_RTG=54.9936±19.8990  max_RTG=94.1578  avg_len=2.9  min_len=2  ls=[1.8695, 1.8698, 1.8511, 1.8467, 1.8328]
[DT-GP] iter=  5 | dt_loss=0.142455  target_RTG=94.1578  floor=70.1849(active=0)
[DT-GP] iter=  6 | zero_steps=73.2%  mean_RTG=7.8577±13.6260  max_RTG=43.7738  avg_len=1.4  min_len=1  ls=[1.8636, 1.8659, 1.8502, 1.846, 1.8343]
[DT-GP] iter=  6 | dt_loss=0.333814  target_RTG=70.1849  floor=70.1849(active=1)
[DT-GP] iter=  7 | zero_steps=71.4%  mean_RTG=8.2653±12.5152  max_RTG=37.9491  avg_len=1.4  min_len=1  ls=[1.8644, 1.8679, 1.8543, 1.8509, 1.8406]
[DT-GP] iter=  7 | dt_loss=0.713641  target_RTG=70.1849  floor=70.1849(active=1)
[DT-GP] iter=  8 | zero_steps=93.8%  mean_RTG=1.0221±3.8570  max_RTG=17.2749  avg_len=1.1  min_len=1  ls=[1.8609, 1.8639, 1.8521, 1.849, 1.84]
[DT-GP] iter=  8 | dt_loss=0.026913  target_RTG=70.1849  floor=70.1849(active=1)
[DT-GP] iter=  9 | zero_steps=100.0%  mean_RTG=0.0000±0.0000  max_RTG=0.0000  avg_len=1.0  min_len=1  ls=[1.8617, 1.8658, 1.8551, 1.8524, 1.8443]
[DT-GP] iter=  9 | dt_loss=0.006507  target_RTG=70.1849  floor=70.1849(active=1)
[DT-GP] iter= 10 | zero_steps=100.0%  mean_RTG=0.0000±0.0000  max_RTG=0.0000  avg_len=1.0  min_len=1  ls=[1.859, 1.8626, 1.8531, 1.8506, 1.8434]
[DT-GP] iter= 10 | dt_loss=0.007044  target_RTG=70.1849  floor=70.1849(active=1)
[DT-GP] iter= 11 | zero_steps=100.0%  mean_RTG=0.0000±0.0000  max_RTG=0.0000  avg_len=1.0  min_len=1  ls=[1.8592, 1.8637, 1.8549, 1.8527, 1.846]
[DT-GP] iter= 11 | dt_loss=0.003401  target_RTG=70.1849  floor=70.1849(active=1)
[DT-GP] iter= 12 | zero_steps=100.0%  mean_RTG=0.0000±0.0000  max_RTG=0.0000  avg_len=1.0  min_len=1  ls=[1.857, 1.8608, 1.8529, 1.8508, 1.8448]
[DT-GP] iter= 12 | dt_loss=0.002792  target_RTG=70.1849  floor=70.1849(active=1)
[DT-GP] iter= 13 | zero_steps=100.0%  mean_RTG=0.0000±0.0000  max_RTG=0.0000  avg_len=1.0  min_len=1  ls=[1.8569, 1.8615, 1.8541, 1.8523, 1.8466]
[DT-GP] iter= 13 | dt_loss=0.003254  target_RTG=70.1849  floor=70.1849(active=1)
[DT-GP] iter= 14 | zero_steps=100.0%  mean_RTG=0.0000±0.0000  max_RTG=0.0000  avg_len=1.0  min_len=1  ls=[1.8548, 1.8589, 1.8521, 1.8503, 1.8452]
[DT-GP] iter= 14 | dt_loss=0.004054  target_RTG=70.1849  floor=70.1849(active=1)
[DT-GP] iter= 15 | zero_steps=100.0%  mean_RTG=0.0000±0.0000  max_RTG=0.0000  avg_len=1.0  min_len=1  ls=[1.8546, 1.8594, 1.853, 1.8513, 1.8464]
[DT-GP] iter= 15 | dt_loss=0.003178  target_RTG=70.1849  floor=70.1849(active=1)
[DT-GP] iter= 16 | zero_steps=100.0%  mean_RTG=0.0000±0.0000  max_RTG=0.0000  avg_len=1.0  min_len=1  ls=[1.8527, 1.8568, 1.851, 1.8494, 1.8449]
[DT-GP] iter= 16 | dt_loss=0.002889  target_RTG=70.1849  floor=70.1849(active=1)
[DT-GP] iter= 17 | zero_steps=100.0%  mean_RTG=0.0000±0.0000  max_RTG=0.0000  avg_len=1.0  min_len=1  ls=[1.8523, 1.8572, 1.8516, 1.8502, 1.8458]
[DT-GP] iter= 17 | dt_loss=0.003093  target_RTG=70.1849  floor=70.1849(active=1)
[DT-GP] iter= 18 | zero_steps=100.0%  mean_RTG=0.0000±0.0000  max_RTG=0.0000  avg_len=1.0  min_len=1  ls=[1.8506, 1.8548, 1.8496, 1.8482, 1.8442]
[DT-GP] iter= 18 | dt_loss=0.002875  target_RTG=70.1849  floor=70.1849(active=1)
[DT-GP] iter= 19 | zero_steps=100.0%  mean_RTG=0.0000±0.0000  max_RTG=0.0000  avg_len=1.0  min_len=1  ls=[1.8501, 1.8551, 1.85, 1.8487, 1.8449]
[DT-GP] iter= 19 | dt_loss=0.00204  target_RTG=70.1849  floor=70.1849(active=1)
[DT-GP] iter= 20 | zero_steps=100.0%  mean_RTG=0.0000±0.0000  max_RTG=0.0000  avg_len=1.0  min_len=1  ls=[1.8484, 1.8526, 1.848, 1.8467, 1.8431]
[DT-GP] iter= 20 | dt_loss=0.002699  target_RTG=70.1849  floor=70.1849(active=1)
[DT-GP] iter= 21 | zero_steps=100.0%  mean_RTG=0.0000±0.0000  max_RTG=0.0000  avg_len=1.0  min_len=1  ls=[1.8479, 1.8529, 1.8484, 1.8472, 1.8437]
[DT-GP] iter= 21 | dt_loss=0.002673  target_RTG=70.1849  floor=70.1849(active=1)
[DT-GP] iter= 22 | zero_steps=100.0%  mean_RTG=0.0000±0.0000  max_RTG=0.0000  avg_len=1.0  min_len=1  ls=[1.8462, 1.8505, 1.8463, 1.8451, 1.8419]
[DT-GP] iter= 22 | dt_loss=0.002826  target_RTG=70.1849  floor=70.1849(active=1)
[DT-GP] iter= 23 | zero_steps=100.0%  mean_RTG=0.0000±0.0000  max_RTG=0.0000  avg_len=1.0  min_len=1  ls=[1.8457, 1.8508, 1.8466, 1.8456, 1.8424]
[DT-GP] iter= 23 | dt_loss=0.001829  target_RTG=70.1849  floor=70.1849(active=1)
[DT-GP] iter= 24 | zero_steps=100.0%  mean_RTG=0.0000±0.0000  max_RTG=0.0000  avg_len=1.0  min_len=1  ls=[1.844, 1.8483, 1.8445, 1.8434, 1.8404]
[DT-GP] iter= 24 | dt_loss=0.001621  target_RTG=70.1849  floor=70.1849(active=1)
[DT-GP] iter= 25 | zero_steps=100.0%  mean_RTG=0.0000±0.0000  max_RTG=0.0000  avg_len=1.0  min_len=1  ls=[1.8434, 1.8486, 1.8448, 1.8438, 1.8409]
[DT-GP] iter= 25 | dt_loss=0.003008  target_RTG=70.1849  floor=70.1849(active=1)
[DT-GP] iter= 26 | zero_steps=100.0%  mean_RTG=0.0000±0.0000  max_RTG=0.0000  avg_len=1.0  min_len=1  ls=[1.8418, 1.8461, 1.8426, 1.8416, 1.8389]
[DT-GP] iter= 26 | dt_loss=0.002049  target_RTG=70.1849  floor=70.1849(active=1)
[DT-GP] iter= 27 | zero_steps=100.0%  mean_RTG=0.0000±0.0000  max_RTG=0.0000  avg_len=1.0  min_len=1  ls=[1.8412, 1.8465, 1.8429, 1.842, 1.8393]
[DT-GP] iter= 27 | dt_loss=0.00169  target_RTG=70.1849  floor=70.1849(active=1)
[DT-GP] iter= 28 | zero_steps=100.0%  mean_RTG=0.0000±0.0000  max_RTG=0.0000  avg_len=1.0  min_len=1  ls=[1.8396, 1.8439, 1.8406, 1.8397, 1.8372]
[DT-GP] iter= 28 | dt_loss=0.001758  target_RTG=70.1849  floor=70.1849(active=1)
[DT-GP] iter= 29 | zero_steps=100.0%  mean_RTG=0.0000±0.0000  max_RTG=0.0000  avg_len=1.0  min_len=1  ls=[1.839, 1.8443, 1.841, 1.8402, 1.8376]
[DT-GP] iter= 29 | dt_loss=0.001475  target_RTG=70.1849  floor=70.1849(active=1)
[DT-GP] iter= 30 | zero_steps=100.0%  mean_RTG=0.0000±0.0000  max_RTG=0.0000  avg_len=1.0  min_len=1  ls=[1.8374, 1.8417, 1.8387, 1.8378, 1.8355]
[DT-GP] iter= 30 | dt_loss=0.001686  target_RTG=70.1849  floor=70.1849(active=1)
final best = -20.6445
  [DT-GP-floor01] running... Using device: cpu, dtype: torch.float64
Set random seed: 2
Save directory set to: res
Sampling 10 initial points using 'sobol' method...
Initializing BoTorch GP ensemble...
[DT-GP] iter=  1 | zero_steps=33.7%  mean_RTG=238.6067±124.4799  max_RTG=350.9245  avg_len=2.8  min_len=2  ls=[0.1, 1.8527, 1.7903, 1.7974, 1.6027]
[DT-GP] iter=  1 | dt_loss=0.05153  target_RTG=350.9245  floor=0.0000(active=0)
[DT-GP] iter=  2 | zero_steps=34.1%  mean_RTG=165.1864±76.0366  max_RTG=213.8257  avg_len=2.7  min_len=2  ls=[0.1, 1.8662, 1.8267, 1.8193, 1.7919]
[DT-GP] iter=  2 | dt_loss=0.020493  target_RTG=213.8257  floor=35.0925(active=0)
[DT-GP] iter=  3 | zero_steps=32.6%  mean_RTG=168.2870±74.6141  max_RTG=321.1239  avg_len=3.0  min_len=2  ls=[2.13, 1.8706, 1.8413, 1.8354, 1.8141]
[DT-GP] iter=  3 | dt_loss=0.021915  target_RTG=321.1239  floor=35.0925(active=0)
[DT-GP] iter=  4 | zero_steps=33.8%  mean_RTG=74.9926±8.0599  max_RTG=87.1755  avg_len=2.7  min_len=2  ls=[1.8683, 1.8725, 1.8495, 1.8434, 1.8264]
[DT-GP] iter=  4 | dt_loss=0.093647  target_RTG=87.1755  floor=35.0925(active=0)
[DT-GP] iter=  5 | zero_steps=29.9%  mean_RTG=54.9936±19.8990  max_RTG=94.1578  avg_len=2.9  min_len=2  ls=[1.8695, 1.8698, 1.8511, 1.8467, 1.8328]
[DT-GP] iter=  5 | dt_loss=0.142455  target_RTG=94.1578  floor=35.0925(active=0)
[DT-GP] iter=  6 | zero_steps=73.2%  mean_RTG=7.8577±13.6260  max_RTG=43.7738  avg_len=1.4  min_len=1  ls=[1.8636, 1.8659, 1.8502, 1.846, 1.8343]
[DT-GP] iter=  6 | dt_loss=0.333814  target_RTG=43.7738  floor=35.0925(active=0)
[DT-GP] iter=  7 | zero_steps=69.8%  mean_RTG=8.2385±12.3034  max_RTG=37.9717  avg_len=1.4  min_len=1  ls=[1.8645, 1.868, 1.8543, 1.8509, 1.8406]
[DT-GP] iter=  7 | dt_loss=0.615804  target_RTG=37.9717  floor=35.0925(active=0)
[DT-GP] iter=  8 | zero_steps=83.3%  mean_RTG=2.8134±6.2046  max_RTG=22.8771  avg_len=1.2  min_len=1  ls=[1.8609, 1.8639, 1.8521, 1.8489, 1.84]
[DT-GP] iter=  8 | dt_loss=0.019621  target_RTG=35.0925  floor=35.0925(active=1)
[DT-GP] iter=  9 | zero_steps=100.0%  mean_RTG=0.0000±0.0000  max_RTG=0.0000  avg_len=1.0  min_len=1  ls=[1.8617, 1.8658, 1.8551, 1.8524, 1.8443]
[DT-GP] iter=  9 | dt_loss=0.006137  target_RTG=35.0925  floor=35.0925(active=1)
[DT-GP] iter= 10 | zero_steps=100.0%  mean_RTG=0.0000±0.0000  max_RTG=0.0000  avg_len=1.0  min_len=1  ls=[1.8591, 1.8626, 1.8531, 1.8506, 1.8434]
[DT-GP] iter= 10 | dt_loss=0.005844  target_RTG=35.0925  floor=35.0925(active=1)
[DT-GP] iter= 11 | zero_steps=100.0%  mean_RTG=0.0000±0.0000  max_RTG=0.0000  avg_len=1.0  min_len=1  ls=[1.8593, 1.8637, 1.855, 1.8528, 1.8461]
[DT-GP] iter= 11 | dt_loss=0.004932  target_RTG=35.0925  floor=35.0925(active=1)
[DT-GP] iter= 12 | zero_steps=100.0%  mean_RTG=0.0000±0.0000  max_RTG=0.0000  avg_len=1.0  min_len=1  ls=[1.857, 1.8609, 1.853, 1.8509, 1.8448]
[DT-GP] iter= 12 | dt_loss=0.004839  target_RTG=35.0925  floor=35.0925(active=1)
[DT-GP] iter= 13 | zero_steps=100.0%  mean_RTG=0.0000±0.0000  max_RTG=0.0000  avg_len=1.0  min_len=1  ls=[1.8571, 1.8617, 1.8542, 1.8524, 1.8467]
[DT-GP] iter= 13 | dt_loss=0.00579  target_RTG=35.0925  floor=35.0925(active=1)
[DT-GP] iter= 14 | zero_steps=100.0%  mean_RTG=0.0000±0.0000  max_RTG=0.0000  avg_len=1.0  min_len=1  ls=[1.8549, 1.8589, 1.8522, 1.8504, 1.8452]
[DT-GP] iter= 14 | dt_loss=0.004167  target_RTG=35.0925  floor=35.0925(active=1)
[DT-GP] iter= 15 | zero_steps=100.0%  mean_RTG=0.0000±0.0000  max_RTG=0.0000  avg_len=1.0  min_len=1  ls=[1.8547, 1.8595, 1.853, 1.8514, 1.8465]
[DT-GP] iter= 15 | dt_loss=0.002828  target_RTG=35.0925  floor=35.0925(active=1)
[DT-GP] iter= 16 | zero_steps=100.0%  mean_RTG=0.0000±0.0000  max_RTG=0.0000  avg_len=1.0  min_len=1  ls=[1.8527, 1.8568, 1.851, 1.8494, 1.8449]
[DT-GP] iter= 16 | dt_loss=0.002266  target_RTG=35.0925  floor=35.0925(active=1)
[DT-GP] iter= 17 | zero_steps=100.0%  mean_RTG=0.0000±0.0000  max_RTG=0.0000  avg_len=1.0  min_len=1  ls=[1.8524, 1.8573, 1.8516, 1.8502, 1.8458]
[DT-GP] iter= 17 | dt_loss=0.00198  target_RTG=35.0925  floor=35.0925(active=1)
[DT-GP] iter= 18 | zero_steps=100.0%  mean_RTG=0.0000±0.0000  max_RTG=0.0000  avg_len=1.0  min_len=1  ls=[1.8504, 1.8546, 1.8494, 1.848, 1.844]
[DT-GP] iter= 18 | dt_loss=0.001614  target_RTG=35.0925  floor=35.0925(active=1)
[DT-GP] iter= 19 | zero_steps=100.0%  mean_RTG=0.0000±0.0000  max_RTG=0.0000  avg_len=1.0  min_len=1  ls=[1.8501, 1.8551, 1.85, 1.8487, 1.8448]
[DT-GP] iter= 19 | dt_loss=0.001277  target_RTG=35.0925  floor=35.0925(active=1)
[DT-GP] iter= 20 | zero_steps=100.0%  mean_RTG=0.0000±0.0000  max_RTG=0.0000  avg_len=1.0  min_len=1  ls=[1.8482, 1.8524, 1.8478, 1.8465, 1.843]
[DT-GP] iter= 20 | dt_loss=0.000949  target_RTG=35.0925  floor=35.0925(active=1)
[DT-GP] iter= 21 | zero_steps=100.0%  mean_RTG=0.0000±0.0000  max_RTG=0.0000  avg_len=1.0  min_len=1  ls=[1.8478, 1.8529, 1.8483, 1.8471, 1.8436]
[DT-GP] iter= 21 | dt_loss=0.000833  target_RTG=35.0925  floor=35.0925(active=1)
[DT-GP] iter= 22 | zero_steps=100.0%  mean_RTG=0.0000±0.0000  max_RTG=0.0000  avg_len=1.0  min_len=1  ls=[1.846, 1.8502, 1.846, 1.8449, 1.8417]
[DT-GP] iter= 22 | dt_loss=0.001229  target_RTG=35.0925  floor=35.0925(active=1)
[DT-GP] iter= 23 | zero_steps=96.8%  mean_RTG=0.2074±1.1171  max_RTG=6.2232  avg_len=1.0  min_len=1  ls=[1.8455, 1.8507, 1.8465, 1.8454, 1.8422]
[DT-GP] iter= 23 | dt_loss=0.002117  target_RTG=35.0925  floor=35.0925(active=1)
[DT-GP] iter= 24 | zero_steps=96.8%  mean_RTG=0.0209±0.1124  max_RTG=0.6259  avg_len=1.0  min_len=1  ls=[1.8438, 1.8481, 1.8442, 1.8432, 1.8402]
[DT-GP] iter= 24 | dt_loss=0.001299  target_RTG=35.0925  floor=35.0925(active=1)
[DT-GP] iter= 25 | zero_steps=100.0%  mean_RTG=0.0000±0.0000  max_RTG=0.0000  avg_len=1.0  min_len=1  ls=[1.8433, 1.8485, 1.8447, 1.8437, 1.8407]
[DT-GP] iter= 25 | dt_loss=0.00099  target_RTG=35.0925  floor=35.0925(active=1)
[DT-GP] iter= 26 | zero_steps=100.0%  mean_RTG=0.0000±0.0000  max_RTG=0.0000  avg_len=1.0  min_len=1  ls=[1.8415, 1.8458, 1.8423, 1.8413, 1.8386]
[DT-GP] iter= 26 | dt_loss=0.001098  target_RTG=35.0925  floor=35.0925(active=1)
[DT-GP] iter= 27 | zero_steps=100.0%  mean_RTG=0.0000±0.0000  max_RTG=0.0000  avg_len=1.0  min_len=1  ls=[1.8411, 1.8463, 1.8428, 1.8419, 1.8391]
[DT-GP] iter= 27 | dt_loss=0.00137  target_RTG=35.0925  floor=35.0925(active=1)
[DT-GP] iter= 28 | zero_steps=96.8%  mean_RTG=0.0301±0.1621  max_RTG=0.9030  avg_len=1.0  min_len=1  ls=[1.8393, 1.8436, 1.8403, 1.8394, 1.8369]
[DT-GP] iter= 28 | dt_loss=0.001635  target_RTG=35.0925  floor=35.0925(active=1)
[DT-GP] iter= 29 | zero_steps=100.0%  mean_RTG=0.0000±0.0000  max_RTG=0.0000  avg_len=1.0  min_len=1  ls=[1.8388, 1.8441, 1.8408, 1.84, 1.8375]
[DT-GP] iter= 29 | dt_loss=0.000865  target_RTG=35.0925  floor=35.0925(active=1)
[DT-GP] iter= 30 | zero_steps=100.0%  mean_RTG=0.0000±0.0000  max_RTG=0.0000  avg_len=1.0  min_len=1  ls=[1.8371, 1.8413, 1.8383, 1.8375, 1.8352]
[DT-GP] iter= 30 | dt_loss=0.000425  target_RTG=35.0925  floor=35.0925(active=1)
final best = -20.6445
  [DT-GT-dynamic] running... Using device: cpu, dtype: torch.float64
Set random seed: 2
Save directory set to: res
Sampling 10 initial points using 'sobol' method...
Initializing BoTorch GP ensemble...
[DT-GT] iter=  1 | zero_steps=100.0%  mean_RTG=0.0000±0.0000  max_RTG=0.0000  avg_len=1.0  min_len=1  ls=[0.1, 1.8527, 1.7903, 1.7974, 1.6027]
[DT-GT] iter=  1 | dt_loss=0.109862  target_RTG=0.0000
[DT-GT] iter=  2 | zero_steps=85.7%  mean_RTG=0.0192±0.0613  max_RTG=0.2864  avg_len=1.2  min_len=1  ls=[0.0534, 1.8659, 1.8261, 1.8224, 1.793]
[DT-GT] iter=  2 | dt_loss=0.084353  target_RTG=0.2864
[DT-GT] iter=  3 | zero_steps=93.8%  mean_RTG=0.0069±0.0373  max_RTG=0.2079  avg_len=1.1  min_len=1  ls=[0.0534, 1.8704, 1.8408, 1.8364, 1.8151]
[DT-GT] iter=  3 | dt_loss=0.160782  target_RTG=0.2079
[DT-GT] iter=  4 | zero_steps=100.0%  mean_RTG=0.0000±0.0000  max_RTG=0.0000  avg_len=1.0  min_len=1  ls=[0.4166, 1.8725, 1.8499, 1.8436, 1.827]
[DT-GT] iter=  4 | dt_loss=0.008438  target_RTG=0.0000
[DT-GT] iter=  5 | zero_steps=100.0%  mean_RTG=0.0000±0.0000  max_RTG=0.0000  avg_len=1.0  min_len=1  ls=[1.7491, 1.8706, 1.8528, 1.8486, 1.835]
[DT-GT] iter=  5 | dt_loss=0.004334  target_RTG=0.0000
[DT-GT] iter=  6 | zero_steps=100.0%  mean_RTG=0.0000±0.0000  max_RTG=0.0000  avg_len=1.0  min_len=1  ls=[1.8714, 1.8716, 1.8561, 1.8519, 1.8403]
[DT-GT] iter=  6 | dt_loss=0.002778  target_RTG=0.0000
[DT-GT] iter=  7 | zero_steps=100.0%  mean_RTG=0.0000±0.0000  max_RTG=0.0000  avg_len=1.0  min_len=1  ls=[1.8679, 1.8698, 1.8569, 1.8537, 1.8438]
[DT-GT] iter=  7 | dt_loss=0.0037  target_RTG=0.0000
[DT-GT] iter=  8 | zero_steps=100.0%  mean_RTG=0.0000±0.0000  max_RTG=0.0000  avg_len=1.0  min_len=1  ls=[1.8681, 1.8701, 1.8583, 1.8551, 1.8463]
[DT-GT] iter=  8 | dt_loss=0.00154  target_RTG=0.0000
[DT-GT] iter=  9 | zero_steps=100.0%  mean_RTG=0.0000±0.0000  max_RTG=0.0000  avg_len=1.0  min_len=1  ls=[1.8657, 1.8683, 1.8582, 1.8557, 1.8479]
[DT-GT] iter=  9 | dt_loss=0.002065  target_RTG=0.0000
[DT-GT] iter= 10 | zero_steps=100.0%  mean_RTG=0.0000±0.0000  max_RTG=0.0000  avg_len=1.0  min_len=1  ls=[1.8651, 1.8679, 1.8585, 1.8559, 1.8488]
[DT-GT] iter= 10 | dt_loss=0.001825  target_RTG=0.0000
[DT-GT] iter= 11 | zero_steps=100.0%  mean_RTG=0.0000±0.0000  max_RTG=0.0000  avg_len=1.0  min_len=1  ls=[1.863, 1.866, 1.8578, 1.8558, 1.8494]
[DT-GT] iter= 11 | dt_loss=0.001216  target_RTG=0.0000
[DT-GT] iter= 12 | zero_steps=100.0%  mean_RTG=0.0000±0.0000  max_RTG=0.0000  avg_len=1.0  min_len=1  ls=[1.8625, 1.8658, 1.858, 1.8558, 1.8499]
[DT-GT] iter= 12 | dt_loss=0.001516  target_RTG=0.0000
[DT-GT] iter= 13 | zero_steps=100.0%  mean_RTG=0.0000±0.0000  max_RTG=0.0000  avg_len=1.0  min_len=1  ls=[1.8607, 1.8641, 1.8572, 1.8555, 1.8501]
[DT-GT] iter= 13 | dt_loss=0.001248  target_RTG=0.0000
[DT-GT] iter= 14 | zero_steps=100.0%  mean_RTG=0.0000±0.0000  max_RTG=0.0000  avg_len=1.0  min_len=1  ls=[1.86, 1.8637, 1.857, 1.8551, 1.8501]
[DT-GT] iter= 14 | dt_loss=0.000805  target_RTG=0.0000
[DT-GT] iter= 15 | zero_steps=100.0%  mean_RTG=0.0000±0.0000  max_RTG=0.0000  avg_len=1.0  min_len=1  ls=[1.8583, 1.8619, 1.8559, 1.8545, 1.8498]
[DT-GT] iter= 15 | dt_loss=0.001081  target_RTG=0.0000
[DT-GT] iter= 16 | zero_steps=100.0%  mean_RTG=0.0000±0.0000  max_RTG=0.0000  avg_len=1.0  min_len=1  ls=[1.8577, 1.8616, 1.8557, 1.8541, 1.8496]
[DT-GT] iter= 16 | dt_loss=0.000687  target_RTG=0.0000
[DT-GT] iter= 17 | zero_steps=100.0%  mean_RTG=0.0000±0.0000  max_RTG=0.0000  avg_len=1.0  min_len=1  ls=[1.8558, 1.8595, 1.8543, 1.853, 1.8489]
[DT-GT] iter= 17 | dt_loss=0.000788  target_RTG=0.0000
[DT-GT] iter= 18 | zero_steps=100.0%  mean_RTG=0.0000±0.0000  max_RTG=0.0000  avg_len=1.0  min_len=1  ls=[1.8553, 1.8594, 1.8542, 1.8527, 1.8488]
[DT-GT] iter= 18 | dt_loss=0.000876  target_RTG=0.0000
[DT-GT] iter= 19 | zero_steps=100.0%  mean_RTG=0.0000±0.0000  max_RTG=0.0000  avg_len=1.0  min_len=1  ls=[1.8534, 1.8573, 1.8526, 1.8515, 1.8478]
[DT-GT] iter= 19 | dt_loss=0.000607  target_RTG=0.0000
[DT-GT] iter= 20 | zero_steps=100.0%  mean_RTG=0.0000±0.0000  max_RTG=0.0000  avg_len=1.0  min_len=1  ls=[1.8526, 1.8569, 1.8522, 1.8509, 1.8473]
[DT-GT] iter= 20 | dt_loss=0.000874  target_RTG=0.0000
[DT-GT] iter= 21 | zero_steps=100.0%  mean_RTG=0.0000±0.0000  max_RTG=0.0000  avg_len=1.0  min_len=1  ls=[1.851, 1.8549, 1.8507, 1.8497, 1.8464]
[DT-GT] iter= 21 | dt_loss=0.00062  target_RTG=0.0000
[DT-GT] iter= 22 | zero_steps=100.0%  mean_RTG=0.0000±0.0000  max_RTG=0.0000  avg_len=1.0  min_len=1  ls=[1.8501, 1.8546, 1.8503, 1.8491, 1.8459]
[DT-GT] iter= 22 | dt_loss=0.000332  target_RTG=0.0000
[DT-GT] iter= 23 | zero_steps=100.0%  mean_RTG=0.0000±0.0000  max_RTG=0.0000  avg_len=1.0  min_len=1  ls=[1.8486, 1.8525, 1.8487, 1.8479, 1.8449]
[DT-GT] iter= 23 | dt_loss=0.000394  target_RTG=0.0000
[DT-GT] iter= 24 | zero_steps=100.0%  mean_RTG=0.0000±0.0000  max_RTG=0.0000  avg_len=1.0  min_len=1  ls=[1.8477, 1.8523, 1.8483, 1.8472, 1.8442]
[DT-GT] iter= 24 | dt_loss=0.000413  target_RTG=0.0000
[DT-GT] iter= 25 | zero_steps=100.0%  mean_RTG=0.0000±0.0000  max_RTG=0.0000  avg_len=1.0  min_len=1  ls=[1.8463, 1.8503, 1.8469, 1.8461, 1.8433]
[DT-GT] iter= 25 | dt_loss=0.000387  target_RTG=0.0000
[DT-GT] iter= 26 | zero_steps=100.0%  mean_RTG=0.0000±0.0000  max_RTG=0.0000  avg_len=1.0  min_len=1  ls=[1.8453, 1.85, 1.8463, 1.8453, 1.8425]
[DT-GT] iter= 26 | dt_loss=0.000316  target_RTG=0.0000
[DT-GT] iter= 27 | zero_steps=100.0%  mean_RTG=0.0000±0.0000  max_RTG=0.0000  avg_len=1.0  min_len=1  ls=[1.844, 1.8481, 1.8449, 1.8442, 1.8417]
[DT-GT] iter= 27 | dt_loss=0.000417  target_RTG=0.0000
[DT-GT] iter= 28 | zero_steps=100.0%  mean_RTG=0.0000±0.0000  max_RTG=0.0000  avg_len=1.0  min_len=1  ls=[1.8429, 1.8477, 1.8443, 1.8433, 1.8408]
[DT-GT] iter= 28 | dt_loss=0.000394  target_RTG=0.0000
[DT-GT] iter= 29 | zero_steps=100.0%  mean_RTG=0.0000±0.0000  max_RTG=0.0000  avg_len=1.0  min_len=1  ls=[1.8417, 1.8458, 1.8429, 1.8422, 1.8399]
[DT-GT] iter= 29 | dt_loss=0.00027  target_RTG=0.0000
[DT-GT] iter= 30 | zero_steps=100.0%  mean_RTG=0.0000±0.0000  max_RTG=0.0000  avg_len=1.0  min_len=1  ls=[1.8406, 1.8454, 1.8422, 1.8413, 1.8389]
[DT-GT] iter= 30 | dt_loss=0.00039  target_RTG=0.0000
final best = -0.9035
  [ckpt] 3/10 saved → res/floored_rtg_dtgp_rosenbrock/floored_rtg_dtgp.ckpt.json

── Trial 4/10  (seed=3) ────────────────────────────────────────
  [DT-GP-floor05] running... Using device: cpu, dtype: torch.float64
Set random seed: 3
Save directory set to: res
Sampling 10 initial points using 'sobol' method...
Initializing BoTorch GP ensemble...
[DT-GP] iter=  1 | zero_steps=100.0%  mean_RTG=0.0000±0.0000  max_RTG=0.0000  avg_len=1.0  min_len=1  ls=[1.5113, 1.4929, 1.4451, 1.5006, 1.4271]
[DT-GP] iter=  1 | dt_loss=0.014774  target_RTG=0.0000  floor=0.0000(active=0)
[DT-GP] iter=  2 | zero_steps=100.0%  mean_RTG=0.0000±0.0000  max_RTG=0.0000  avg_len=1.0  min_len=1  ls=[1.5062, 1.4937, 1.4712, 1.4738, 1.4596]
[DT-GP] iter=  2 | dt_loss=0.002028  target_RTG=0.0000  floor=0.0000(active=0)
[DT-GP] iter=  3 | zero_steps=100.0%  mean_RTG=0.0000±0.0000  max_RTG=0.0000  avg_len=1.0  min_len=1  ls=[1.5044, 1.4955, 1.4794, 1.4832, 1.4725]
[DT-GP] iter=  3 | dt_loss=0.002239  target_RTG=0.0000  floor=0.0000(active=0)
[DT-GP] iter=  4 | zero_steps=100.0%  mean_RTG=0.0000±0.0000  max_RTG=0.0000  avg_len=1.0  min_len=1  ls=[1.5016, 1.4957, 1.4831, 1.4907, 1.4817]
[DT-GP] iter=  4 | dt_loss=0.003041  target_RTG=0.0000  floor=0.0000(active=0)
[DT-GP] iter=  5 | zero_steps=100.0%  mean_RTG=0.0000±0.0000  max_RTG=0.0000  avg_len=1.0  min_len=1  ls=[1.5016, 1.4968, 1.4864, 1.4941, 1.4862]
[DT-GP] iter=  5 | dt_loss=0.003275  target_RTG=0.0000  floor=0.0000(active=0)
[DT-GP] iter=  6 | zero_steps=100.0%  mean_RTG=0.0000±0.0000  max_RTG=0.0000  avg_len=1.0  min_len=1  ls=[1.5009, 1.4969, 1.4882, 1.4952, 1.4888]
[DT-GP] iter=  6 | dt_loss=0.00119  target_RTG=0.0000  floor=0.0000(active=0)
[DT-GP] iter=  7 | zero_steps=100.0%  mean_RTG=0.0000±0.0000  max_RTG=0.0000  avg_len=1.0  min_len=1  ls=[1.5006, 1.4971, 1.4895, 1.4964, 1.4907]
[DT-GP] iter=  7 | dt_loss=0.001682  target_RTG=0.0000  floor=0.0000(active=0)
[DT-GP] iter=  8 | zero_steps=100.0%  mean_RTG=0.0000±0.0000  max_RTG=0.0000  avg_len=1.0  min_len=1  ls=[1.4999, 1.4968, 1.4902, 1.4967, 1.4918]
[DT-GP] iter=  8 | dt_loss=0.000884  target_RTG=0.0000  floor=0.0000(active=0)
[DT-GP] iter=  9 | zero_steps=100.0%  mean_RTG=0.0000±0.0000  max_RTG=0.0000  avg_len=1.0  min_len=1  ls=[1.4994, 1.4967, 1.4907, 1.4972, 1.4927]
[DT-GP] iter=  9 | dt_loss=0.000942  target_RTG=0.0000  floor=0.0000(active=0)
[DT-GP] iter= 10 | zero_steps=100.0%  mean_RTG=0.0000±0.0000  max_RTG=0.0000  avg_len=1.0  min_len=1  ls=[1.4986, 1.4962, 1.4909, 1.497, 1.4931]
[DT-GP] iter= 10 | dt_loss=0.000951  target_RTG=0.0000  floor=0.0000(active=0)
[DT-GP] iter= 11 | zero_steps=100.0%  mean_RTG=0.0000±0.0000  max_RTG=0.0000  avg_len=1.0  min_len=1  ls=[1.4981, 1.4959, 1.491, 1.4971, 1.4934]
[DT-GP] iter= 11 | dt_loss=0.001194  target_RTG=0.0000  floor=0.0000(active=0)
[DT-GP] iter= 12 | zero_steps=100.0%  mean_RTG=0.0000±0.0000  max_RTG=0.0000  avg_len=1.0  min_len=1  ls=[1.4973, 1.4953, 1.4909, 1.4968, 1.4935]
[DT-GP] iter= 12 | dt_loss=0.000933  target_RTG=0.0000  floor=0.0000(active=0)
[DT-GP] iter= 13 | zero_steps=100.0%  mean_RTG=0.0000±0.0000  max_RTG=0.0000  avg_len=1.0  min_len=1  ls=[1.4968, 1.4949, 1.4908, 1.4966, 1.4935]
[DT-GP] iter= 13 | dt_loss=0.000825  target_RTG=0.0000  floor=0.0000(active=0)
[DT-GP] iter= 14 | zero_steps=100.0%  mean_RTG=0.0000±0.0000  max_RTG=0.0000  avg_len=1.0  min_len=1  ls=[1.496, 1.4942, 1.4904, 1.4962, 1.4933]
[DT-GP] iter= 14 | dt_loss=0.000604  target_RTG=0.0000  floor=0.0000(active=0)
[DT-GP] iter= 15 | zero_steps=100.0%  mean_RTG=0.0000±0.0000  max_RTG=0.0000  avg_len=1.0  min_len=1  ls=[1.4953, 1.4937, 1.4902, 1.4958, 1.4931]
[DT-GP] iter= 15 | dt_loss=0.000449  target_RTG=0.0000  floor=0.0000(active=0)
[DT-GP] iter= 16 | zero_steps=100.0%  mean_RTG=0.0000±0.0000  max_RTG=0.0000  avg_len=1.0  min_len=1  ls=[1.4946, 1.493, 1.4897, 1.4953, 1.4928]
[DT-GP] iter= 16 | dt_loss=0.000676  target_RTG=0.0000  floor=0.0000(active=0)
[DT-GP] iter= 17 | zero_steps=100.0%  mean_RTG=0.0000±0.0000  max_RTG=0.0000  avg_len=1.0  min_len=1  ls=[1.4939, 1.4925, 1.4893, 1.4949, 1.4925]
[DT-GP] iter= 17 | dt_loss=0.000434  target_RTG=0.0000  floor=0.0000(active=0)
[DT-GP] iter= 18 | zero_steps=100.0%  mean_RTG=0.0000±0.0000  max_RTG=0.0000  avg_len=1.0  min_len=1  ls=[1.4932, 1.4918, 1.4889, 1.4943, 1.4921]
[DT-GP] iter= 18 | dt_loss=0.000445  target_RTG=0.0000  floor=0.0000(active=0)
[DT-GP] iter= 19 | zero_steps=100.0%  mean_RTG=0.0000±0.0000  max_RTG=0.0000  avg_len=1.0  min_len=1  ls=[1.4925, 1.4912, 1.4884, 1.4939, 1.4917]
[DT-GP] iter= 19 | dt_loss=0.000539  target_RTG=0.0000  floor=0.0000(active=0)
[DT-GP] iter= 20 | zero_steps=100.0%  mean_RTG=0.0000±0.0000  max_RTG=0.0000  avg_len=1.0  min_len=1  ls=[1.4917, 1.4905, 1.4879, 1.4932, 1.4913]
[DT-GP] iter= 20 | dt_loss=0.000513  target_RTG=0.0000  floor=0.0000(active=0)
[DT-GP] iter= 21 | zero_steps=100.0%  mean_RTG=0.0000±0.0000  max_RTG=0.0000  avg_len=1.0  min_len=1  ls=[1.4911, 1.4899, 1.4874, 1.4928, 1.4908]
[DT-GP] iter= 21 | dt_loss=0.000279  target_RTG=0.0000  floor=0.0000(active=0)
[DT-GP] iter= 22 | zero_steps=100.0%  mean_RTG=0.0000±0.0000  max_RTG=0.0000  avg_len=1.0  min_len=1  ls=[1.4903, 1.4892, 1.4868, 1.4921, 1.4903]
[DT-GP] iter= 22 | dt_loss=0.000416  target_RTG=0.0000  floor=0.0000(active=0)
[DT-GP] iter= 23 | zero_steps=96.8%  mean_RTG=0.1008±0.5429  max_RTG=3.0247  avg_len=1.0  min_len=1  ls=[1.4897, 1.4886, 1.4863, 1.4916, 1.4898]
[DT-GP] iter= 23 | dt_loss=0.001097  target_RTG=3.0247  floor=0.0000(active=0)
[DT-GP] iter= 24 | zero_steps=100.0%  mean_RTG=0.0000±0.0000  max_RTG=0.0000  avg_len=1.0  min_len=1  ls=[1.4889, 1.4879, 1.4857, 1.4909, 1.4893]
[DT-GP] iter= 24 | dt_loss=0.000948  target_RTG=1.5123  floor=1.5123(active=1)
[DT-GP] iter= 25 | zero_steps=100.0%  mean_RTG=0.0000±0.0000  max_RTG=0.0000  avg_len=1.0  min_len=1  ls=[1.4882, 1.4873, 1.4852, 1.4904, 1.4888]
[DT-GP] iter= 25 | dt_loss=0.00118  target_RTG=1.5123  floor=1.5123(active=1)
[DT-GP] iter= 26 | zero_steps=96.8%  mean_RTG=0.0621±0.3345  max_RTG=1.8633  avg_len=1.0  min_len=1  ls=[1.4875, 1.4865, 1.4845, 1.4897, 1.4882]
[DT-GP] iter= 26 | dt_loss=0.000991  target_RTG=1.8633  floor=1.5123(active=0)
[DT-GP] iter= 27 | zero_steps=100.0%  mean_RTG=0.0000±0.0000  max_RTG=0.0000  avg_len=1.0  min_len=1  ls=[1.4868, 1.4859, 1.484, 1.4892, 1.4877]
[DT-GP] iter= 27 | dt_loss=0.000807  target_RTG=1.5123  floor=1.5123(active=1)
[DT-GP] iter= 28 | zero_steps=100.0%  mean_RTG=0.0000±0.0000  max_RTG=0.0000  avg_len=1.0  min_len=1  ls=[1.4861, 1.4852, 1.4833, 1.4884, 1.4871]
[DT-GP] iter= 28 | dt_loss=0.001082  target_RTG=1.5123  floor=1.5123(active=1)
[DT-GP] iter= 29 | zero_steps=100.0%  mean_RTG=0.0000±0.0000  max_RTG=0.0000  avg_len=1.0  min_len=1  ls=[1.4854, 1.4846, 1.4828, 1.4879, 1.4865]
[DT-GP] iter= 29 | dt_loss=0.000712  target_RTG=1.5123  floor=1.5123(active=1)
[DT-GP] iter= 30 | zero_steps=100.0%  mean_RTG=0.0000±0.0000  max_RTG=0.0000  avg_len=1.0  min_len=1  ls=[1.4846, 1.4838, 1.4821, 1.4871, 1.4858]
[DT-GP] iter= 30 | dt_loss=0.000615  target_RTG=1.5123  floor=1.5123(active=1)
final best = -22.2015
  [DT-GP-floor02] running... Using device: cpu, dtype: torch.float64
Set random seed: 3
Save directory set to: res
Sampling 10 initial points using 'sobol' method...
Initializing BoTorch GP ensemble...
[DT-GP] iter=  1 | zero_steps=100.0%  mean_RTG=0.0000±0.0000  max_RTG=0.0000  avg_len=1.0  min_len=1  ls=[1.5113, 1.4929, 1.4451, 1.5006, 1.4271]
[DT-GP] iter=  1 | dt_loss=0.014774  target_RTG=0.0000  floor=0.0000(active=0)
[DT-GP] iter=  2 | zero_steps=100.0%  mean_RTG=0.0000±0.0000  max_RTG=0.0000  avg_len=1.0  min_len=1  ls=[1.5062, 1.4937, 1.4712, 1.4738, 1.4596]
[DT-GP] iter=  2 | dt_loss=0.002028  target_RTG=0.0000  floor=0.0000(active=0)
[DT-GP] iter=  3 | zero_steps=100.0%  mean_RTG=0.0000±0.0000  max_RTG=0.0000  avg_len=1.0  min_len=1  ls=[1.5044, 1.4955, 1.4794, 1.4832, 1.4725]
[DT-GP] iter=  3 | dt_loss=0.002239  target_RTG=0.0000  floor=0.0000(active=0)
[DT-GP] iter=  4 | zero_steps=100.0%  mean_RTG=0.0000±0.0000  max_RTG=0.0000  avg_len=1.0  min_len=1  ls=[1.5016, 1.4957, 1.4831, 1.4907, 1.4817]
[DT-GP] iter=  4 | dt_loss=0.003041  target_RTG=0.0000  floor=0.0000(active=0)
[DT-GP] iter=  5 | zero_steps=100.0%  mean_RTG=0.0000±0.0000  max_RTG=0.0000  avg_len=1.0  min_len=1  ls=[1.5016, 1.4968, 1.4864, 1.4941, 1.4862]
[DT-GP] iter=  5 | dt_loss=0.003275  target_RTG=0.0000  floor=0.0000(active=0)
[DT-GP] iter=  6 | zero_steps=100.0%  mean_RTG=0.0000±0.0000  max_RTG=0.0000  avg_len=1.0  min_len=1  ls=[1.5009, 1.4969, 1.4882, 1.4952, 1.4888]
[DT-GP] iter=  6 | dt_loss=0.00119  target_RTG=0.0000  floor=0.0000(active=0)
[DT-GP] iter=  7 | zero_steps=100.0%  mean_RTG=0.0000±0.0000  max_RTG=0.0000  avg_len=1.0  min_len=1  ls=[1.5006, 1.4971, 1.4895, 1.4964, 1.4907]
[DT-GP] iter=  7 | dt_loss=0.001682  target_RTG=0.0000  floor=0.0000(active=0)
[DT-GP] iter=  8 | zero_steps=100.0%  mean_RTG=0.0000±0.0000  max_RTG=0.0000  avg_len=1.0  min_len=1  ls=[1.4999, 1.4968, 1.4902, 1.4967, 1.4918]
[DT-GP] iter=  8 | dt_loss=0.000884  target_RTG=0.0000  floor=0.0000(active=0)
[DT-GP] iter=  9 | zero_steps=100.0%  mean_RTG=0.0000±0.0000  max_RTG=0.0000  avg_len=1.0  min_len=1  ls=[1.4994, 1.4967, 1.4907, 1.4972, 1.4927]
[DT-GP] iter=  9 | dt_loss=0.000942  target_RTG=0.0000  floor=0.0000(active=0)
[DT-GP] iter= 10 | zero_steps=100.0%  mean_RTG=0.0000±0.0000  max_RTG=0.0000  avg_len=1.0  min_len=1  ls=[1.4986, 1.4962, 1.4909, 1.497, 1.4931]
[DT-GP] iter= 10 | dt_loss=0.000951  target_RTG=0.0000  floor=0.0000(active=0)
[DT-GP] iter= 11 | zero_steps=100.0%  mean_RTG=0.0000±0.0000  max_RTG=0.0000  avg_len=1.0  min_len=1  ls=[1.4981, 1.4959, 1.491, 1.4971, 1.4934]
[DT-GP] iter= 11 | dt_loss=0.001194  target_RTG=0.0000  floor=0.0000(active=0)
[DT-GP] iter= 12 | zero_steps=100.0%  mean_RTG=0.0000±0.0000  max_RTG=0.0000  avg_len=1.0  min_len=1  ls=[1.4973, 1.4953, 1.4909, 1.4968, 1.4935]
[DT-GP] iter= 12 | dt_loss=0.000933  target_RTG=0.0000  floor=0.0000(active=0)
[DT-GP] iter= 13 | zero_steps=100.0%  mean_RTG=0.0000±0.0000  max_RTG=0.0000  avg_len=1.0  min_len=1  ls=[1.4968, 1.4949, 1.4908, 1.4966, 1.4935]
[DT-GP] iter= 13 | dt_loss=0.000825  target_RTG=0.0000  floor=0.0000(active=0)
[DT-GP] iter= 14 | zero_steps=100.0%  mean_RTG=0.0000±0.0000  max_RTG=0.0000  avg_len=1.0  min_len=1  ls=[1.496, 1.4942, 1.4904, 1.4962, 1.4933]
[DT-GP] iter= 14 | dt_loss=0.000604  target_RTG=0.0000  floor=0.0000(active=0)
[DT-GP] iter= 15 | zero_steps=100.0%  mean_RTG=0.0000±0.0000  max_RTG=0.0000  avg_len=1.0  min_len=1  ls=[1.4953, 1.4937, 1.4902, 1.4958, 1.4931]
[DT-GP] iter= 15 | dt_loss=0.000449  target_RTG=0.0000  floor=0.0000(active=0)
[DT-GP] iter= 16 | zero_steps=100.0%  mean_RTG=0.0000±0.0000  max_RTG=0.0000  avg_len=1.0  min_len=1  ls=[1.4946, 1.493, 1.4897, 1.4953, 1.4928]
[DT-GP] iter= 16 | dt_loss=0.000676  target_RTG=0.0000  floor=0.0000(active=0)
[DT-GP] iter= 17 | zero_steps=100.0%  mean_RTG=0.0000±0.0000  max_RTG=0.0000  avg_len=1.0  min_len=1  ls=[1.4939, 1.4925, 1.4893, 1.4949, 1.4925]
[DT-GP] iter= 17 | dt_loss=0.000434  target_RTG=0.0000  floor=0.0000(active=0)
[DT-GP] iter= 18 | zero_steps=100.0%  mean_RTG=0.0000±0.0000  max_RTG=0.0000  avg_len=1.0  min_len=1  ls=[1.4932, 1.4918, 1.4889, 1.4943, 1.4921]
[DT-GP] iter= 18 | dt_loss=0.000445  target_RTG=0.0000  floor=0.0000(active=0)
[DT-GP] iter= 19 | zero_steps=100.0%  mean_RTG=0.0000±0.0000  max_RTG=0.0000  avg_len=1.0  min_len=1  ls=[1.4925, 1.4912, 1.4884, 1.4939, 1.4917]
[DT-GP] iter= 19 | dt_loss=0.000539  target_RTG=0.0000  floor=0.0000(active=0)
[DT-GP] iter= 20 | zero_steps=100.0%  mean_RTG=0.0000±0.0000  max_RTG=0.0000  avg_len=1.0  min_len=1  ls=[1.4917, 1.4905, 1.4879, 1.4932, 1.4913]
[DT-GP] iter= 20 | dt_loss=0.000513  target_RTG=0.0000  floor=0.0000(active=0)
[DT-GP] iter= 21 | zero_steps=100.0%  mean_RTG=0.0000±0.0000  max_RTG=0.0000  avg_len=1.0  min_len=1  ls=[1.4911, 1.4899, 1.4874, 1.4928, 1.4908]
[DT-GP] iter= 21 | dt_loss=0.000279  target_RTG=0.0000  floor=0.0000(active=0)
[DT-GP] iter= 22 | zero_steps=100.0%  mean_RTG=0.0000±0.0000  max_RTG=0.0000  avg_len=1.0  min_len=1  ls=[1.4903, 1.4892, 1.4868, 1.4921, 1.4903]
[DT-GP] iter= 22 | dt_loss=0.000416  target_RTG=0.0000  floor=0.0000(active=0)
[DT-GP] iter= 23 | zero_steps=96.8%  mean_RTG=0.1008±0.5429  max_RTG=3.0247  avg_len=1.0  min_len=1  ls=[1.4897, 1.4886, 1.4863, 1.4916, 1.4898]
[DT-GP] iter= 23 | dt_loss=0.001097  target_RTG=3.0247  floor=0.0000(active=0)
[DT-GP] iter= 24 | zero_steps=100.0%  mean_RTG=0.0000±0.0000  max_RTG=0.0000  avg_len=1.0  min_len=1  ls=[1.4889, 1.4879, 1.4857, 1.4909, 1.4893]
[DT-GP] iter= 24 | dt_loss=0.000948  target_RTG=0.6049  floor=0.6049(active=1)
[DT-GP] iter= 25 | zero_steps=100.0%  mean_RTG=0.0000±0.0000  max_RTG=0.0000  avg_len=1.0  min_len=1  ls=[1.4882, 1.4873, 1.4852, 1.4904, 1.4888]
[DT-GP] iter= 25 | dt_loss=0.00118  target_RTG=0.6049  floor=0.6049(active=1)
[DT-GP] iter= 26 | zero_steps=96.8%  mean_RTG=0.0621±0.3343  max_RTG=1.8624  avg_len=1.0  min_len=1  ls=[1.4875, 1.4865, 1.4845, 1.4897, 1.4882]
[DT-GP] iter= 26 | dt_loss=0.000991  target_RTG=1.8624  floor=0.6049(active=0)
[DT-GP] iter= 27 | zero_steps=100.0%  mean_RTG=0.0000±0.0000  max_RTG=0.0000  avg_len=1.0  min_len=1  ls=[1.4868, 1.4859, 1.484, 1.4892, 1.4877]
[DT-GP] iter= 27 | dt_loss=0.000807  target_RTG=0.6049  floor=0.6049(active=1)
[DT-GP] iter= 28 | zero_steps=100.0%  mean_RTG=0.0000±0.0000  max_RTG=0.0000  avg_len=1.0  min_len=1  ls=[1.4861, 1.4852, 1.4833, 1.4884, 1.4871]
[DT-GP] iter= 28 | dt_loss=0.001083  target_RTG=0.6049  floor=0.6049(active=1)
[DT-GP] iter= 29 | zero_steps=100.0%  mean_RTG=0.0000±0.0000  max_RTG=0.0000  avg_len=1.0  min_len=1  ls=[1.4854, 1.4846, 1.4827, 1.4879, 1.4865]
[DT-GP] iter= 29 | dt_loss=0.000718  target_RTG=0.6049  floor=0.6049(active=1)
[DT-GP] iter= 30 | zero_steps=100.0%  mean_RTG=0.0000±0.0000  max_RTG=0.0000  avg_len=1.0  min_len=1  ls=[1.4846, 1.4838, 1.482, 1.4871, 1.4858]
[DT-GP] iter= 30 | dt_loss=0.000557  target_RTG=0.6049  floor=0.6049(active=1)
final best = -8.0367
  [DT-GP-floor01] running... Using device: cpu, dtype: torch.float64
Set random seed: 3
Save directory set to: res
Sampling 10 initial points using 'sobol' method...
Initializing BoTorch GP ensemble...
[DT-GP] iter=  1 | zero_steps=100.0%  mean_RTG=0.0000±0.0000  max_RTG=0.0000  avg_len=1.0  min_len=1  ls=[1.5113, 1.4929, 1.4451, 1.5006, 1.4271]
[DT-GP] iter=  1 | dt_loss=0.014774  target_RTG=0.0000  floor=0.0000(active=0)
[DT-GP] iter=  2 | zero_steps=100.0%  mean_RTG=0.0000±0.0000  max_RTG=0.0000  avg_len=1.0  min_len=1  ls=[1.5062, 1.4937, 1.4712, 1.4738, 1.4596]
[DT-GP] iter=  2 | dt_loss=0.002028  target_RTG=0.0000  floor=0.0000(active=0)
[DT-GP] iter=  3 | zero_steps=100.0%  mean_RTG=0.0000±0.0000  max_RTG=0.0000  avg_len=1.0  min_len=1  ls=[1.5044, 1.4955, 1.4794, 1.4832, 1.4725]
[DT-GP] iter=  3 | dt_loss=0.002239  target_RTG=0.0000  floor=0.0000(active=0)
[DT-GP] iter=  4 | zero_steps=100.0%  mean_RTG=0.0000±0.0000  max_RTG=0.0000  avg_len=1.0  min_len=1  ls=[1.5016, 1.4957, 1.4831, 1.4907, 1.4817]
[DT-GP] iter=  4 | dt_loss=0.003041  target_RTG=0.0000  floor=0.0000(active=0)
[DT-GP] iter=  5 | zero_steps=100.0%  mean_RTG=0.0000±0.0000  max_RTG=0.0000  avg_len=1.0  min_len=1  ls=[1.5016, 1.4968, 1.4864, 1.4941, 1.4862]
[DT-GP] iter=  5 | dt_loss=0.003275  target_RTG=0.0000  floor=0.0000(active=0)
[DT-GP] iter=  6 | zero_steps=100.0%  mean_RTG=0.0000±0.0000  max_RTG=0.0000  avg_len=1.0  min_len=1  ls=[1.5009, 1.4969, 1.4882, 1.4952, 1.4888]
[DT-GP] iter=  6 | dt_loss=0.00119  target_RTG=0.0000  floor=0.0000(active=0)
[DT-GP] iter=  7 | zero_steps=100.0%  mean_RTG=0.0000±0.0000  max_RTG=0.0000  avg_len=1.0  min_len=1  ls=[1.5006, 1.4971, 1.4895, 1.4964, 1.4907]
[DT-GP] iter=  7 | dt_loss=0.001682  target_RTG=0.0000  floor=0.0000(active=0)
[DT-GP] iter=  8 | zero_steps=100.0%  mean_RTG=0.0000±0.0000  max_RTG=0.0000  avg_len=1.0  min_len=1  ls=[1.4999, 1.4968, 1.4902, 1.4967, 1.4918]
[DT-GP] iter=  8 | dt_loss=0.000884  target_RTG=0.0000  floor=0.0000(active=0)
[DT-GP] iter=  9 | zero_steps=100.0%  mean_RTG=0.0000±0.0000  max_RTG=0.0000  avg_len=1.0  min_len=1  ls=[1.4994, 1.4967, 1.4907, 1.4972, 1.4927]
[DT-GP] iter=  9 | dt_loss=0.000942  target_RTG=0.0000  floor=0.0000(active=0)
[DT-GP] iter= 10 | zero_steps=100.0%  mean_RTG=0.0000±0.0000  max_RTG=0.0000  avg_len=1.0  min_len=1  ls=[1.4986, 1.4962, 1.4909, 1.497, 1.4931]
[DT-GP] iter= 10 | dt_loss=0.000951  target_RTG=0.0000  floor=0.0000(active=0)
[DT-GP] iter= 11 | zero_steps=100.0%  mean_RTG=0.0000±0.0000  max_RTG=0.0000  avg_len=1.0  min_len=1  ls=[1.4981, 1.4959, 1.491, 1.4971, 1.4934]
[DT-GP] iter= 11 | dt_loss=0.001194  target_RTG=0.0000  floor=0.0000(active=0)
[DT-GP] iter= 12 | zero_steps=100.0%  mean_RTG=0.0000±0.0000  max_RTG=0.0000  avg_len=1.0  min_len=1  ls=[1.4973, 1.4953, 1.4909, 1.4968, 1.4935]
[DT-GP] iter= 12 | dt_loss=0.000933  target_RTG=0.0000  floor=0.0000(active=0)
[DT-GP] iter= 13 | zero_steps=100.0%  mean_RTG=0.0000±0.0000  max_RTG=0.0000  avg_len=1.0  min_len=1  ls=[1.4968, 1.4949, 1.4908, 1.4966, 1.4935]
[DT-GP] iter= 13 | dt_loss=0.000825  target_RTG=0.0000  floor=0.0000(active=0)
[DT-GP] iter= 14 | zero_steps=100.0%  mean_RTG=0.0000±0.0000  max_RTG=0.0000  avg_len=1.0  min_len=1  ls=[1.496, 1.4942, 1.4904, 1.4962, 1.4933]
[DT-GP] iter= 14 | dt_loss=0.000604  target_RTG=0.0000  floor=0.0000(active=0)
[DT-GP] iter= 15 | zero_steps=100.0%  mean_RTG=0.0000±0.0000  max_RTG=0.0000  avg_len=1.0  min_len=1  ls=[1.4953, 1.4937, 1.4902, 1.4958, 1.4931]
[DT-GP] iter= 15 | dt_loss=0.000449  target_RTG=0.0000  floor=0.0000(active=0)
[DT-GP] iter= 16 | zero_steps=100.0%  mean_RTG=0.0000±0.0000  max_RTG=0.0000  avg_len=1.0  min_len=1  ls=[1.4946, 1.493, 1.4897, 1.4953, 1.4928]
[DT-GP] iter= 16 | dt_loss=0.000676  target_RTG=0.0000  floor=0.0000(active=0)
[DT-GP] iter= 17 | zero_steps=100.0%  mean_RTG=0.0000±0.0000  max_RTG=0.0000  avg_len=1.0  min_len=1  ls=[1.4939, 1.4925, 1.4893, 1.4949, 1.4925]
[DT-GP] iter= 17 | dt_loss=0.000434  target_RTG=0.0000  floor=0.0000(active=0)
[DT-GP] iter= 18 | zero_steps=100.0%  mean_RTG=0.0000±0.0000  max_RTG=0.0000  avg_len=1.0  min_len=1  ls=[1.4932, 1.4918, 1.4889, 1.4943, 1.4921]
[DT-GP] iter= 18 | dt_loss=0.000445  target_RTG=0.0000  floor=0.0000(active=0)
[DT-GP] iter= 19 | zero_steps=100.0%  mean_RTG=0.0000±0.0000  max_RTG=0.0000  avg_len=1.0  min_len=1  ls=[1.4925, 1.4912, 1.4884, 1.4939, 1.4917]
[DT-GP] iter= 19 | dt_loss=0.000539  target_RTG=0.0000  floor=0.0000(active=0)
[DT-GP] iter= 20 | zero_steps=100.0%  mean_RTG=0.0000±0.0000  max_RTG=0.0000  avg_len=1.0  min_len=1  ls=[1.4917, 1.4905, 1.4879, 1.4932, 1.4913]
[DT-GP] iter= 20 | dt_loss=0.000513  target_RTG=0.0000  floor=0.0000(active=0)
[DT-GP] iter= 21 | zero_steps=100.0%  mean_RTG=0.0000±0.0000  max_RTG=0.0000  avg_len=1.0  min_len=1  ls=[1.4911, 1.4899, 1.4874, 1.4928, 1.4908]
[DT-GP] iter= 21 | dt_loss=0.000279  target_RTG=0.0000  floor=0.0000(active=0)
[DT-GP] iter= 22 | zero_steps=100.0%  mean_RTG=0.0000±0.0000  max_RTG=0.0000  avg_len=1.0  min_len=1  ls=[1.4903, 1.4892, 1.4868, 1.4921, 1.4903]
[DT-GP] iter= 22 | dt_loss=0.000416  target_RTG=0.0000  floor=0.0000(active=0)
[DT-GP] iter= 23 | zero_steps=96.8%  mean_RTG=0.1008±0.5429  max_RTG=3.0247  avg_len=1.0  min_len=1  ls=[1.4897, 1.4886, 1.4863, 1.4916, 1.4898]
[DT-GP] iter= 23 | dt_loss=0.001097  target_RTG=3.0247  floor=0.0000(active=0)
[DT-GP] iter= 24 | zero_steps=100.0%  mean_RTG=0.0000±0.0000  max_RTG=0.0000  avg_len=1.0  min_len=1  ls=[1.4889, 1.4879, 1.4857, 1.4909, 1.4893]
[DT-GP] iter= 24 | dt_loss=0.000948  target_RTG=0.3025  floor=0.3025(active=1)
[DT-GP] iter= 25 | zero_steps=100.0%  mean_RTG=0.0000±0.0000  max_RTG=0.0000  avg_len=1.0  min_len=1  ls=[1.4882, 1.4873, 1.4852, 1.4904, 1.4888]
[DT-GP] iter= 25 | dt_loss=0.00118  target_RTG=0.3025  floor=0.3025(active=1)
[DT-GP] iter= 26 | zero_steps=96.8%  mean_RTG=0.0616±0.3315  max_RTG=1.8466  avg_len=1.0  min_len=1  ls=[1.4875, 1.4865, 1.4845, 1.4897, 1.4882]
[DT-GP] iter= 26 | dt_loss=0.000991  target_RTG=1.8466  floor=0.3025(active=0)
[DT-GP] iter= 27 | zero_steps=100.0%  mean_RTG=0.0000±0.0000  max_RTG=0.0000  avg_len=1.0  min_len=1  ls=[1.4868, 1.4859, 1.484, 1.4892, 1.4877]
[DT-GP] iter= 27 | dt_loss=0.000807  target_RTG=0.3025  floor=0.3025(active=1)
[DT-GP] iter= 28 | zero_steps=100.0%  mean_RTG=0.0000±0.0000  max_RTG=0.0000  avg_len=1.0  min_len=1  ls=[1.4861, 1.4852, 1.4833, 1.4884, 1.4871]
[DT-GP] iter= 28 | dt_loss=0.001083  target_RTG=0.3025  floor=0.3025(active=1)
[DT-GP] iter= 29 | zero_steps=100.0%  mean_RTG=0.0000±0.0000  max_RTG=0.0000  avg_len=1.0  min_len=1  ls=[1.4854, 1.4846, 1.4827, 1.4879, 1.4865]
[DT-GP] iter= 29 | dt_loss=0.000717  target_RTG=0.3025  floor=0.3025(active=1)
[DT-GP] iter= 30 | zero_steps=100.0%  mean_RTG=0.0000±0.0000  max_RTG=0.0000  avg_len=1.0  min_len=1  ls=[1.4846, 1.4837, 1.482, 1.4871, 1.4858]
[DT-GP] iter= 30 | dt_loss=0.000462  target_RTG=0.3025  floor=0.3025(active=1)
final best = -7.8018
  [DT-GT-dynamic] running... Using device: cpu, dtype: torch.float64
Set random seed: 3
Save directory set to: res
Sampling 10 initial points using 'sobol' method...
Initializing BoTorch GP ensemble...
[DT-GT] iter=  1 | zero_steps=100.0%  mean_RTG=0.0000±0.0000  max_RTG=0.0000  avg_len=1.0  min_len=1  ls=[1.5113, 1.4929, 1.4451, 1.5006, 1.4271]
[DT-GT] iter=  1 | dt_loss=0.011771  target_RTG=0.0000
[DT-GT] iter=  2 | zero_steps=88.2%  mean_RTG=1.0868±4.2204  max_RTG=22.7171  avg_len=1.1  min_len=1  ls=[1.5062, 1.5027, 1.4725, 1.4741, 1.4597]
[DT-GT] iter=  2 | dt_loss=0.010326  target_RTG=22.7171
[DT-GT] iter=  3 | zero_steps=93.8%  mean_RTG=0.0494±0.2070  max_RTG=1.1022  avg_len=1.1  min_len=1  ls=[1.5045, 1.5053, 1.4806, 1.4835, 1.4728]
[DT-GT] iter=  3 | dt_loss=0.002553  target_RTG=1.1022
[DT-GT] iter=  4 | zero_steps=100.0%  mean_RTG=0.0000±0.0000  max_RTG=0.0000  avg_len=1.0  min_len=1  ls=[1.5025, 1.5074, 1.484, 1.4912, 1.4824]
[DT-GT] iter=  4 | dt_loss=0.002175  target_RTG=0.0000
[DT-GT] iter=  5 | zero_steps=100.0%  mean_RTG=0.0000±0.0000  max_RTG=0.0000  avg_len=1.0  min_len=1  ls=[1.5024, 1.5068, 1.4872, 1.4949, 1.4871]
[DT-GT] iter=  5 | dt_loss=0.001436  target_RTG=0.0000
[DT-GT] iter=  6 | zero_steps=100.0%  mean_RTG=0.0000±0.0000  max_RTG=0.0000  avg_len=1.0  min_len=1  ls=[1.5015, 1.5065, 1.4888, 1.4957, 1.4893]
[DT-GT] iter=  6 | dt_loss=0.001387  target_RTG=0.0000
[DT-GT] iter=  7 | zero_steps=100.0%  mean_RTG=0.0000±0.0000  max_RTG=0.0000  avg_len=1.0  min_len=1  ls=[1.5011, 1.5058, 1.4901, 1.4971, 1.4913]
[DT-GT] iter=  7 | dt_loss=0.001818  target_RTG=0.0000
[DT-GT] iter=  8 | zero_steps=100.0%  mean_RTG=0.0000±0.0000  max_RTG=0.0000  avg_len=1.0  min_len=1  ls=[1.4999, 1.5048, 1.4902, 1.4966, 1.4918]
[DT-GT] iter=  8 | dt_loss=0.000588  target_RTG=0.0000
[DT-GT] iter=  9 | zero_steps=100.0%  mean_RTG=0.0000±0.0000  max_RTG=0.0000  avg_len=1.0  min_len=1  ls=[1.4995, 1.5043, 1.4909, 1.4974, 1.4929]
[DT-GT] iter=  9 | dt_loss=0.000737  target_RTG=0.0000
[DT-GT] iter= 10 | zero_steps=100.0%  mean_RTG=0.0000±0.0000  max_RTG=0.0000  avg_len=1.0  min_len=1  ls=[1.4986, 1.5035, 1.4908, 1.4969, 1.493]
[DT-GT] iter= 10 | dt_loss=0.000978  target_RTG=0.0000
[DT-GT] iter= 11 | zero_steps=100.0%  mean_RTG=0.0000±0.0000  max_RTG=0.0000  avg_len=1.0  min_len=1  ls=[1.4981, 1.5029, 1.4911, 1.4972, 1.4935]
[DT-GT] iter= 11 | dt_loss=0.000778  target_RTG=0.0000
[DT-GT] iter= 12 | zero_steps=100.0%  mean_RTG=0.0000±0.0000  max_RTG=0.0000  avg_len=1.0  min_len=1  ls=[1.4972, 1.5021, 1.4908, 1.4966, 1.4933]
[DT-GT] iter= 12 | dt_loss=0.000937  target_RTG=0.0000
[DT-GT] iter= 13 | zero_steps=100.0%  mean_RTG=0.0000±0.0000  max_RTG=0.0000  avg_len=1.0  min_len=1  ls=[1.4965, 1.5013, 1.4905, 1.4965, 1.4933]
[DT-GT] iter= 13 | dt_loss=0.00082  target_RTG=0.0000
[DT-GT] iter= 14 | zero_steps=100.0%  mean_RTG=0.0000±0.0000  max_RTG=0.0000  avg_len=1.0  min_len=1  ls=[1.4958, 1.5006, 1.4903, 1.4959, 1.4931]
[DT-GT] iter= 14 | dt_loss=0.000525  target_RTG=0.0000
[DT-GT] iter= 15 | zero_steps=100.0%  mean_RTG=0.0000±0.0000  max_RTG=0.0000  avg_len=1.0  min_len=1  ls=[1.495, 1.4997, 1.4898, 1.4955, 1.4928]
[DT-GT] iter= 15 | dt_loss=0.000499  target_RTG=0.0000
[DT-GT] iter= 16 | zero_steps=100.0%  mean_RTG=0.0000±0.0000  max_RTG=0.0000  avg_len=1.0  min_len=1  ls=[1.4943, 1.4991, 1.4895, 1.495, 1.4926]
[DT-GT] iter= 16 | dt_loss=0.000628  target_RTG=0.0000
[DT-GT] iter= 17 | zero_steps=100.0%  mean_RTG=0.0000±0.0000  max_RTG=0.0000  avg_len=1.0  min_len=1  ls=[1.4935, 1.4982, 1.4889, 1.4945, 1.4921]
[DT-GT] iter= 17 | dt_loss=0.000733  target_RTG=0.0000
[DT-GT] iter= 18 | zero_steps=100.0%  mean_RTG=0.0000±0.0000  max_RTG=0.0000  avg_len=1.0  min_len=1  ls=[1.4924, 1.4972, 1.4881, 1.4935, 1.4913]
[DT-GT] iter= 18 | dt_loss=0.000983  target_RTG=0.0000
[DT-GT] iter= 19 | zero_steps=100.0%  mean_RTG=0.0000±0.0000  max_RTG=0.0000  avg_len=1.0  min_len=1  ls=[1.4916, 1.4963, 1.4875, 1.4931, 1.4909]
[DT-GT] iter= 19 | dt_loss=0.000554  target_RTG=0.0000
[DT-GT] iter= 20 | zero_steps=100.0%  mean_RTG=0.0000±0.0000  max_RTG=0.0000  avg_len=1.0  min_len=1  ls=[1.49, 1.4947, 1.4861, 1.4914, 1.4895]
[DT-GT] iter= 20 | dt_loss=0.000614  target_RTG=0.0000
[DT-GT] iter= 21 | zero_steps=100.0%  mean_RTG=0.0000±0.0000  max_RTG=0.0000  avg_len=1.0  min_len=1  ls=[1.4898, 1.4945, 1.4861, 1.4916, 1.4896]
[DT-GT] iter= 21 | dt_loss=0.000697  target_RTG=0.0000
[DT-GT] iter= 22 | zero_steps=100.0%  mean_RTG=0.0000±0.0000  max_RTG=0.0000  avg_len=1.0  min_len=1  ls=[1.4882, 1.493, 1.4848, 1.4899, 1.4882]
[DT-GT] iter= 22 | dt_loss=0.000438  target_RTG=0.0000
[DT-GT] iter= 23 | zero_steps=100.0%  mean_RTG=0.0000±0.0000  max_RTG=0.0000  avg_len=1.0  min_len=1  ls=[1.4881, 1.4928, 1.4847, 1.4901, 1.4883]
[DT-GT] iter= 23 | dt_loss=0.000335  target_RTG=0.0000
[DT-GT] iter= 24 | zero_steps=100.0%  mean_RTG=0.0000±0.0000  max_RTG=0.0000  avg_len=1.0  min_len=1  ls=[1.4866, 1.4912, 1.4834, 1.4885, 1.4869]
[DT-GT] iter= 24 | dt_loss=0.000202  target_RTG=0.0000
[DT-GT] iter= 25 | zero_steps=100.0%  mean_RTG=0.0000±0.0000  max_RTG=0.0000  avg_len=1.0  min_len=1  ls=[1.4863, 1.491, 1.4833, 1.4886, 1.4869]
[DT-GT] iter= 25 | dt_loss=0.000582  target_RTG=0.0000
[DT-GT] iter= 26 | zero_steps=100.0%  mean_RTG=0.0000±0.0000  max_RTG=0.0000  avg_len=1.0  min_len=1  ls=[1.4851, 1.4897, 1.4821, 1.4872, 1.4857]
[DT-GT] iter= 26 | dt_loss=0.000258  target_RTG=0.0000
[DT-GT] iter= 27 | zero_steps=100.0%  mean_RTG=0.0000±0.0000  max_RTG=0.0000  avg_len=1.0  min_len=1  ls=[1.4849, 1.4895, 1.482, 1.4873, 1.4858]
[DT-GT] iter= 27 | dt_loss=0.000524  target_RTG=0.0000
[DT-GT] iter= 28 | zero_steps=100.0%  mean_RTG=0.0000±0.0000  max_RTG=0.0000  avg_len=1.0  min_len=1  ls=[1.4836, 1.4883, 1.4809, 1.4859, 1.4845]
[DT-GT] iter= 28 | dt_loss=0.000413  target_RTG=0.0000
[DT-GT] iter= 29 | zero_steps=100.0%  mean_RTG=0.0000±0.0000  max_RTG=0.0000  avg_len=1.0  min_len=1  ls=[1.4833, 1.488, 1.4807, 1.4859, 1.4845]
[DT-GT] iter= 29 | dt_loss=0.000382  target_RTG=0.0000
[DT-GT] iter= 30 | zero_steps=100.0%  mean_RTG=0.0000±0.0000  max_RTG=0.0000  avg_len=1.0  min_len=1  ls=[1.4822, 1.4868, 1.4796, 1.4846, 1.4833]
[DT-GT] iter= 30 | dt_loss=0.000292  target_RTG=0.0000
final best = -0.8905
  [ckpt] 4/10 saved → res/floored_rtg_dtgp_rosenbrock/floored_rtg_dtgp.ckpt.json

── Trial 5/10  (seed=4) ────────────────────────────────────────
  [DT-GP-floor05] running... Using device: cpu, dtype: torch.float64
Set random seed: 4
Save directory set to: res
Sampling 10 initial points using 'sobol' method...
Initializing BoTorch GP ensemble...
[DT-GP] iter=  1 | zero_steps=36.7%  mean_RTG=608.8379±287.3812  max_RTG=795.9390  avg_len=2.6  min_len=2  ls=[0.1, 1.8681, 1.8313, 1.8097, 1.7169]
[DT-GP] iter=  1 | dt_loss=0.175928  target_RTG=795.9390  floor=0.0000(active=0)
[DT-GP] iter=  2 | zero_steps=38.2%  mean_RTG=552.5871±261.1699  max_RTG=728.2549  avg_len=2.5  min_len=2  ls=[0.1, 1.8526, 1.8377, 1.8291, 1.8193]
[DT-GP] iter=  2 | dt_loss=0.043707  target_RTG=728.2549  floor=397.9695(active=0)
[DT-GP] iter=  3 | zero_steps=34.1%  mean_RTG=245.9771±107.4015  max_RTG=318.0338  avg_len=2.8  min_len=2  ls=[0.1, 1.8535, 1.8427, 1.8353, 1.8278]
[DT-GP] iter=  3 | dt_loss=0.068195  target_RTG=397.9695  floor=397.9695(active=1)
[DT-GP] iter=  4 | zero_steps=37.2%  mean_RTG=228.6082±27.7144  max_RTG=287.3526  avg_len=2.6  min_len=2  ls=[2.2655, 1.8564, 1.8479, 1.8353, 1.8296]
[DT-GP] iter=  4 | dt_loss=0.033022  target_RTG=397.9695  floor=397.9695(active=1)
[DT-GP] iter=  5 | zero_steps=38.4%  mean_RTG=166.3866±7.5314  max_RTG=185.9229  avg_len=2.4  min_len=2  ls=[1.8671, 1.8592, 1.8518, 1.8388, 1.8342]
[DT-GP] iter=  5 | dt_loss=0.009251  target_RTG=397.9695  floor=397.9695(active=1)
[DT-GP] iter=  6 | zero_steps=26.9%  mean_RTG=103.0561±5.4247  max_RTG=112.5136  avg_len=3.1  min_len=2  ls=[1.8536, 1.8585, 1.8521, 1.8402, 1.8363]
[DT-GP] iter=  6 | dt_loss=0.018219  target_RTG=397.9695  floor=397.9695(active=1)
[DT-GP] iter=  7 | zero_steps=35.3%  mean_RTG=49.6101±6.9137  max_RTG=61.7262  avg_len=2.8  min_len=2  ls=[1.8489, 1.8585, 1.853, 1.8421, 1.8388]
[DT-GP] iter=  7 | dt_loss=0.018508  target_RTG=397.9695  floor=397.9695(active=1)
[DT-GP] iter=  8 | zero_steps=36.2%  mean_RTG=18.6367±5.2094  max_RTG=28.8943  avg_len=2.7  min_len=2  ls=[1.8525, 1.858, 1.8531, 1.8427, 1.8397]
[DT-GP] iter=  8 | dt_loss=0.016299  target_RTG=397.9695  floor=397.9695(active=1)
[DT-GP] iter=  9 | zero_steps=78.9%  mean_RTG=1.0436±2.8733  max_RTG=11.9952  avg_len=1.3  min_len=1  ls=[1.8493, 1.858, 1.8537, 1.8441, 1.8415]
[DT-GP] iter=  9 | dt_loss=0.002396  target_RTG=397.9695  floor=397.9695(active=1)
[DT-GP] iter= 10 | zero_steps=96.8%  mean_RTG=0.0687±0.3702  max_RTG=2.0624  avg_len=1.0  min_len=1  ls=[1.8521, 1.8575, 1.8536, 1.844, 1.8417]
[DT-GP] iter= 10 | dt_loss=0.002601  target_RTG=397.9695  floor=397.9695(active=1)
[DT-GP] iter= 11 | zero_steps=100.0%  mean_RTG=0.0000±0.0000  max_RTG=0.0000  avg_len=1.0  min_len=1  ls=[1.8492, 1.8574, 1.8538, 1.8451, 1.8429]
[DT-GP] iter= 11 | dt_loss=0.003544  target_RTG=397.9695  floor=397.9695(active=1)
[DT-GP] iter= 12 | zero_steps=100.0%  mean_RTG=0.0000±0.0000  max_RTG=0.0000  avg_len=1.0  min_len=1  ls=[1.8517, 1.8569, 1.8536, 1.8448, 1.8428]
[DT-GP] iter= 12 | dt_loss=0.003152  target_RTG=397.9695  floor=397.9695(active=1)
[DT-GP] iter= 13 | zero_steps=96.8%  mean_RTG=0.0275±0.1478  max_RTG=0.8236  avg_len=1.0  min_len=1  ls=[1.8489, 1.8567, 1.8537, 1.8456, 1.8438]
[DT-GP] iter= 13 | dt_loss=0.001429  target_RTG=397.9695  floor=397.9695(active=1)
[DT-GP] iter= 14 | zero_steps=100.0%  mean_RTG=0.0000±0.0000  max_RTG=0.0000  avg_len=1.0  min_len=1  ls=[1.8514, 1.8563, 1.8535, 1.8451, 1.8434]
[DT-GP] iter= 14 | dt_loss=0.001781  target_RTG=397.9695  floor=397.9695(active=1)
[DT-GP] iter= 15 | zero_steps=100.0%  mean_RTG=0.0000±0.0000  max_RTG=0.0000  avg_len=1.0  min_len=1  ls=[1.8484, 1.8561, 1.8535, 1.8458, 1.8443]
[DT-GP] iter= 15 | dt_loss=0.001787  target_RTG=397.9695  floor=397.9695(active=1)
[DT-GP] iter= 16 | zero_steps=100.0%  mean_RTG=0.0000±0.0000  max_RTG=0.0000  avg_len=1.0  min_len=1  ls=[1.8509, 1.8557, 1.8532, 1.8452, 1.8437]
[DT-GP] iter= 16 | dt_loss=0.001275  target_RTG=397.9695  floor=397.9695(active=1)
[DT-GP] iter= 17 | zero_steps=100.0%  mean_RTG=0.0000±0.0000  max_RTG=0.0000  avg_len=1.0  min_len=1  ls=[1.8479, 1.8555, 1.8532, 1.8459, 1.8445]
[DT-GP] iter= 17 | dt_loss=0.001756  target_RTG=397.9695  floor=397.9695(active=1)
[DT-GP] iter= 18 | zero_steps=100.0%  mean_RTG=0.0000±0.0000  max_RTG=0.0000  avg_len=1.0  min_len=1  ls=[1.8505, 1.8551, 1.8529, 1.8452, 1.8438]
[DT-GP] iter= 18 | dt_loss=0.002184  target_RTG=397.9695  floor=397.9695(active=1)
[DT-GP] iter= 19 | zero_steps=100.0%  mean_RTG=0.0000±0.0000  max_RTG=0.0000  avg_len=1.0  min_len=1  ls=[1.8474, 1.8548, 1.8528, 1.8458, 1.8446]
[DT-GP] iter= 19 | dt_loss=0.002139  target_RTG=397.9695  floor=397.9695(active=1)
[DT-GP] iter= 20 | zero_steps=100.0%  mean_RTG=0.0000±0.0000  max_RTG=0.0000  avg_len=1.0  min_len=1  ls=[1.8501, 1.8545, 1.8525, 1.845, 1.8438]
[DT-GP] iter= 20 | dt_loss=0.002374  target_RTG=397.9695  floor=397.9695(active=1)
[DT-GP] iter= 21 | zero_steps=100.0%  mean_RTG=0.0000±0.0000  max_RTG=0.0000  avg_len=1.0  min_len=1  ls=[1.8467, 1.8542, 1.8523, 1.8456, 1.8445]
[DT-GP] iter= 21 | dt_loss=0.001605  target_RTG=397.9695  floor=397.9695(active=1)
[DT-GP] iter= 22 | zero_steps=100.0%  mean_RTG=0.0000±0.0000  max_RTG=0.0000  avg_len=1.0  min_len=1  ls=[1.8496, 1.8538, 1.8521, 1.8447, 1.8436]
[DT-GP] iter= 22 | dt_loss=0.001821  target_RTG=397.9695  floor=397.9695(active=1)
[DT-GP] iter= 23 | zero_steps=100.0%  mean_RTG=0.0000±0.0000  max_RTG=0.0000  avg_len=1.0  min_len=1  ls=[1.8461, 1.8536, 1.8519, 1.8454, 1.8444]
[DT-GP] iter= 23 | dt_loss=0.002078  target_RTG=397.9695  floor=397.9695(active=1)
[DT-GP] iter= 24 | zero_steps=100.0%  mean_RTG=0.0000±0.0000  max_RTG=0.0000  avg_len=1.0  min_len=1  ls=[1.8492, 1.8532, 1.8516, 1.8443, 1.8433]
[DT-GP] iter= 24 | dt_loss=0.001743  target_RTG=397.9695  floor=397.9695(active=1)
[DT-GP] iter= 25 | zero_steps=100.0%  mean_RTG=0.0000±0.0000  max_RTG=0.0000  avg_len=1.0  min_len=1  ls=[1.8455, 1.8529, 1.8514, 1.8451, 1.8442]
[DT-GP] iter= 25 | dt_loss=0.001306  target_RTG=397.9695  floor=397.9695(active=1)
[DT-GP] iter= 26 | zero_steps=100.0%  mean_RTG=0.0000±0.0000  max_RTG=0.0000  avg_len=1.0  min_len=1  ls=[1.8488, 1.8526, 1.8511, 1.8439, 1.843]
[DT-GP] iter= 26 | dt_loss=0.002137  target_RTG=397.9695  floor=397.9695(active=1)
[DT-GP] iter= 27 | zero_steps=100.0%  mean_RTG=0.0000±0.0000  max_RTG=0.0000  avg_len=1.0  min_len=1  ls=[1.8448, 1.8523, 1.8509, 1.8448, 1.8439]
[DT-GP] iter= 27 | dt_loss=0.001958  target_RTG=397.9695  floor=397.9695(active=1)
[DT-GP] iter= 28 | zero_steps=100.0%  mean_RTG=0.0000±0.0000  max_RTG=0.0000  avg_len=1.0  min_len=1  ls=[1.8483, 1.852, 1.8506, 1.8435, 1.8426]
[DT-GP] iter= 28 | dt_loss=0.001618  target_RTG=397.9695  floor=397.9695(active=1)
[DT-GP] iter= 29 | zero_steps=100.0%  mean_RTG=0.0000±0.0000  max_RTG=0.0000  avg_len=1.0  min_len=1  ls=[1.8441, 1.8517, 1.8503, 1.8445, 1.8436]
[DT-GP] iter= 29 | dt_loss=0.001675  target_RTG=397.9695  floor=397.9695(active=1)
[DT-GP] iter= 30 | zero_steps=100.0%  mean_RTG=0.0000±0.0000  max_RTG=0.0000  avg_len=1.0  min_len=1  ls=[1.8479, 1.8513, 1.85, 1.843, 1.8422]
[DT-GP] iter= 30 | dt_loss=0.002305  target_RTG=397.9695  floor=397.9695(active=1)
final best = -0.1170
  [DT-GP-floor02] running... Using device: cpu, dtype: torch.float64
Set random seed: 4
Save directory set to: res
Sampling 10 initial points using 'sobol' method...
Initializing BoTorch GP ensemble...
[DT-GP] iter=  1 | zero_steps=36.7%  mean_RTG=608.8379±287.3812  max_RTG=795.9390  avg_len=2.6  min_len=2  ls=[0.1, 1.8681, 1.8313, 1.8097, 1.7169]
[DT-GP] iter=  1 | dt_loss=0.175928  target_RTG=795.9390  floor=0.0000(active=0)
[DT-GP] iter=  2 | zero_steps=38.2%  mean_RTG=552.5871±261.1699  max_RTG=728.2549  avg_len=2.5  min_len=2  ls=[0.1, 1.8526, 1.8377, 1.8291, 1.8193]
[DT-GP] iter=  2 | dt_loss=0.043707  target_RTG=728.2549  floor=159.1878(active=0)
[DT-GP] iter=  3 | zero_steps=34.1%  mean_RTG=245.9771±107.4015  max_RTG=318.0338  avg_len=2.8  min_len=2  ls=[0.1, 1.8535, 1.8427, 1.8353, 1.8278]
[DT-GP] iter=  3 | dt_loss=0.068195  target_RTG=318.0338  floor=159.1878(active=0)
[DT-GP] iter=  4 | zero_steps=35.0%  mean_RTG=236.1145±22.3345  max_RTG=284.4957  avg_len=2.7  min_len=2  ls=[2.2605, 1.8564, 1.8479, 1.8352, 1.8296]
[DT-GP] iter=  4 | dt_loss=0.046617  target_RTG=284.4957  floor=159.1878(active=0)
[DT-GP] iter=  5 | zero_steps=39.0%  mean_RTG=237.2909±4.4929  max_RTG=250.9839  avg_len=2.6  min_len=2  ls=[1.8655, 1.8592, 1.8518, 1.8388, 1.8343]
[DT-GP] iter=  5 | dt_loss=0.010179  target_RTG=250.9839  floor=159.1878(active=0)
[DT-GP] iter=  6 | zero_steps=32.5%  mean_RTG=180.4433±4.7482  max_RTG=187.6968  avg_len=2.8  min_len=2  ls=[1.8556, 1.8587, 1.8523, 1.8404, 1.8365]
[DT-GP] iter=  6 | dt_loss=0.008347  target_RTG=187.6968  floor=159.1878(active=0)
[DT-GP] iter=  7 | zero_steps=32.1%  mean_RTG=121.1288±6.6896  max_RTG=133.5878  avg_len=2.8  min_len=2  ls=[1.8602, 1.8583, 1.8528, 1.8419, 1.8386]
[DT-GP] iter=  7 | dt_loss=0.023862  target_RTG=159.1878  floor=159.1878(active=1)
[DT-GP] iter=  8 | zero_steps=34.1%  mean_RTG=91.1020±5.9578  max_RTG=104.2253  avg_len=2.8  min_len=2  ls=[1.8584, 1.8578, 1.853, 1.8426, 1.8397]
[DT-GP] iter=  8 | dt_loss=0.017261  target_RTG=159.1878  floor=159.1878(active=1)
[DT-GP] iter=  9 | zero_steps=36.2%  mean_RTG=56.9669±5.0357  max_RTG=67.2113  avg_len=2.7  min_len=2  ls=[1.8588, 1.8575, 1.8532, 1.8435, 1.8409]
[DT-GP] iter=  9 | dt_loss=0.023112  target_RTG=159.1878  floor=159.1878(active=1)
[DT-GP] iter= 10 | zero_steps=31.8%  mean_RTG=46.4609±6.1667  max_RTG=60.5896  avg_len=2.8  min_len=2  ls=[1.8577, 1.8572, 1.8533, 1.8439, 1.8415]
[DT-GP] iter= 10 | dt_loss=0.005408  target_RTG=159.1878  floor=159.1878(active=1)
[DT-GP] iter= 11 | zero_steps=37.7%  mean_RTG=37.9524±6.4992  max_RTG=51.3074  avg_len=2.6  min_len=2  ls=[1.8578, 1.8568, 1.8533, 1.8444, 1.8423]
[DT-GP] iter= 11 | dt_loss=0.009293  target_RTG=159.1878  floor=159.1878(active=1)
[DT-GP] iter= 12 | zero_steps=39.0%  mean_RTG=27.9131±7.0639  max_RTG=44.2153  avg_len=2.6  min_len=2  ls=[1.857, 1.8565, 1.8532, 1.8445, 1.8425]
[DT-GP] iter= 12 | dt_loss=0.014409  target_RTG=159.1878  floor=159.1878(active=1)
[DT-GP] iter= 13 | zero_steps=32.9%  mean_RTG=23.5417±6.6465  max_RTG=37.5130  avg_len=2.7  min_len=2  ls=[1.8569, 1.8561, 1.8531, 1.8448, 1.843]
[DT-GP] iter= 13 | dt_loss=0.013309  target_RTG=159.1878  floor=159.1878(active=1)
[DT-GP] iter= 14 | zero_steps=38.2%  mean_RTG=14.8373±6.8931  max_RTG=26.7432  avg_len=2.5  min_len=1  ls=[1.8562, 1.8558, 1.853, 1.8448, 1.8431]
[DT-GP] iter= 14 | dt_loss=0.010661  target_RTG=159.1878  floor=159.1878(active=1)
[DT-GP] iter= 15 | zero_steps=60.0%  mean_RTG=5.2740±6.3271  max_RTG=18.3037  avg_len=1.7  min_len=1  ls=[1.8561, 1.8554, 1.8528, 1.845, 1.8434]
[DT-GP] iter= 15 | dt_loss=0.017683  target_RTG=159.1878  floor=159.1878(active=1)
[DT-GP] iter= 16 | zero_steps=78.9%  mean_RTG=1.5561±3.5735  max_RTG=16.8075  avg_len=1.3  min_len=1  ls=[1.8555, 1.8551, 1.8526, 1.8448, 1.8433]
[DT-GP] iter= 16 | dt_loss=0.01528  target_RTG=159.1878  floor=159.1878(active=1)
[DT-GP] iter= 17 | zero_steps=81.1%  mean_RTG=1.4019±3.1791  max_RTG=10.4801  avg_len=1.2  min_len=1  ls=[1.8554, 1.8548, 1.8525, 1.845, 1.8436]
[DT-GP] iter= 17 | dt_loss=0.010872  target_RTG=159.1878  floor=159.1878(active=1)
[DT-GP] iter= 18 | zero_steps=85.7%  mean_RTG=1.2467±3.5767  max_RTG=17.4684  avg_len=1.2  min_len=1  ls=[1.8549, 1.8545, 1.8523, 1.8448, 1.8435]
[DT-GP] iter= 18 | dt_loss=0.002877  target_RTG=159.1878  floor=159.1878(active=1)
[DT-GP] iter= 19 | zero_steps=96.8%  mean_RTG=0.3308±1.7812  max_RTG=9.9230  avg_len=1.0  min_len=1  ls=[1.8547, 1.8541, 1.8521, 1.8449, 1.8436]
[DT-GP] iter= 19 | dt_loss=0.002207  target_RTG=159.1878  floor=159.1878(active=1)
[DT-GP] iter= 20 | zero_steps=93.8%  mean_RTG=0.4321±2.1237  max_RTG=11.8147  avg_len=1.1  min_len=1  ls=[1.8542, 1.8538, 1.8519, 1.8446, 1.8434]
[DT-GP] iter= 20 | dt_loss=0.002207  target_RTG=159.1878  floor=159.1878(active=1)
[DT-GP] iter= 21 | zero_steps=96.8%  mean_RTG=0.0558±0.3006  max_RTG=1.6746  avg_len=1.0  min_len=1  ls=[1.854, 1.8535, 1.8517, 1.8447, 1.8436]
[DT-GP] iter= 21 | dt_loss=0.003717  target_RTG=159.1878  floor=159.1878(active=1)
[DT-GP] iter= 22 | zero_steps=90.9%  mean_RTG=0.7710±2.9490  max_RTG=15.3210  avg_len=1.1  min_len=1  ls=[1.8535, 1.8532, 1.8514, 1.8444, 1.8433]
[DT-GP] iter= 22 | dt_loss=0.00133  target_RTG=159.1878  floor=159.1878(active=1)
[DT-GP] iter= 23 | zero_steps=96.8%  mean_RTG=0.2564±1.3808  max_RTG=7.6925  avg_len=1.0  min_len=1  ls=[1.8533, 1.8529, 1.8512, 1.8444, 1.8434]
[DT-GP] iter= 23 | dt_loss=0.001059  target_RTG=159.1878  floor=159.1878(active=1)
[DT-GP] iter= 24 | zero_steps=100.0%  mean_RTG=0.0000±0.0000  max_RTG=0.0000  avg_len=1.0  min_len=1  ls=[1.8529, 1.8526, 1.8509, 1.844, 1.843]
[DT-GP] iter= 24 | dt_loss=0.002089  target_RTG=159.1878  floor=159.1878(active=1)
[DT-GP] iter= 25 | zero_steps=96.8%  mean_RTG=0.1037±0.5587  max_RTG=3.1125  avg_len=1.0  min_len=1  ls=[1.8527, 1.8523, 1.8507, 1.8441, 1.8432]
[DT-GP] iter= 25 | dt_loss=0.001698  target_RTG=159.1878  floor=159.1878(active=1)
[DT-GP] iter= 26 | zero_steps=96.8%  mean_RTG=0.1182±0.6366  max_RTG=3.5465  avg_len=1.0  min_len=1  ls=[1.8522, 1.8519, 1.8504, 1.8437, 1.8427]
[DT-GP] iter= 26 | dt_loss=0.001576  target_RTG=159.1878  floor=159.1878(active=1)
[DT-GP] iter= 27 | zero_steps=100.0%  mean_RTG=0.0000±0.0000  max_RTG=0.0000  avg_len=1.0  min_len=1  ls=[1.852, 1.8516, 1.8502, 1.8437, 1.8429]
[DT-GP] iter= 27 | dt_loss=0.001072  target_RTG=159.1878  floor=159.1878(active=1)
[DT-GP] iter= 28 | zero_steps=100.0%  mean_RTG=0.0000±0.0000  max_RTG=0.0000  avg_len=1.0  min_len=1  ls=[1.8516, 1.8513, 1.8499, 1.8432, 1.8424]
[DT-GP] iter= 28 | dt_loss=0.001005  target_RTG=159.1878  floor=159.1878(active=1)
[DT-GP] iter= 29 | zero_steps=96.8%  mean_RTG=0.0919±0.4946  max_RTG=2.7555  avg_len=1.0  min_len=1  ls=[1.8513, 1.851, 1.8497, 1.8433, 1.8425]
[DT-GP] iter= 29 | dt_loss=0.001438  target_RTG=159.1878  floor=159.1878(active=1)
[DT-GP] iter= 30 | zero_steps=96.8%  mean_RTG=0.3684±1.9839  max_RTG=11.0521  avg_len=1.0  min_len=1  ls=[1.8509, 1.8507, 1.8494, 1.8428, 1.842]
[DT-GP] iter= 30 | dt_loss=0.000902  target_RTG=159.1878  floor=159.1878(active=1)
final best = -9.2017
  [DT-GP-floor01] running... Using device: cpu, dtype: torch.float64
Set random seed: 4
Save directory set to: res
Sampling 10 initial points using 'sobol' method...
Initializing BoTorch GP ensemble...
[DT-GP] iter=  1 | zero_steps=36.7%  mean_RTG=608.8379±287.3812  max_RTG=795.9390  avg_len=2.6  min_len=2  ls=[0.1, 1.8681, 1.8313, 1.8097, 1.7169]
[DT-GP] iter=  1 | dt_loss=0.175928  target_RTG=795.9390  floor=0.0000(active=0)
[DT-GP] iter=  2 | zero_steps=38.2%  mean_RTG=552.5871±261.1699  max_RTG=728.2549  avg_len=2.5  min_len=2  ls=[0.1, 1.8526, 1.8377, 1.8291, 1.8193]
[DT-GP] iter=  2 | dt_loss=0.043707  target_RTG=728.2549  floor=79.5939(active=0)
[DT-GP] iter=  3 | zero_steps=34.1%  mean_RTG=245.9771±107.4015  max_RTG=318.0338  avg_len=2.8  min_len=2  ls=[0.1, 1.8535, 1.8427, 1.8353, 1.8278]
[DT-GP] iter=  3 | dt_loss=0.068195  target_RTG=318.0338  floor=79.5939(active=0)
[DT-GP] iter=  4 | zero_steps=35.0%  mean_RTG=236.1145±22.3345  max_RTG=284.4957  avg_len=2.7  min_len=2  ls=[2.2605, 1.8564, 1.8479, 1.8352, 1.8296]
[DT-GP] iter=  4 | dt_loss=0.046617  target_RTG=284.4957  floor=79.5939(active=0)
[DT-GP] iter=  5 | zero_steps=39.0%  mean_RTG=237.2909±4.4929  max_RTG=250.9839  avg_len=2.6  min_len=2  ls=[1.8655, 1.8592, 1.8518, 1.8388, 1.8343]
[DT-GP] iter=  5 | dt_loss=0.010179  target_RTG=250.9839  floor=79.5939(active=0)
[DT-GP] iter=  6 | zero_steps=32.5%  mean_RTG=180.4433±4.7482  max_RTG=187.6968  avg_len=2.8  min_len=2  ls=[1.8556, 1.8587, 1.8523, 1.8404, 1.8365]
[DT-GP] iter=  6 | dt_loss=0.008347  target_RTG=187.6968  floor=79.5939(active=0)
[DT-GP] iter=  7 | zero_steps=32.1%  mean_RTG=121.1288±6.6896  max_RTG=133.5878  avg_len=2.8  min_len=2  ls=[1.8602, 1.8583, 1.8528, 1.8419, 1.8386]
[DT-GP] iter=  7 | dt_loss=0.023862  target_RTG=133.5878  floor=79.5939(active=0)
[DT-GP] iter=  8 | zero_steps=34.9%  mean_RTG=90.3387±5.8679  max_RTG=103.4998  avg_len=2.8  min_len=2  ls=[1.8583, 1.8578, 1.853, 1.8426, 1.8397]
[DT-GP] iter=  8 | dt_loss=0.022049  target_RTG=103.4998  floor=79.5939(active=0)
[DT-GP] iter=  9 | zero_steps=36.2%  mean_RTG=60.5569±4.9054  max_RTG=69.1201  avg_len=2.7  min_len=2  ls=[1.8587, 1.8574, 1.8531, 1.8434, 1.8408]
[DT-GP] iter=  9 | dt_loss=0.058045  target_RTG=79.5939  floor=79.5939(active=1)
[DT-GP] iter= 10 | zero_steps=28.7%  mean_RTG=46.0499±6.8724  max_RTG=67.0605  avg_len=2.9  min_len=2  ls=[1.8576, 1.8571, 1.8532, 1.8438, 1.8414]
[DT-GP] iter= 10 | dt_loss=0.035747  target_RTG=79.5939  floor=79.5939(active=1)
[DT-GP] iter= 11 | zero_steps=34.6%  mean_RTG=39.3034±6.1400  max_RTG=50.1223  avg_len=2.7  min_len=2  ls=[1.8578, 1.8567, 1.8532, 1.8444, 1.8422]
[DT-GP] iter= 11 | dt_loss=0.014983  target_RTG=79.5939  floor=79.5939(active=1)
[DT-GP] iter= 12 | zero_steps=40.0%  mean_RTG=30.9169±7.5434  max_RTG=45.8580  avg_len=2.5  min_len=2  ls=[1.8569, 1.8564, 1.8531, 1.8445, 1.8425]
[DT-GP] iter= 12 | dt_loss=0.011178  target_RTG=79.5939  floor=79.5939(active=1)
[DT-GP] iter= 13 | zero_steps=33.7%  mean_RTG=25.8657±7.2027  max_RTG=42.2574  avg_len=2.8  min_len=2  ls=[1.8569, 1.856, 1.8531, 1.8448, 1.843]
[DT-GP] iter= 13 | dt_loss=0.006595  target_RTG=79.5939  floor=79.5939(active=1)
[DT-GP] iter= 14 | zero_steps=38.2%  mean_RTG=11.9066±6.4181  max_RTG=23.8320  avg_len=2.5  min_len=1  ls=[1.8562, 1.8557, 1.8529, 1.8447, 1.843]
[DT-GP] iter= 14 | dt_loss=0.011135  target_RTG=79.5939  floor=79.5939(active=1)
[DT-GP] iter= 15 | zero_steps=56.6%  mean_RTG=7.5095±7.9434  max_RTG=22.4448  avg_len=1.8  min_len=1  ls=[1.8561, 1.8554, 1.8528, 1.845, 1.8434]
[DT-GP] iter= 15 | dt_loss=0.022107  target_RTG=79.5939  floor=79.5939(active=1)
[DT-GP] iter= 16 | zero_steps=62.5%  mean_RTG=3.1264±4.6432  max_RTG=19.0732  avg_len=1.6  min_len=1  ls=[1.8555, 1.855, 1.8526, 1.8448, 1.8433]
[DT-GP] iter= 16 | dt_loss=0.03634  target_RTG=79.5939  floor=79.5939(active=1)
[DT-GP] iter= 17 | zero_steps=78.9%  mean_RTG=2.0705±3.9573  max_RTG=12.2596  avg_len=1.3  min_len=1  ls=[1.8553, 1.8547, 1.8524, 1.845, 1.8436]
[DT-GP] iter= 17 | dt_loss=0.037177  target_RTG=79.5939  floor=79.5939(active=1)
[DT-GP] iter= 18 | zero_steps=85.7%  mean_RTG=0.7433±2.8939  max_RTG=16.0432  avg_len=1.2  min_len=1  ls=[1.8548, 1.8544, 1.8522, 1.8447, 1.8434]
[DT-GP] iter= 18 | dt_loss=0.007071  target_RTG=79.5939  floor=79.5939(active=1)
[DT-GP] iter= 19 | zero_steps=93.8%  mean_RTG=0.7489±3.8173  max_RTG=21.2733  avg_len=1.1  min_len=1  ls=[1.8546, 1.8541, 1.852, 1.8448, 1.8436]
[DT-GP] iter= 19 | dt_loss=0.012708  target_RTG=79.5939  floor=79.5939(active=1)
[DT-GP] iter= 20 | zero_steps=96.8%  mean_RTG=0.3975±2.1408  max_RTG=11.9260  avg_len=1.0  min_len=1  ls=[1.8541, 1.8538, 1.8518, 1.8445, 1.8433]
[DT-GP] iter= 20 | dt_loss=0.003981  target_RTG=79.5939  floor=79.5939(active=1)
[DT-GP] iter= 21 | zero_steps=96.8%  mean_RTG=0.1569±0.8449  max_RTG=4.7070  avg_len=1.0  min_len=1  ls=[1.8539, 1.8534, 1.8516, 1.8446, 1.8435]
[DT-GP] iter= 21 | dt_loss=0.009939  target_RTG=79.5939  floor=79.5939(active=1)
[DT-GP] iter= 22 | zero_steps=90.9%  mean_RTG=0.3529±1.3007  max_RTG=6.7083  avg_len=1.1  min_len=1  ls=[1.8535, 1.8531, 1.8514, 1.8443, 1.8432]
[DT-GP] iter= 22 | dt_loss=0.004002  target_RTG=79.5939  floor=79.5939(active=1)
[DT-GP] iter= 23 | zero_steps=85.7%  mean_RTG=0.8514±2.1835  max_RTG=8.5223  avg_len=1.2  min_len=1  ls=[1.8532, 1.8528, 1.8511, 1.8443, 1.8433]
[DT-GP] iter= 23 | dt_loss=0.002854  target_RTG=79.5939  floor=79.5939(active=1)
[DT-GP] iter= 24 | zero_steps=100.0%  mean_RTG=0.0000±0.0000  max_RTG=0.0000  avg_len=1.0  min_len=1  ls=[1.8528, 1.8525, 1.8509, 1.8439, 1.8429]
[DT-GP] iter= 24 | dt_loss=0.001841  target_RTG=79.5939  floor=79.5939(active=1)
[DT-GP] iter= 25 | zero_steps=96.8%  mean_RTG=0.0525±0.2826  max_RTG=1.5741  avg_len=1.0  min_len=1  ls=[1.8526, 1.8522, 1.8506, 1.844, 1.8431]
[DT-GP] iter= 25 | dt_loss=0.001545  target_RTG=79.5939  floor=79.5939(active=1)
[DT-GP] iter= 26 | zero_steps=90.9%  mean_RTG=0.5247±1.9385  max_RTG=8.4213  avg_len=1.1  min_len=1  ls=[1.8522, 1.8519, 1.8504, 1.8436, 1.8426]
[DT-GP] iter= 26 | dt_loss=0.002861  target_RTG=79.5939  floor=79.5939(active=1)
[DT-GP] iter= 27 | zero_steps=100.0%  mean_RTG=0.0000±0.0000  max_RTG=0.0000  avg_len=1.0  min_len=1  ls=[1.8519, 1.8515, 1.8501, 1.8436, 1.8428]
[DT-GP] iter= 27 | dt_loss=0.001489  target_RTG=79.5939  floor=79.5939(active=1)
[DT-GP] iter= 28 | zero_steps=100.0%  mean_RTG=0.0000±0.0000  max_RTG=0.0000  avg_len=1.0  min_len=1  ls=[1.8515, 1.8512, 1.8498, 1.8432, 1.8423]
[DT-GP] iter= 28 | dt_loss=0.001619  target_RTG=79.5939  floor=79.5939(active=1)
[DT-GP] iter= 29 | zero_steps=96.8%  mean_RTG=0.0014±0.0074  max_RTG=0.0413  avg_len=1.0  min_len=1  ls=[1.8513, 1.8509, 1.8496, 1.8432, 1.8425]
[DT-GP] iter= 29 | dt_loss=0.005172  target_RTG=79.5939  floor=79.5939(active=1)
[DT-GP] iter= 30 | zero_steps=96.8%  mean_RTG=0.0727±0.3917  max_RTG=2.1818  avg_len=1.0  min_len=1  ls=[1.8509, 1.8506, 1.8493, 1.8427, 1.8419]
[DT-GP] iter= 30 | dt_loss=0.001615  target_RTG=79.5939  floor=79.5939(active=1)
final best = -9.2017
  [DT-GT-dynamic] running... Using device: cpu, dtype: torch.float64
Set random seed: 4
Save directory set to: res
Sampling 10 initial points using 'sobol' method...
Initializing BoTorch GP ensemble...
[DT-GT] iter=  1 | zero_steps=100.0%  mean_RTG=0.0000±0.0000  max_RTG=0.0000  avg_len=1.0  min_len=1  ls=[0.1, 1.8681, 1.8313, 1.8097, 1.7169]
[DT-GT] iter=  1 | dt_loss=0.02593  target_RTG=0.0000
[DT-GT] iter=  2 | zero_steps=100.0%  mean_RTG=0.0000±0.0000  max_RTG=0.0000  avg_len=1.0  min_len=1  ls=[2.2935, 1.8655, 1.8494, 1.8433, 1.8275]
[DT-GT] iter=  2 | dt_loss=0.005948  target_RTG=0.0000
[DT-GT] iter=  3 | zero_steps=100.0%  mean_RTG=0.0000±0.0000  max_RTG=0.0000  avg_len=1.0  min_len=1  ls=[1.8939, 1.8656, 1.854, 1.8495, 1.8394]
[DT-GT] iter=  3 | dt_loss=0.004683  target_RTG=0.0000
[DT-GT] iter=  4 | zero_steps=100.0%  mean_RTG=0.0000±0.0000  max_RTG=0.0000  avg_len=1.0  min_len=1  ls=[1.8694, 1.8664, 1.8555, 1.8518, 1.8462]
[DT-GT] iter=  4 | dt_loss=0.002649  target_RTG=0.0000
[DT-GT] iter=  5 | zero_steps=100.0%  mean_RTG=0.0000±0.0000  max_RTG=0.0000  avg_len=1.0  min_len=1  ls=[1.8688, 1.8675, 1.8594, 1.8563, 1.8507]
[DT-GT] iter=  5 | dt_loss=0.001538  target_RTG=0.0000
[DT-GT] iter=  6 | zero_steps=100.0%  mean_RTG=0.0000±0.0000  max_RTG=0.0000  avg_len=1.0  min_len=1  ls=[1.8699, 1.8679, 1.8604, 1.8578, 1.8539]
[DT-GT] iter=  6 | dt_loss=0.003553  target_RTG=0.0000
[DT-GT] iter=  7 | zero_steps=100.0%  mean_RTG=0.0000±0.0000  max_RTG=0.0000  avg_len=1.0  min_len=1  ls=[1.8694, 1.8685, 1.8626, 1.8603, 1.8562]
[DT-GT] iter=  7 | dt_loss=0.002304  target_RTG=0.0000
[DT-GT] iter=  8 | zero_steps=100.0%  mean_RTG=0.0000±0.0000  max_RTG=0.0000  avg_len=1.0  min_len=1  ls=[1.87, 1.8685, 1.8628, 1.8607, 1.8578]
[DT-GT] iter=  8 | dt_loss=0.001383  target_RTG=0.0000
[DT-GT] iter=  9 | zero_steps=100.0%  mean_RTG=0.0000±0.0000  max_RTG=0.0000  avg_len=1.0  min_len=1  ls=[1.8695, 1.8688, 1.8642, 1.8625, 1.8592]
[DT-GT] iter=  9 | dt_loss=0.001573  target_RTG=0.0000
[DT-GT] iter= 10 | zero_steps=100.0%  mean_RTG=0.0000±0.0000  max_RTG=0.0000  avg_len=1.0  min_len=1  ls=[1.8697, 1.8684, 1.8638, 1.8621, 1.8598]
[DT-GT] iter= 10 | dt_loss=0.00176  target_RTG=0.0000
[DT-GT] iter= 11 | zero_steps=100.0%  mean_RTG=0.0000±0.0000  max_RTG=0.0000  avg_len=1.0  min_len=1  ls=[1.8691, 1.8686, 1.8649, 1.8635, 1.8608]
[DT-GT] iter= 11 | dt_loss=0.001531  target_RTG=0.0000
[DT-GT] iter= 12 | zero_steps=100.0%  mean_RTG=0.0000±0.0000  max_RTG=0.0000  avg_len=1.0  min_len=1  ls=[1.8691, 1.868, 1.8641, 1.8627, 1.8608]
[DT-GT] iter= 12 | dt_loss=0.000933  target_RTG=0.0000
[DT-GT] iter= 13 | zero_steps=100.0%  mean_RTG=0.0000±0.0000  max_RTG=0.0000  avg_len=1.0  min_len=1  ls=[1.8685, 1.8681, 1.8651, 1.8638, 1.8615]
[DT-GT] iter= 13 | dt_loss=0.001586  target_RTG=0.0000
[DT-GT] iter= 14 | zero_steps=100.0%  mean_RTG=0.0000±0.0000  max_RTG=0.0000  avg_len=1.0  min_len=1  ls=[1.8682, 1.8672, 1.8638, 1.8627, 1.8611]
[DT-GT] iter= 14 | dt_loss=0.000859  target_RTG=0.0000
[DT-GT] iter= 15 | zero_steps=100.0%  mean_RTG=0.0000±0.0000  max_RTG=0.0000  avg_len=1.0  min_len=1  ls=[1.8677, 1.8675, 1.8648, 1.8638, 1.8617]
[DT-GT] iter= 15 | dt_loss=0.001119  target_RTG=0.0000
[DT-GT] iter= 16 | zero_steps=100.0%  mean_RTG=0.0000±0.0000  max_RTG=0.0000  avg_len=1.0  min_len=1  ls=[1.8677, 1.8667, 1.8638, 1.8627, 1.8614]
[DT-GT] iter= 16 | dt_loss=0.001052  target_RTG=0.0000
[DT-GT] iter= 17 | zero_steps=100.0%  mean_RTG=0.0000±0.0000  max_RTG=0.0000  avg_len=1.0  min_len=1  ls=[1.8669, 1.8667, 1.8644, 1.8635, 1.8616]
[DT-GT] iter= 17 | dt_loss=0.000647  target_RTG=0.0000
[DT-GT] iter= 18 | zero_steps=100.0%  mean_RTG=0.0000±0.0000  max_RTG=0.0000  avg_len=1.0  min_len=1  ls=[1.8671, 1.8662, 1.8635, 1.8626, 1.8615]
[DT-GT] iter= 18 | dt_loss=0.001225  target_RTG=0.0000
[DT-GT] iter= 19 | zero_steps=100.0%  mean_RTG=0.0000±0.0000  max_RTG=0.0000  avg_len=1.0  min_len=1  ls=[1.866, 1.866, 1.864, 1.8632, 1.8614]
[DT-GT] iter= 19 | dt_loss=0.000527  target_RTG=0.0000
[DT-GT] iter= 20 | zero_steps=100.0%  mean_RTG=0.0000±0.0000  max_RTG=0.0000  avg_len=1.0  min_len=1  ls=[1.8664, 1.8654, 1.863, 1.8622, 1.8612]
[DT-GT] iter= 20 | dt_loss=0.000611  target_RTG=0.0000
[DT-GT] iter= 21 | zero_steps=100.0%  mean_RTG=0.0000±0.0000  max_RTG=0.0000  avg_len=1.0  min_len=1  ls=[1.8653, 1.8653, 1.8635, 1.8628, 1.8612]
[DT-GT] iter= 21 | dt_loss=0.000338  target_RTG=0.0000
[DT-GT] iter= 22 | zero_steps=100.0%  mean_RTG=0.0000±0.0000  max_RTG=0.0000  avg_len=1.0  min_len=1  ls=[1.8656, 1.8646, 1.8624, 1.8616, 1.8608]
[DT-GT] iter= 22 | dt_loss=0.000441  target_RTG=0.0000
[DT-GT] iter= 23 | zero_steps=100.0%  mean_RTG=0.0000±0.0000  max_RTG=0.0000  avg_len=1.0  min_len=1  ls=[1.8645, 1.8646, 1.8631, 1.8624, 1.8608]
[DT-GT] iter= 23 | dt_loss=0.00049  target_RTG=0.0000
[DT-GT] iter= 24 | zero_steps=100.0%  mean_RTG=0.0000±0.0000  max_RTG=0.0000  avg_len=1.0  min_len=1  ls=[1.8649, 1.8639, 1.8618, 1.8611, 1.8605]
[DT-GT] iter= 24 | dt_loss=0.000228  target_RTG=0.0000
[DT-GT] iter= 25 | zero_steps=100.0%  mean_RTG=0.0000±0.0000  max_RTG=0.0000  avg_len=1.0  min_len=1  ls=[1.8637, 1.8639, 1.8626, 1.8619, 1.8604]
[DT-GT] iter= 25 | dt_loss=0.000302  target_RTG=0.0000
[DT-GT] iter= 26 | zero_steps=100.0%  mean_RTG=0.0000±0.0000  max_RTG=0.0000  avg_len=1.0  min_len=1  ls=[1.8643, 1.8633, 1.8612, 1.8606, 1.8601]
[DT-GT] iter= 26 | dt_loss=0.000422  target_RTG=0.0000
[DT-GT] iter= 27 | zero_steps=100.0%  mean_RTG=0.0000±0.0000  max_RTG=0.0000  avg_len=1.0  min_len=1  ls=[1.8629, 1.8632, 1.8621, 1.8615, 1.86]
[DT-GT] iter= 27 | dt_loss=0.000431  target_RTG=0.0000
[DT-GT] iter= 28 | zero_steps=100.0%  mean_RTG=0.0000±0.0000  max_RTG=0.0000  avg_len=1.0  min_len=1  ls=[1.8636, 1.8626, 1.8606, 1.86, 1.8597]
[DT-GT] iter= 28 | dt_loss=0.000238  target_RTG=0.0000
[DT-GT] iter= 29 | zero_steps=100.0%  mean_RTG=0.0000±0.0000  max_RTG=0.0000  avg_len=1.0  min_len=1  ls=[1.8622, 1.8626, 1.8617, 1.8611, 1.8596]
[DT-GT] iter= 29 | dt_loss=0.000328  target_RTG=0.0000
[DT-GT] iter= 30 | zero_steps=100.0%  mean_RTG=0.0000±0.0000  max_RTG=0.0000  avg_len=1.0  min_len=1  ls=[1.8631, 1.862, 1.8601, 1.8595, 1.8593]
[DT-GT] iter= 30 | dt_loss=0.000223  target_RTG=0.0000
final best = -31.5212
  [ckpt] 5/10 saved → res/floored_rtg_dtgp_rosenbrock/floored_rtg_dtgp.ckpt.json

── Trial 6/10  (seed=5) ────────────────────────────────────────
  [DT-GP-floor05] running... Using device: cpu, dtype: torch.float64
Set random seed: 5
Save directory set to: res
Sampling 10 initial points using 'sobol' method...
Initializing BoTorch GP ensemble...
[DT-GP] iter=  1 | zero_steps=33.8%  mean_RTG=352.0655±58.0052  max_RTG=423.9588  avg_len=2.6  min_len=2  ls=[0.1, 1.2646, 1.2511, 1.0255, 1.1758]
[DT-GP] iter=  1 | dt_loss=1.769426  target_RTG=423.9588  floor=0.0000(active=0)
[DT-GP] iter=  2 | zero_steps=35.4%  mean_RTG=812.7993±263.4794  max_RTG=1016.0463  avg_len=2.6  min_len=2  ls=[0.1, 1.5783, 1.5666, 1.6122, 1.5523]
[DT-GP] iter=  2 | dt_loss=1.064777  target_RTG=1016.0463  floor=211.9794(active=0)
[DT-GP] iter=  3 | zero_steps=32.5%  mean_RTG=825.0794±282.6375  max_RTG=997.6961  avg_len=2.8  min_len=2  ls=[0.9873, 1.6017, 1.5916, 1.5845, 1.5808]
[DT-GP] iter=  3 | dt_loss=0.007518  target_RTG=997.6961  floor=508.0232(active=0)
[DT-GP] iter=  4 | zero_steps=36.4%  mean_RTG=978.1013±17.4917  max_RTG=1003.4843  avg_len=2.6  min_len=2  ls=[1.6333, 1.596, 1.5893, 1.5868, 1.5809]
[DT-GP] iter=  4 | dt_loss=0.006512  target_RTG=1003.4843  floor=508.0232(active=0)
[DT-GP] iter=  5 | zero_steps=35.4%  mean_RTG=970.0592±16.7138  max_RTG=998.9448  avg_len=2.7  min_len=2  ls=[1.5967, 1.5952, 1.5888, 1.5843, 1.5818]
[DT-GP] iter=  5 | dt_loss=0.004179  target_RTG=998.9448  floor=508.0232(active=0)
[DT-GP] iter=  6 | zero_steps=34.5%  mean_RTG=969.7839±13.5227  max_RTG=992.9120  avg_len=2.8  min_len=2  ls=[1.5963, 1.5925, 1.5878, 1.586, 1.582]
[DT-GP] iter=  6 | dt_loss=0.004541  target_RTG=992.9120  floor=508.0232(active=0)
[DT-GP] iter=  7 | zero_steps=35.7%  mean_RTG=965.2788±12.1792  max_RTG=987.5113  avg_len=2.8  min_len=2  ls=[1.5935, 1.5924, 1.5877, 1.5845, 1.5826]
[DT-GP] iter=  7 | dt_loss=0.003118  target_RTG=987.5113  floor=508.0232(active=0)
[DT-GP] iter=  8 | zero_steps=31.0%  mean_RTG=964.1224±10.5681  max_RTG=980.9951  avg_len=2.8  min_len=2  ls=[1.5934, 1.5906, 1.587, 1.5856, 1.5826]
[DT-GP] iter=  8 | dt_loss=0.002157  target_RTG=980.9951  floor=508.0232(active=0)
[DT-GP] iter=  9 | zero_steps=39.0%  mean_RTG=960.6361±9.8349  max_RTG=980.4024  avg_len=2.6  min_len=2  ls=[1.5915, 1.5905, 1.5869, 1.5844, 1.5829]
[DT-GP] iter=  9 | dt_loss=0.002097  target_RTG=980.4024  floor=508.0232(active=0)
[DT-GP] iter= 10 | zero_steps=37.2%  mean_RTG=958.0030±11.5829  max_RTG=979.6071  avg_len=2.6  min_len=2  ls=[1.5915, 1.5892, 1.5863, 1.5852, 1.5827]
[DT-GP] iter= 10 | dt_loss=0.002228  target_RTG=979.6071  floor=508.0232(active=0)
[DT-GP] iter= 11 | zero_steps=33.3%  mean_RTG=957.1271±11.3239  max_RTG=978.9954  avg_len=2.8  min_len=2  ls=[1.59, 1.5892, 1.5862, 1.5841, 1.5828]
[DT-GP] iter= 11 | dt_loss=0.002806  target_RTG=978.9954  floor=508.0232(active=0)
[DT-GP] iter= 12 | zero_steps=37.7%  mean_RTG=952.2635±12.1170  max_RTG=971.7645  avg_len=2.6  min_len=2  ls=[1.59, 1.5881, 1.5857, 1.5847, 1.5826]
[DT-GP] iter= 12 | dt_loss=0.003882  target_RTG=971.7645  floor=508.0232(active=0)
[DT-GP] iter= 13 | zero_steps=33.7%  mean_RTG=950.1603±11.6339  max_RTG=972.0913  avg_len=2.8  min_len=2  ls=[1.5887, 1.588, 1.5855, 1.5837, 1.5826]
[DT-GP] iter= 13 | dt_loss=0.002751  target_RTG=972.0913  floor=508.0232(active=0)
[DT-GP] iter= 14 | zero_steps=36.2%  mean_RTG=948.0395±11.8893  max_RTG=976.7626  avg_len=2.7  min_len=2  ls=[1.5887, 1.587, 1.585, 1.5841, 1.5824]
[DT-GP] iter= 14 | dt_loss=0.002061  target_RTG=976.7626  floor=508.0232(active=0)
[DT-GP] iter= 15 | zero_steps=38.5%  mean_RTG=944.6595±10.5562  max_RTG=962.4442  avg_len=2.6  min_len=2  ls=[1.5875, 1.587, 1.5848, 1.5832, 1.5823]
[DT-GP] iter= 15 | dt_loss=0.002865  target_RTG=962.4442  floor=508.0232(active=0)
[DT-GP] iter= 16 | zero_steps=34.9%  mean_RTG=944.0332±10.1842  max_RTG=964.5102  avg_len=2.8  min_len=2  ls=[1.5875, 1.5861, 1.5843, 1.5836, 1.582]
[DT-GP] iter= 16 | dt_loss=0.001851  target_RTG=964.5102  floor=508.0232(active=0)
[DT-GP] iter= 17 | zero_steps=39.5%  mean_RTG=937.8688±9.7027  max_RTG=958.4851  avg_len=2.5  min_len=2  ls=[1.5865, 1.586, 1.584, 1.5827, 1.5819]
[DT-GP] iter= 17 | dt_loss=0.002227  target_RTG=958.4851  floor=508.0232(active=0)
[DT-GP] iter= 18 | zero_steps=34.5%  mean_RTG=937.0045±13.7469  max_RTG=974.3510  avg_len=2.8  min_len=2  ls=[1.5865, 1.5851, 1.5835, 1.5829, 1.5815]
[DT-GP] iter= 18 | dt_loss=0.002275  target_RTG=974.3510  floor=508.0232(active=0)
[DT-GP] iter= 19 | zero_steps=35.7%  mean_RTG=937.8327±10.5493  max_RTG=963.7180  avg_len=2.8  min_len=2  ls=[1.5854, 1.5851, 1.5833, 1.5821, 1.5814]
[DT-GP] iter= 19 | dt_loss=0.002775  target_RTG=963.7180  floor=508.0232(active=0)
[DT-GP] iter= 20 | zero_steps=37.2%  mean_RTG=931.4317±11.3735  max_RTG=948.9809  avg_len=2.6  min_len=2  ls=[1.5854, 1.5842, 1.5828, 1.5822, 1.581]
[DT-GP] iter= 20 | dt_loss=0.001494  target_RTG=948.9809  floor=508.0232(active=0)
[DT-GP] iter= 21 | zero_steps=37.7%  mean_RTG=925.7638±10.0714  max_RTG=954.3049  avg_len=2.6  min_len=2  ls=[1.5844, 1.5841, 1.5825, 1.5814, 1.5808]
[DT-GP] iter= 21 | dt_loss=0.00514  target_RTG=954.3049  floor=508.0232(active=0)
[DT-GP] iter= 22 | zero_steps=36.7%  mean_RTG=920.9858±10.5669  max_RTG=937.0806  avg_len=2.6  min_len=2  ls=[1.5844, 1.5833, 1.582, 1.5815, 1.5803]
[DT-GP] iter= 22 | dt_loss=0.001813  target_RTG=937.0806  floor=508.0232(active=0)
[DT-GP] iter= 23 | zero_steps=35.0%  mean_RTG=919.1933±9.6706  max_RTG=934.1385  avg_len=2.7  min_len=2  ls=[1.5834, 1.5832, 1.5817, 1.5806, 1.5801]
[DT-GP] iter= 23 | dt_loss=0.002536  target_RTG=934.1385  floor=508.0232(active=0)
[DT-GP] iter= 24 | zero_steps=41.1%  mean_RTG=915.9014±12.4312  max_RTG=940.7238  avg_len=2.4  min_len=2  ls=[1.5834, 1.5823, 1.5812, 1.5808, 1.5796]
[DT-GP] iter= 24 | dt_loss=0.003837  target_RTG=940.7238  floor=508.0232(active=0)
[DT-GP] iter= 25 | zero_steps=41.1%  mean_RTG=913.9342±11.5060  max_RTG=940.7193  avg_len=2.4  min_len=2  ls=[1.5824, 1.5822, 1.5808, 1.5798, 1.5794]
[DT-GP] iter= 25 | dt_loss=0.001515  target_RTG=940.7193  floor=508.0232(active=0)
[DT-GP] iter= 26 | zero_steps=35.0%  mean_RTG=910.9112±12.3030  max_RTG=939.2312  avg_len=2.7  min_len=2  ls=[1.5824, 1.5813, 1.5803, 1.5799, 1.5789]
[DT-GP] iter= 26 | dt_loss=0.002625  target_RTG=939.2312  floor=508.0232(active=0)
[DT-GP] iter= 27 | zero_steps=34.6%  mean_RTG=907.4077±15.4771  max_RTG=939.7004  avg_len=2.7  min_len=2  ls=[1.5814, 1.5812, 1.5799, 1.579, 1.5786]
[DT-GP] iter= 27 | dt_loss=0.002382  target_RTG=939.7004  floor=508.0232(active=0)
[DT-GP] iter= 28 | zero_steps=38.5%  mean_RTG=899.1660±11.0427  max_RTG=924.0194  avg_len=2.6  min_len=2  ls=[1.5813, 1.5803, 1.5794, 1.5791, 1.5781]
[DT-GP] iter= 28 | dt_loss=0.001067  target_RTG=924.0194  floor=508.0232(active=0)
[DT-GP] iter= 29 | zero_steps=38.2%  mean_RTG=900.3904±13.7261  max_RTG=930.1343  avg_len=2.5  min_len=2  ls=[1.5803, 1.5802, 1.579, 1.5781, 1.5777]
[DT-GP] iter= 29 | dt_loss=0.004233  target_RTG=930.1343  floor=508.0232(active=0)
[DT-GP] iter= 30 | zero_steps=34.9%  mean_RTG=891.2941±11.7639  max_RTG=914.1125  avg_len=2.9  min_len=2  ls=[1.5803, 1.5793, 1.5784, 1.5782, 1.5772]
[DT-GP] iter= 30 | dt_loss=0.001946  target_RTG=914.1125  floor=508.0232(active=0)
final best = -302.3913
  [DT-GP-floor02] running... Using device: cpu, dtype: torch.float64
Set random seed: 5
Save directory set to: res
Sampling 10 initial points using 'sobol' method...
Initializing BoTorch GP ensemble...
[DT-GP] iter=  1 | zero_steps=33.8%  mean_RTG=352.0655±58.0052  max_RTG=423.9588  avg_len=2.6  min_len=2  ls=[0.1, 1.2646, 1.2511, 1.0255, 1.1758]
[DT-GP] iter=  1 | dt_loss=1.769426  target_RTG=423.9588  floor=0.0000(active=0)
[DT-GP] iter=  2 | zero_steps=35.4%  mean_RTG=812.7993±263.4794  max_RTG=1016.0463  avg_len=2.6  min_len=2  ls=[0.1, 1.5783, 1.5666, 1.6122, 1.5523]
[DT-GP] iter=  2 | dt_loss=1.064777  target_RTG=1016.0463  floor=84.7918(active=0)
[DT-GP] iter=  3 | zero_steps=32.5%  mean_RTG=825.0794±282.6375  max_RTG=997.6961  avg_len=2.8  min_len=2  ls=[0.9873, 1.6017, 1.5916, 1.5845, 1.5808]
[DT-GP] iter=  3 | dt_loss=0.007518  target_RTG=997.6961  floor=203.2093(active=0)
[DT-GP] iter=  4 | zero_steps=36.4%  mean_RTG=978.1013±17.4917  max_RTG=1003.4843  avg_len=2.6  min_len=2  ls=[1.6333, 1.596, 1.5893, 1.5868, 1.5809]
[DT-GP] iter=  4 | dt_loss=0.006512  target_RTG=1003.4843  floor=203.2093(active=0)
[DT-GP] iter=  5 | zero_steps=35.4%  mean_RTG=970.0592±16.7138  max_RTG=998.9448  avg_len=2.7  min_len=2  ls=[1.5967, 1.5952, 1.5888, 1.5843, 1.5818]
[DT-GP] iter=  5 | dt_loss=0.004179  target_RTG=998.9448  floor=203.2093(active=0)
[DT-GP] iter=  6 | zero_steps=34.5%  mean_RTG=969.7839±13.5227  max_RTG=992.9120  avg_len=2.8  min_len=2  ls=[1.5963, 1.5925, 1.5878, 1.586, 1.582]
[DT-GP] iter=  6 | dt_loss=0.004541  target_RTG=992.9120  floor=203.2093(active=0)
[DT-GP] iter=  7 | zero_steps=35.7%  mean_RTG=965.2788±12.1792  max_RTG=987.5113  avg_len=2.8  min_len=2  ls=[1.5935, 1.5924, 1.5877, 1.5845, 1.5826]
[DT-GP] iter=  7 | dt_loss=0.003118  target_RTG=987.5113  floor=203.2093(active=0)
[DT-GP] iter=  8 | zero_steps=31.0%  mean_RTG=964.1224±10.5681  max_RTG=980.9951  avg_len=2.8  min_len=2  ls=[1.5934, 1.5906, 1.587, 1.5856, 1.5826]
[DT-GP] iter=  8 | dt_loss=0.002157  target_RTG=980.9951  floor=203.2093(active=0)
[DT-GP] iter=  9 | zero_steps=39.0%  mean_RTG=960.6361±9.8349  max_RTG=980.4024  avg_len=2.6  min_len=2  ls=[1.5915, 1.5905, 1.5869, 1.5844, 1.5829]
[DT-GP] iter=  9 | dt_loss=0.002097  target_RTG=980.4024  floor=203.2093(active=0)
[DT-GP] iter= 10 | zero_steps=37.2%  mean_RTG=958.0030±11.5829  max_RTG=979.6071  avg_len=2.6  min_len=2  ls=[1.5915, 1.5892, 1.5863, 1.5852, 1.5827]
[DT-GP] iter= 10 | dt_loss=0.002228  target_RTG=979.6071  floor=203.2093(active=0)
[DT-GP] iter= 11 | zero_steps=33.3%  mean_RTG=957.1271±11.3239  max_RTG=978.9954  avg_len=2.8  min_len=2  ls=[1.59, 1.5892, 1.5862, 1.5841, 1.5828]
[DT-GP] iter= 11 | dt_loss=0.002806  target_RTG=978.9954  floor=203.2093(active=0)
[DT-GP] iter= 12 | zero_steps=37.7%  mean_RTG=952.2635±12.1170  max_RTG=971.7645  avg_len=2.6  min_len=2  ls=[1.59, 1.5881, 1.5857, 1.5847, 1.5826]
[DT-GP] iter= 12 | dt_loss=0.003882  target_RTG=971.7645  floor=203.2093(active=0)
[DT-GP] iter= 13 | zero_steps=33.7%  mean_RTG=950.1603±11.6339  max_RTG=972.0913  avg_len=2.8  min_len=2  ls=[1.5887, 1.588, 1.5855, 1.5837, 1.5826]
[DT-GP] iter= 13 | dt_loss=0.002751  target_RTG=972.0913  floor=203.2093(active=0)
[DT-GP] iter= 14 | zero_steps=36.2%  mean_RTG=948.0395±11.8893  max_RTG=976.7626  avg_len=2.7  min_len=2  ls=[1.5887, 1.587, 1.585, 1.5841, 1.5824]
[DT-GP] iter= 14 | dt_loss=0.002061  target_RTG=976.7626  floor=203.2093(active=0)
[DT-GP] iter= 15 | zero_steps=38.5%  mean_RTG=944.6595±10.5562  max_RTG=962.4442  avg_len=2.6  min_len=2  ls=[1.5875, 1.587, 1.5848, 1.5832, 1.5823]
[DT-GP] iter= 15 | dt_loss=0.002865  target_RTG=962.4442  floor=203.2093(active=0)
[DT-GP] iter= 16 | zero_steps=34.9%  mean_RTG=944.0332±10.1842  max_RTG=964.5102  avg_len=2.8  min_len=2  ls=[1.5875, 1.5861, 1.5843, 1.5836, 1.582]
[DT-GP] iter= 16 | dt_loss=0.001851  target_RTG=964.5102  floor=203.2093(active=0)
[DT-GP] iter= 17 | zero_steps=39.5%  mean_RTG=937.8688±9.7027  max_RTG=958.4851  avg_len=2.5  min_len=2  ls=[1.5865, 1.586, 1.584, 1.5827, 1.5819]
[DT-GP] iter= 17 | dt_loss=0.002227  target_RTG=958.4851  floor=203.2093(active=0)
[DT-GP] iter= 18 | zero_steps=34.5%  mean_RTG=937.0045±13.7469  max_RTG=974.3510  avg_len=2.8  min_len=2  ls=[1.5865, 1.5851, 1.5835, 1.5829, 1.5815]
[DT-GP] iter= 18 | dt_loss=0.002275  target_RTG=974.3510  floor=203.2093(active=0)
[DT-GP] iter= 19 | zero_steps=35.7%  mean_RTG=937.8327±10.5493  max_RTG=963.7180  avg_len=2.8  min_len=2  ls=[1.5854, 1.5851, 1.5833, 1.5821, 1.5814]
[DT-GP] iter= 19 | dt_loss=0.002775  target_RTG=963.7180  floor=203.2093(active=0)
[DT-GP] iter= 20 | zero_steps=37.2%  mean_RTG=931.4317±11.3735  max_RTG=948.9809  avg_len=2.6  min_len=2  ls=[1.5854, 1.5842, 1.5828, 1.5822, 1.581]
[DT-GP] iter= 20 | dt_loss=0.001494  target_RTG=948.9809  floor=203.2093(active=0)
[DT-GP] iter= 21 | zero_steps=37.7%  mean_RTG=925.7638±10.0714  max_RTG=954.3049  avg_len=2.6  min_len=2  ls=[1.5844, 1.5841, 1.5825, 1.5814, 1.5808]
[DT-GP] iter= 21 | dt_loss=0.00514  target_RTG=954.3049  floor=203.2093(active=0)
[DT-GP] iter= 22 | zero_steps=36.7%  mean_RTG=920.9858±10.5669  max_RTG=937.0806  avg_len=2.6  min_len=2  ls=[1.5844, 1.5833, 1.582, 1.5815, 1.5803]
[DT-GP] iter= 22 | dt_loss=0.001813  target_RTG=937.0806  floor=203.2093(active=0)
[DT-GP] iter= 23 | zero_steps=35.0%  mean_RTG=919.1933±9.6706  max_RTG=934.1385  avg_len=2.7  min_len=2  ls=[1.5834, 1.5832, 1.5817, 1.5806, 1.5801]
[DT-GP] iter= 23 | dt_loss=0.002536  target_RTG=934.1385  floor=203.2093(active=0)
[DT-GP] iter= 24 | zero_steps=41.1%  mean_RTG=915.9014±12.4312  max_RTG=940.7238  avg_len=2.4  min_len=2  ls=[1.5834, 1.5823, 1.5812, 1.5808, 1.5796]
[DT-GP] iter= 24 | dt_loss=0.003837  target_RTG=940.7238  floor=203.2093(active=0)
[DT-GP] iter= 25 | zero_steps=41.1%  mean_RTG=913.9342±11.5060  max_RTG=940.7193  avg_len=2.4  min_len=2  ls=[1.5824, 1.5822, 1.5808, 1.5798, 1.5794]
[DT-GP] iter= 25 | dt_loss=0.001515  target_RTG=940.7193  floor=203.2093(active=0)
[DT-GP] iter= 26 | zero_steps=35.0%  mean_RTG=910.9112±12.3030  max_RTG=939.2312  avg_len=2.7  min_len=2  ls=[1.5824, 1.5813, 1.5803, 1.5799, 1.5789]
[DT-GP] iter= 26 | dt_loss=0.002625  target_RTG=939.2312  floor=203.2093(active=0)
[DT-GP] iter= 27 | zero_steps=34.6%  mean_RTG=907.4077±15.4771  max_RTG=939.7004  avg_len=2.7  min_len=2  ls=[1.5814, 1.5812, 1.5799, 1.579, 1.5786]
[DT-GP] iter= 27 | dt_loss=0.002382  target_RTG=939.7004  floor=203.2093(active=0)
[DT-GP] iter= 28 | zero_steps=38.5%  mean_RTG=899.1660±11.0427  max_RTG=924.0194  avg_len=2.6  min_len=2  ls=[1.5813, 1.5803, 1.5794, 1.5791, 1.5781]
[DT-GP] iter= 28 | dt_loss=0.001067  target_RTG=924.0194  floor=203.2093(active=0)
[DT-GP] iter= 29 | zero_steps=38.2%  mean_RTG=900.3904±13.7261  max_RTG=930.1343  avg_len=2.5  min_len=2  ls=[1.5803, 1.5802, 1.579, 1.5781, 1.5777]
[DT-GP] iter= 29 | dt_loss=0.004233  target_RTG=930.1343  floor=203.2093(active=0)
[DT-GP] iter= 30 | zero_steps=34.9%  mean_RTG=891.2941±11.7639  max_RTG=914.1125  avg_len=2.9  min_len=2  ls=[1.5803, 1.5793, 1.5784, 1.5782, 1.5772]
[DT-GP] iter= 30 | dt_loss=0.001946  target_RTG=914.1125  floor=203.2093(active=0)
final best = -302.3913
  [DT-GP-floor01] running... Using device: cpu, dtype: torch.float64
Set random seed: 5
Save directory set to: res
Sampling 10 initial points using 'sobol' method...
Initializing BoTorch GP ensemble...
[DT-GP] iter=  1 | zero_steps=33.8%  mean_RTG=352.0655±58.0052  max_RTG=423.9588  avg_len=2.6  min_len=2  ls=[0.1, 1.2646, 1.2511, 1.0255, 1.1758]
[DT-GP] iter=  1 | dt_loss=1.769426  target_RTG=423.9588  floor=0.0000(active=0)
[DT-GP] iter=  2 | zero_steps=35.4%  mean_RTG=812.7993±263.4794  max_RTG=1016.0463  avg_len=2.6  min_len=2  ls=[0.1, 1.5783, 1.5666, 1.6122, 1.5523]
[DT-GP] iter=  2 | dt_loss=1.064777  target_RTG=1016.0463  floor=42.3959(active=0)
[DT-GP] iter=  3 | zero_steps=32.5%  mean_RTG=825.0794±282.6375  max_RTG=997.6961  avg_len=2.8  min_len=2  ls=[0.9873, 1.6017, 1.5916, 1.5845, 1.5808]
[DT-GP] iter=  3 | dt_loss=0.007518  target_RTG=997.6961  floor=101.6046(active=0)
[DT-GP] iter=  4 | zero_steps=36.4%  mean_RTG=978.1013±17.4917  max_RTG=1003.4843  avg_len=2.6  min_len=2  ls=[1.6333, 1.596, 1.5893, 1.5868, 1.5809]
[DT-GP] iter=  4 | dt_loss=0.006512  target_RTG=1003.4843  floor=101.6046(active=0)
[DT-GP] iter=  5 | zero_steps=35.4%  mean_RTG=970.0592±16.7138  max_RTG=998.9448  avg_len=2.7  min_len=2  ls=[1.5967, 1.5952, 1.5888, 1.5843, 1.5818]
[DT-GP] iter=  5 | dt_loss=0.004179  target_RTG=998.9448  floor=101.6046(active=0)
[DT-GP] iter=  6 | zero_steps=34.5%  mean_RTG=969.7839±13.5227  max_RTG=992.9120  avg_len=2.8  min_len=2  ls=[1.5963, 1.5925, 1.5878, 1.586, 1.582]
[DT-GP] iter=  6 | dt_loss=0.004541  target_RTG=992.9120  floor=101.6046(active=0)
[DT-GP] iter=  7 | zero_steps=35.7%  mean_RTG=965.2788±12.1792  max_RTG=987.5113  avg_len=2.8  min_len=2  ls=[1.5935, 1.5924, 1.5877, 1.5845, 1.5826]
[DT-GP] iter=  7 | dt_loss=0.003118  target_RTG=987.5113  floor=101.6046(active=0)
[DT-GP] iter=  8 | zero_steps=31.0%  mean_RTG=964.1224±10.5681  max_RTG=980.9951  avg_len=2.8  min_len=2  ls=[1.5934, 1.5906, 1.587, 1.5856, 1.5826]
[DT-GP] iter=  8 | dt_loss=0.002157  target_RTG=980.9951  floor=101.6046(active=0)
[DT-GP] iter=  9 | zero_steps=39.0%  mean_RTG=960.6361±9.8349  max_RTG=980.4024  avg_len=2.6  min_len=2  ls=[1.5915, 1.5905, 1.5869, 1.5844, 1.5829]
[DT-GP] iter=  9 | dt_loss=0.002097  target_RTG=980.4024  floor=101.6046(active=0)
[DT-GP] iter= 10 | zero_steps=37.2%  mean_RTG=958.0030±11.5829  max_RTG=979.6071  avg_len=2.6  min_len=2  ls=[1.5915, 1.5892, 1.5863, 1.5852, 1.5827]
[DT-GP] iter= 10 | dt_loss=0.002228  target_RTG=979.6071  floor=101.6046(active=0)
[DT-GP] iter= 11 | zero_steps=33.3%  mean_RTG=957.1271±11.3239  max_RTG=978.9954  avg_len=2.8  min_len=2  ls=[1.59, 1.5892, 1.5862, 1.5841, 1.5828]
[DT-GP] iter= 11 | dt_loss=0.002806  target_RTG=978.9954  floor=101.6046(active=0)
[DT-GP] iter= 12 | zero_steps=37.7%  mean_RTG=952.2635±12.1170  max_RTG=971.7645  avg_len=2.6  min_len=2  ls=[1.59, 1.5881, 1.5857, 1.5847, 1.5826]
[DT-GP] iter= 12 | dt_loss=0.003882  target_RTG=971.7645  floor=101.6046(active=0)
[DT-GP] iter= 13 | zero_steps=33.7%  mean_RTG=950.1603±11.6339  max_RTG=972.0913  avg_len=2.8  min_len=2  ls=[1.5887, 1.588, 1.5855, 1.5837, 1.5826]
[DT-GP] iter= 13 | dt_loss=0.002751  target_RTG=972.0913  floor=101.6046(active=0)
[DT-GP] iter= 14 | zero_steps=36.2%  mean_RTG=948.0395±11.8893  max_RTG=976.7626  avg_len=2.7  min_len=2  ls=[1.5887, 1.587, 1.585, 1.5841, 1.5824]
[DT-GP] iter= 14 | dt_loss=0.002061  target_RTG=976.7626  floor=101.6046(active=0)
[DT-GP] iter= 15 | zero_steps=38.5%  mean_RTG=944.6595±10.5562  max_RTG=962.4442  avg_len=2.6  min_len=2  ls=[1.5875, 1.587, 1.5848, 1.5832, 1.5823]
[DT-GP] iter= 15 | dt_loss=0.002865  target_RTG=962.4442  floor=101.6046(active=0)
[DT-GP] iter= 16 | zero_steps=34.9%  mean_RTG=944.0332±10.1842  max_RTG=964.5102  avg_len=2.8  min_len=2  ls=[1.5875, 1.5861, 1.5843, 1.5836, 1.582]
[DT-GP] iter= 16 | dt_loss=0.001851  target_RTG=964.5102  floor=101.6046(active=0)
[DT-GP] iter= 17 | zero_steps=39.5%  mean_RTG=937.8688±9.7027  max_RTG=958.4851  avg_len=2.5  min_len=2  ls=[1.5865, 1.586, 1.584, 1.5827, 1.5819]
[DT-GP] iter= 17 | dt_loss=0.002227  target_RTG=958.4851  floor=101.6046(active=0)
[DT-GP] iter= 18 | zero_steps=34.5%  mean_RTG=937.0045±13.7469  max_RTG=974.3510  avg_len=2.8  min_len=2  ls=[1.5865, 1.5851, 1.5835, 1.5829, 1.5815]
[DT-GP] iter= 18 | dt_loss=0.002275  target_RTG=974.3510  floor=101.6046(active=0)
[DT-GP] iter= 19 | zero_steps=35.7%  mean_RTG=937.8327±10.5493  max_RTG=963.7180  avg_len=2.8  min_len=2  ls=[1.5854, 1.5851, 1.5833, 1.5821, 1.5814]
[DT-GP] iter= 19 | dt_loss=0.002775  target_RTG=963.7180  floor=101.6046(active=0)
[DT-GP] iter= 20 | zero_steps=37.2%  mean_RTG=931.4317±11.3735  max_RTG=948.9809  avg_len=2.6  min_len=2  ls=[1.5854, 1.5842, 1.5828, 1.5822, 1.581]
[DT-GP] iter= 20 | dt_loss=0.001494  target_RTG=948.9809  floor=101.6046(active=0)
[DT-GP] iter= 21 | zero_steps=37.7%  mean_RTG=925.7638±10.0714  max_RTG=954.3049  avg_len=2.6  min_len=2  ls=[1.5844, 1.5841, 1.5825, 1.5814, 1.5808]
[DT-GP] iter= 21 | dt_loss=0.00514  target_RTG=954.3049  floor=101.6046(active=0)
[DT-GP] iter= 22 | zero_steps=36.7%  mean_RTG=920.9858±10.5669  max_RTG=937.0806  avg_len=2.6  min_len=2  ls=[1.5844, 1.5833, 1.582, 1.5815, 1.5803]
[DT-GP] iter= 22 | dt_loss=0.001813  target_RTG=937.0806  floor=101.6046(active=0)
[DT-GP] iter= 23 | zero_steps=35.0%  mean_RTG=919.1933±9.6706  max_RTG=934.1385  avg_len=2.7  min_len=2  ls=[1.5834, 1.5832, 1.5817, 1.5806, 1.5801]
[DT-GP] iter= 23 | dt_loss=0.002536  target_RTG=934.1385  floor=101.6046(active=0)
[DT-GP] iter= 24 | zero_steps=41.1%  mean_RTG=915.9014±12.4312  max_RTG=940.7238  avg_len=2.4  min_len=2  ls=[1.5834, 1.5823, 1.5812, 1.5808, 1.5796]
[DT-GP] iter= 24 | dt_loss=0.003837  target_RTG=940.7238  floor=101.6046(active=0)
[DT-GP] iter= 25 | zero_steps=41.1%  mean_RTG=913.9342±11.5060  max_RTG=940.7193  avg_len=2.4  min_len=2  ls=[1.5824, 1.5822, 1.5808, 1.5798, 1.5794]
[DT-GP] iter= 25 | dt_loss=0.001515  target_RTG=940.7193  floor=101.6046(active=0)
[DT-GP] iter= 26 | zero_steps=35.0%  mean_RTG=910.9112±12.3030  max_RTG=939.2312  avg_len=2.7  min_len=2  ls=[1.5824, 1.5813, 1.5803, 1.5799, 1.5789]
[DT-GP] iter= 26 | dt_loss=0.002625  target_RTG=939.2312  floor=101.6046(active=0)
[DT-GP] iter= 27 | zero_steps=34.6%  mean_RTG=907.4077±15.4771  max_RTG=939.7004  avg_len=2.7  min_len=2  ls=[1.5814, 1.5812, 1.5799, 1.579, 1.5786]
[DT-GP] iter= 27 | dt_loss=0.002382  target_RTG=939.7004  floor=101.6046(active=0)
[DT-GP] iter= 28 | zero_steps=38.5%  mean_RTG=899.1660±11.0427  max_RTG=924.0194  avg_len=2.6  min_len=2  ls=[1.5813, 1.5803, 1.5794, 1.5791, 1.5781]
[DT-GP] iter= 28 | dt_loss=0.001067  target_RTG=924.0194  floor=101.6046(active=0)
[DT-GP] iter= 29 | zero_steps=38.2%  mean_RTG=900.3904±13.7261  max_RTG=930.1343  avg_len=2.5  min_len=2  ls=[1.5803, 1.5802, 1.579, 1.5781, 1.5777]
[DT-GP] iter= 29 | dt_loss=0.004233  target_RTG=930.1343  floor=101.6046(active=0)
[DT-GP] iter= 30 | zero_steps=34.9%  mean_RTG=891.2941±11.7639  max_RTG=914.1125  avg_len=2.9  min_len=2  ls=[1.5803, 1.5793, 1.5784, 1.5782, 1.5772]
[DT-GP] iter= 30 | dt_loss=0.001946  target_RTG=914.1125  floor=101.6046(active=0)
final best = -302.3913
  [DT-GT-dynamic] running... Using device: cpu, dtype: torch.float64
Set random seed: 5
Save directory set to: res
Sampling 10 initial points using 'sobol' method...
Initializing BoTorch GP ensemble...
[DT-GT] iter=  1 | zero_steps=88.2%  mean_RTG=29.6848±89.0556  max_RTG=298.2722  avg_len=1.1  min_len=1  ls=[0.1, 1.2646, 1.2511, 1.0255, 1.1758]
[DT-GT] iter=  1 | dt_loss=1.438239  target_RTG=298.2722
[DT-GT] iter=  2 | zero_steps=96.8%  mean_RTG=0.1331±0.7169  max_RTG=3.9936  avg_len=1.0  min_len=1  ls=[0.1, 1.2642, 1.2573, 1.2384, 1.2421]
[DT-GT] iter=  2 | dt_loss=0.048011  target_RTG=3.9936
[DT-GT] iter=  3 | zero_steps=96.8%  mean_RTG=0.6229±3.3542  max_RTG=18.6855  avg_len=1.0  min_len=1  ls=[0.1, 1.2641, 1.2586, 1.248, 1.2522]
[DT-GT] iter=  3 | dt_loss=0.023799  target_RTG=18.6855
[DT-GT] iter=  4 | zero_steps=93.8%  mean_RTG=1.8546±9.9871  max_RTG=55.6369  avg_len=1.1  min_len=1  ls=[0.1001, 1.2854, 1.2662, 1.2623, 1.2612]
[DT-GT] iter=  4 | dt_loss=1.933415  target_RTG=55.6369
[DT-GT] iter=  5 | zero_steps=100.0%  mean_RTG=0.0000±0.0000  max_RTG=0.0000  avg_len=1.0  min_len=1  ls=[0.1001, 1.248, 1.2418, 1.2375, 1.2323]
[DT-GT] iter=  5 | dt_loss=0.031684  target_RTG=0.0000
[DT-GT] iter=  6 | zero_steps=100.0%  mean_RTG=0.0000±0.0000  max_RTG=0.0000  avg_len=1.0  min_len=1  ls=[1.1382, 1.2431, 1.2458, 1.2422, 1.2384]
[DT-GT] iter=  6 | dt_loss=0.004481  target_RTG=0.0000
[DT-GT] iter=  7 | zero_steps=100.0%  mean_RTG=0.0000±0.0000  max_RTG=0.0000  avg_len=1.0  min_len=1  ls=[1.2485, 1.2446, 1.2447, 1.2414, 1.2378]
[DT-GT] iter=  7 | dt_loss=0.003953  target_RTG=0.0000
[DT-GT] iter=  8 | zero_steps=100.0%  mean_RTG=0.0000±0.0000  max_RTG=0.0000  avg_len=1.0  min_len=1  ls=[1.2451, 1.2429, 1.2458, 1.243, 1.2401]
[DT-GT] iter=  8 | dt_loss=0.002426  target_RTG=0.0000
[DT-GT] iter=  9 | zero_steps=100.0%  mean_RTG=0.0000±0.0000  max_RTG=0.0000  avg_len=1.0  min_len=1  ls=[1.2461, 1.2433, 1.2442, 1.2417, 1.2388]
[DT-GT] iter=  9 | dt_loss=0.006296  target_RTG=0.0000
[DT-GT] iter= 10 | zero_steps=100.0%  mean_RTG=0.0000±0.0000  max_RTG=0.0000  avg_len=1.0  min_len=1  ls=[1.2427, 1.2408, 1.2437, 1.2415, 1.2392]
[DT-GT] iter= 10 | dt_loss=0.005155  target_RTG=0.0000
[DT-GT] iter= 11 | zero_steps=100.0%  mean_RTG=0.0000±0.0000  max_RTG=0.0000  avg_len=1.0  min_len=1  ls=[1.2426, 1.2404, 1.242, 1.2398, 1.2375]
[DT-GT] iter= 11 | dt_loss=0.001583  target_RTG=0.0000
[DT-GT] iter= 12 | zero_steps=100.0%  mean_RTG=0.0000±0.0000  max_RTG=0.0000  avg_len=1.0  min_len=1  ls=[1.2401, 1.2385, 1.2416, 1.2397, 1.2378]
[DT-GT] iter= 12 | dt_loss=0.001091  target_RTG=0.0000
[DT-GT] iter= 13 | zero_steps=100.0%  mean_RTG=0.0000±0.0000  max_RTG=0.0000  avg_len=1.0  min_len=1  ls=[1.2397, 1.2378, 1.2397, 1.2379, 1.2359]
[DT-GT] iter= 13 | dt_loss=0.001614  target_RTG=0.0000
[DT-GT] iter= 14 | zero_steps=100.0%  mean_RTG=0.0000±0.0000  max_RTG=0.0000  avg_len=1.0  min_len=1  ls=[1.2375, 1.2361, 1.2394, 1.2377, 1.2361]
[DT-GT] iter= 14 | dt_loss=0.000772  target_RTG=0.0000
[DT-GT] iter= 15 | zero_steps=100.0%  mean_RTG=0.0000±0.0000  max_RTG=0.0000  avg_len=1.0  min_len=1  ls=[1.2369, 1.2353, 1.2374, 1.2358, 1.2341]
[DT-GT] iter= 15 | dt_loss=0.000892  target_RTG=0.0000
[DT-GT] iter= 16 | zero_steps=100.0%  mean_RTG=0.0000±0.0000  max_RTG=0.0000  avg_len=1.0  min_len=1  ls=[1.2349, 1.2337, 1.237, 1.2356, 1.2343]
[DT-GT] iter= 16 | dt_loss=0.000895  target_RTG=0.0000
[DT-GT] iter= 17 | zero_steps=100.0%  mean_RTG=0.0000±0.0000  max_RTG=0.0000  avg_len=1.0  min_len=1  ls=[1.2341, 1.2327, 1.235, 1.2336, 1.232]
[DT-GT] iter= 17 | dt_loss=0.001731  target_RTG=0.0000
[DT-GT] iter= 18 | zero_steps=100.0%  mean_RTG=0.0000±0.0000  max_RTG=0.0000  avg_len=1.0  min_len=1  ls=[1.2292, 1.228, 1.2308, 1.2296, 1.2285]
[DT-GT] iter= 18 | dt_loss=0.000726  target_RTG=0.0000
[DT-GT] iter= 19 | zero_steps=100.0%  mean_RTG=0.0000±0.0000  max_RTG=0.0000  avg_len=1.0  min_len=1  ls=[1.2279, 1.2268, 1.2299, 1.2287, 1.2273]
[DT-GT] iter= 19 | dt_loss=0.000837  target_RTG=0.0000
[DT-GT] iter= 20 | zero_steps=100.0%  mean_RTG=0.0000±0.0000  max_RTG=0.0000  avg_len=1.0  min_len=1  ls=[1.2248, 1.2238, 1.2264, 1.2253, 1.2244]
[DT-GT] iter= 20 | dt_loss=0.00049  target_RTG=0.0000
[DT-GT] iter= 21 | zero_steps=100.0%  mean_RTG=0.0000±0.0000  max_RTG=0.0000  avg_len=1.0  min_len=1  ls=[1.2236, 1.2226, 1.2262, 1.2251, 1.2237]
[DT-GT] iter= 21 | dt_loss=0.000594  target_RTG=0.0000
[DT-GT] iter= 22 | zero_steps=100.0%  mean_RTG=0.0000±0.0000  max_RTG=0.0000  avg_len=1.0  min_len=1  ls=[1.2212, 1.2203, 1.2227, 1.2217, 1.221]
[DT-GT] iter= 22 | dt_loss=0.000561  target_RTG=0.0000
[DT-GT] iter= 23 | zero_steps=100.0%  mean_RTG=0.0000±0.0000  max_RTG=0.0000  avg_len=1.0  min_len=1  ls=[1.22, 1.2191, 1.223, 1.222, 1.2207]
[DT-GT] iter= 23 | dt_loss=0.001396  target_RTG=0.0000
[DT-GT] iter= 24 | zero_steps=100.0%  mean_RTG=0.0000±0.0000  max_RTG=0.0000  avg_len=1.0  min_len=1  ls=[1.2202, 1.2194, 1.2219, 1.221, 1.2204]
[DT-GT] iter= 24 | dt_loss=0.004118  target_RTG=0.0000
[DT-GT] iter= 25 | zero_steps=100.0%  mean_RTG=0.0000±0.0000  max_RTG=0.0000  avg_len=1.0  min_len=1  ls=[1.2161, 1.2153, 1.2186, 1.2177, 1.2165]
[DT-GT] iter= 25 | dt_loss=0.00066  target_RTG=0.0000
[DT-GT] iter= 26 | zero_steps=100.0%  mean_RTG=0.0000±0.0000  max_RTG=0.0000  avg_len=1.0  min_len=1  ls=[1.215, 1.2142, 1.2173, 1.2166, 1.2161]
[DT-GT] iter= 26 | dt_loss=0.004729  target_RTG=0.0000
[DT-GT] iter= 27 | zero_steps=88.2%  mean_RTG=3.6481±9.3026  max_RTG=27.9990  avg_len=1.1  min_len=1  ls=[1.2133, 1.2125, 1.2159, 1.215, 1.2138]
[DT-GT] iter= 27 | dt_loss=0.002677  target_RTG=27.9990
[DT-GT] iter= 28 | zero_steps=34.6%  mean_RTG=27.9904±0.2723  max_RTG=28.3190  avg_len=2.7  min_len=2  ls=[1.2006, 1.1999, 1.2008, 1.2, 1.1989]
[DT-GT] iter= 28 | dt_loss=0.004277  target_RTG=28.3190
[DT-GT] iter= 29 | zero_steps=100.0%  mean_RTG=0.0000±0.0000  max_RTG=0.0000  avg_len=1.0  min_len=1  ls=[1.2007, 1.2, 1.1972, 1.1965, 1.196]
[DT-GT] iter= 29 | dt_loss=0.001275  target_RTG=0.0000
[DT-GT] iter= 30 | zero_steps=100.0%  mean_RTG=0.0000±0.0000  max_RTG=0.0000  avg_len=1.0  min_len=1  ls=[1.1984, 1.1978, 1.1981, 1.1974, 1.1965]
[DT-GT] iter= 30 | dt_loss=0.001199  target_RTG=0.0000
final best = -1.3212
  [ckpt] 6/10 saved → res/floored_rtg_dtgp_rosenbrock/floored_rtg_dtgp.ckpt.json

── Trial 7/10  (seed=6) ────────────────────────────────────────
  [DT-GP-floor05] running... Using device: cpu, dtype: torch.float64
Set random seed: 6
Save directory set to: res
Sampling 10 initial points using 'sobol' method...
Initializing BoTorch GP ensemble...
[DT-GP] iter=  1 | zero_steps=61.2%  mean_RTG=5.2591±9.1464  max_RTG=26.3846  avg_len=1.6  min_len=1  ls=[0.1, 1.321, 1.2938, 1.1465, 1.3613]
[DT-GP] iter=  1 | dt_loss=0.015943  target_RTG=26.3846  floor=0.0000(active=0)
[DT-GP] iter=  2 | zero_steps=75.0%  mean_RTG=1.0497±2.1484  max_RTG=8.0811  avg_len=1.3  min_len=1  ls=[1.2998, 1.3286, 1.3093, 1.2983, 1.3023]
[DT-GP] iter=  2 | dt_loss=0.001833  target_RTG=13.1923  floor=13.1923(active=1)
[DT-GP] iter=  3 | zero_steps=65.2%  mean_RTG=1.1498±1.9544  max_RTG=6.9375  avg_len=1.5  min_len=1  ls=[1.3277, 1.3306, 1.315, 1.3061, 1.3095]
[DT-GP] iter=  3 | dt_loss=0.000999  target_RTG=13.1923  floor=13.1923(active=1)
[DT-GP] iter=  4 | zero_steps=75.0%  mean_RTG=1.2553±2.2424  max_RTG=6.8277  avg_len=1.3  min_len=1  ls=[1.3259, 1.3297, 1.3162, 1.3088, 1.3131]
[DT-GP] iter=  4 | dt_loss=0.00079  target_RTG=13.1923  floor=13.1923(active=1)
[DT-GP] iter=  5 | zero_steps=65.2%  mean_RTG=1.6111±2.5569  max_RTG=7.9888  avg_len=1.5  min_len=1  ls=[1.3227, 1.3283, 1.3148, 1.3097, 1.3148]
[DT-GP] iter=  5 | dt_loss=0.00093  target_RTG=13.1923  floor=13.1923(active=1)
[DT-GP] iter=  6 | zero_steps=81.1%  mean_RTG=0.9647±1.9992  max_RTG=6.7993  avg_len=1.2  min_len=1  ls=[1.3202, 1.3272, 1.3133, 1.3104, 1.3158]
[DT-GP] iter=  6 | dt_loss=0.00112  target_RTG=13.1923  floor=13.1923(active=1)
[DT-GP] iter=  7 | zero_steps=61.2%  mean_RTG=2.4423±3.7204  max_RTG=14.5741  avg_len=1.6  min_len=1  ls=[1.3195, 1.3258, 1.3134, 1.3108, 1.316]
[DT-GP] iter=  7 | dt_loss=0.000845  target_RTG=14.5741  floor=13.1923(active=0)
[DT-GP] iter=  8 | zero_steps=76.9%  mean_RTG=1.9327±4.1129  max_RTG=16.1560  avg_len=1.3  min_len=1  ls=[1.3183, 1.3248, 1.3131, 1.3108, 1.3161]
[DT-GP] iter=  8 | dt_loss=0.000722  target_RTG=16.1560  floor=13.1923(active=0)
[DT-GP] iter=  9 | zero_steps=78.9%  mean_RTG=0.8906±1.9254  max_RTG=6.7490  avg_len=1.3  min_len=1  ls=[1.3174, 1.3234, 1.3127, 1.3106, 1.3157]
[DT-GP] iter=  9 | dt_loss=0.000839  target_RTG=13.1923  floor=13.1923(active=1)
[DT-GP] iter= 10 | zero_steps=69.8%  mean_RTG=1.7296±2.9395  max_RTG=9.4661  avg_len=1.4  min_len=1  ls=[1.3163, 1.3224, 1.3121, 1.3102, 1.3153]
[DT-GP] iter= 10 | dt_loss=0.000646  target_RTG=13.1923  floor=13.1923(active=1)
[DT-GP] iter= 11 | zero_steps=83.3%  mean_RTG=0.9078±2.8915  max_RTG=14.1485  avg_len=1.2  min_len=1  ls=[1.3153, 1.321, 1.3114, 1.3097, 1.3147]
[DT-GP] iter= 11 | dt_loss=0.000626  target_RTG=14.1485  floor=13.1923(active=0)
[DT-GP] iter= 12 | zero_steps=73.2%  mean_RTG=2.2063±4.6790  max_RTG=17.8160  avg_len=1.4  min_len=1  ls=[1.3142, 1.3201, 1.3106, 1.3091, 1.3141]
[DT-GP] iter= 12 | dt_loss=0.000527  target_RTG=17.8160  floor=13.1923(active=0)
[DT-GP] iter= 13 | zero_steps=83.3%  mean_RTG=0.8717±1.9221  max_RTG=6.7248  avg_len=1.2  min_len=1  ls=[1.3131, 1.3187, 1.3098, 1.3084, 1.3133]
[DT-GP] iter= 13 | dt_loss=0.000583  target_RTG=13.1923  floor=13.1923(active=1)
[DT-GP] iter= 14 | zero_steps=73.2%  mean_RTG=2.6117±4.8591  max_RTG=15.8749  avg_len=1.4  min_len=1  ls=[1.312, 1.3177, 1.309, 1.3076, 1.3126]
[DT-GP] iter= 14 | dt_loss=0.00077  target_RTG=15.8749  floor=13.1923(active=0)
[DT-GP] iter= 15 | zero_steps=69.8%  mean_RTG=2.2994±4.5058  max_RTG=17.7113  avg_len=1.4  min_len=1  ls=[1.311, 1.3164, 1.3081, 1.3068, 1.3117]
[DT-GP] iter= 15 | dt_loss=0.000415  target_RTG=17.7113  floor=13.1923(active=0)
[DT-GP] iter= 16 | zero_steps=75.0%  mean_RTG=1.8908±3.7589  max_RTG=11.9637  avg_len=1.3  min_len=1  ls=[1.3099, 1.3154, 1.3072, 1.306, 1.3109]
[DT-GP] iter= 16 | dt_loss=0.000671  target_RTG=13.1923  floor=13.1923(active=1)
[DT-GP] iter= 17 | zero_steps=68.2%  mean_RTG=2.4472±4.3180  max_RTG=14.3566  avg_len=1.5  min_len=1  ls=[1.3088, 1.314, 1.3062, 1.3051, 1.3099]
[DT-GP] iter= 17 | dt_loss=0.000458  target_RTG=14.3566  floor=13.1923(active=0)
[DT-GP] iter= 18 | zero_steps=56.6%  mean_RTG=3.4947±4.9979  max_RTG=18.8825  avg_len=1.8  min_len=1  ls=[1.3077, 1.3131, 1.3053, 1.3042, 1.3091]
[DT-GP] iter= 18 | dt_loss=0.000779  target_RTG=18.8825  floor=13.1923(active=0)
[DT-GP] iter= 19 | zero_steps=75.0%  mean_RTG=2.0721±4.1419  max_RTG=16.7309  avg_len=1.3  min_len=1  ls=[1.3065, 1.3117, 1.3043, 1.3033, 1.3081]
[DT-GP] iter= 19 | dt_loss=0.000479  target_RTG=16.7309  floor=13.1923(active=0)
[DT-GP] iter= 20 | zero_steps=78.9%  mean_RTG=2.4208±5.0567  max_RTG=21.0671  avg_len=1.3  min_len=1  ls=[1.3054, 1.3108, 1.3033, 1.3023, 1.3072]
[DT-GP] iter= 20 | dt_loss=0.000697  target_RTG=21.0671  floor=13.1923(active=0)
[DT-GP] iter= 21 | zero_steps=71.4%  mean_RTG=1.2749±3.0000  max_RTG=14.9419  avg_len=1.4  min_len=1  ls=[1.3043, 1.3094, 1.3023, 1.3014, 1.3061]
[DT-GP] iter= 21 | dt_loss=0.00072  target_RTG=14.9419  floor=13.1923(active=0)
[DT-GP] iter= 22 | zero_steps=69.8%  mean_RTG=2.9291±5.1932  max_RTG=17.0672  avg_len=1.4  min_len=1  ls=[1.3032, 1.3085, 1.3012, 1.3004, 1.3052]
[DT-GP] iter= 22 | dt_loss=0.000618  target_RTG=17.0672  floor=13.1923(active=0)
[DT-GP] iter= 23 | zero_steps=73.2%  mean_RTG=3.3386±5.5943  max_RTG=22.3317  avg_len=1.4  min_len=1  ls=[1.3021, 1.3071, 1.3002, 1.2994, 1.3041]
[DT-GP] iter= 23 | dt_loss=0.000596  target_RTG=22.3317  floor=13.1923(active=0)
[DT-GP] iter= 24 | zero_steps=75.0%  mean_RTG=2.4730±4.9289  max_RTG=19.1722  avg_len=1.3  min_len=1  ls=[1.301, 1.3063, 1.2992, 1.2984, 1.3032]
[DT-GP] iter= 24 | dt_loss=0.000493  target_RTG=19.1722  floor=13.1923(active=0)
[DT-GP] iter= 25 | zero_steps=76.9%  mean_RTG=3.2111±6.9284  max_RTG=29.3788  avg_len=1.3  min_len=1  ls=[1.2999, 1.3048, 1.2981, 1.2974, 1.302]
[DT-GP] iter= 25 | dt_loss=0.000574  target_RTG=29.3788  floor=13.1923(active=0)
[DT-GP] iter= 26 | zero_steps=76.9%  mean_RTG=2.6399±4.9946  max_RTG=15.4713  avg_len=1.3  min_len=1  ls=[1.2988, 1.304, 1.2971, 1.2963, 1.3011]
[DT-GP] iter= 26 | dt_loss=0.00055  target_RTG=15.4713  floor=14.6894(active=0)
[DT-GP] iter= 27 | zero_steps=69.8%  mean_RTG=3.4265±5.5710  max_RTG=23.0528  avg_len=1.4  min_len=1  ls=[1.2976, 1.3025, 1.296, 1.2953, 1.3]
[DT-GP] iter= 27 | dt_loss=0.000476  target_RTG=23.0528  floor=14.6894(active=0)
[DT-GP] iter= 28 | zero_steps=75.0%  mean_RTG=1.7084±3.5765  max_RTG=15.3658  avg_len=1.3  min_len=1  ls=[1.2965, 1.3018, 1.295, 1.2943, 1.2991]
[DT-GP] iter= 28 | dt_loss=0.000444  target_RTG=15.3658  floor=14.6894(active=0)
[DT-GP] iter= 29 | zero_steps=73.2%  mean_RTG=3.1827±5.9850  max_RTG=24.0832  avg_len=1.4  min_len=1  ls=[1.2954, 1.3001, 1.2939, 1.2932, 1.2978]
[DT-GP] iter= 29 | dt_loss=0.000941  target_RTG=24.0832  floor=14.6894(active=0)
[DT-GP] iter= 30 | zero_steps=73.2%  mean_RTG=4.8278±8.4829  max_RTG=32.7007  avg_len=1.4  min_len=1  ls=[1.2943, 1.2995, 1.2928, 1.2922, 1.297]
[DT-GP] iter= 30 | dt_loss=0.000625  target_RTG=32.7007  floor=14.6894(active=0)
final best = -0.6696
  [DT-GP-floor02] running... Using device: cpu, dtype: torch.float64
Set random seed: 6
Save directory set to: res
Sampling 10 initial points using 'sobol' method...
Initializing BoTorch GP ensemble...
[DT-GP] iter=  1 | zero_steps=61.2%  mean_RTG=5.2591±9.1464  max_RTG=26.3846  avg_len=1.6  min_len=1  ls=[0.1, 1.321, 1.2938, 1.1465, 1.3613]
[DT-GP] iter=  1 | dt_loss=0.015943  target_RTG=26.3846  floor=0.0000(active=0)
[DT-GP] iter=  2 | zero_steps=75.0%  mean_RTG=1.0497±2.1484  max_RTG=8.0811  avg_len=1.3  min_len=1  ls=[1.2998, 1.3286, 1.3093, 1.2983, 1.3023]
[DT-GP] iter=  2 | dt_loss=0.001833  target_RTG=8.0811  floor=5.2769(active=0)
[DT-GP] iter=  3 | zero_steps=65.2%  mean_RTG=1.0552±1.8686  max_RTG=6.6836  avg_len=1.5  min_len=1  ls=[1.3277, 1.3306, 1.315, 1.3061, 1.3095]
[DT-GP] iter=  3 | dt_loss=0.001041  target_RTG=6.6836  floor=5.2769(active=0)
[DT-GP] iter=  4 | zero_steps=75.0%  mean_RTG=1.1234±2.0436  max_RTG=6.3109  avg_len=1.3  min_len=1  ls=[1.3259, 1.3297, 1.3162, 1.3088, 1.3131]
[DT-GP] iter=  4 | dt_loss=0.001056  target_RTG=6.3109  floor=5.2769(active=0)
[DT-GP] iter=  5 | zero_steps=68.2%  mean_RTG=1.2938±2.2511  max_RTG=7.3159  avg_len=1.5  min_len=1  ls=[1.3227, 1.3282, 1.3149, 1.3096, 1.3148]
[DT-GP] iter=  5 | dt_loss=0.001055  target_RTG=7.3159  floor=5.2769(active=0)
[DT-GP] iter=  6 | zero_steps=81.1%  mean_RTG=0.7270±1.5480  max_RTG=5.7198  avg_len=1.2  min_len=1  ls=[1.3202, 1.3272, 1.3133, 1.3104, 1.3157]
[DT-GP] iter=  6 | dt_loss=0.000899  target_RTG=5.7198  floor=5.2769(active=0)
[DT-GP] iter=  7 | zero_steps=63.8%  mean_RTG=1.7764±3.2925  max_RTG=13.7493  avg_len=1.6  min_len=1  ls=[1.3194, 1.3258, 1.3134, 1.3108, 1.316]
[DT-GP] iter=  7 | dt_loss=0.000979  target_RTG=13.7493  floor=5.2769(active=0)
[DT-GP] iter=  8 | zero_steps=76.9%  mean_RTG=2.1009±4.0361  max_RTG=15.4381  avg_len=1.3  min_len=1  ls=[1.3183, 1.3248, 1.3131, 1.3108, 1.316]
[DT-GP] iter=  8 | dt_loss=0.000818  target_RTG=15.4381  floor=5.2769(active=0)
[DT-GP] iter=  9 | zero_steps=83.3%  mean_RTG=0.6166±1.5802  max_RTG=6.0857  avg_len=1.2  min_len=1  ls=[1.3174, 1.3234, 1.3127, 1.3106, 1.3157]
[DT-GP] iter=  9 | dt_loss=0.000755  target_RTG=6.0857  floor=5.2769(active=0)
[DT-GP] iter= 10 | zero_steps=75.0%  mean_RTG=0.9185±2.1984  max_RTG=9.0519  avg_len=1.3  min_len=1  ls=[1.3163, 1.3224, 1.312, 1.3102, 1.3153]
[DT-GP] iter= 10 | dt_loss=0.000939  target_RTG=9.0519  floor=5.2769(active=0)
[DT-GP] iter= 11 | zero_steps=85.7%  mean_RTG=0.6257±2.4851  max_RTG=13.4956  avg_len=1.2  min_len=1  ls=[1.3153, 1.321, 1.3114, 1.3097, 1.3147]
[DT-GP] iter= 11 | dt_loss=0.000706  target_RTG=13.4956  floor=5.2769(active=0)
[DT-GP] iter= 12 | zero_steps=75.0%  mean_RTG=1.6387±3.5965  max_RTG=13.4521  avg_len=1.3  min_len=1  ls=[1.3142, 1.32, 1.3106, 1.3091, 1.3141]
[DT-GP] iter= 12 | dt_loss=0.000533  target_RTG=13.4521  floor=5.2769(active=0)
[DT-GP] iter= 13 | zero_steps=75.0%  mean_RTG=1.2698±2.4283  max_RTG=10.2302  avg_len=1.3  min_len=1  ls=[1.3131, 1.3187, 1.3098, 1.3084, 1.3133]
[DT-GP] iter= 13 | dt_loss=0.000746  target_RTG=10.2302  floor=5.2769(active=0)
[DT-GP] iter= 14 | zero_steps=76.9%  mean_RTG=1.8448±4.0221  max_RTG=14.8696  avg_len=1.3  min_len=1  ls=[1.312, 1.3177, 1.309, 1.3076, 1.3126]
[DT-GP] iter= 14 | dt_loss=0.000589  target_RTG=14.8696  floor=5.2769(active=0)
[DT-GP] iter= 15 | zero_steps=78.9%  mean_RTG=1.7641±4.2357  max_RTG=17.2002  avg_len=1.3  min_len=1  ls=[1.3109, 1.3163, 1.3081, 1.3068, 1.3117]
[DT-GP] iter= 15 | dt_loss=0.000634  target_RTG=17.2002  floor=5.2769(active=0)
[DT-GP] iter= 16 | zero_steps=68.2%  mean_RTG=3.0326±4.6878  max_RTG=16.0072  avg_len=1.5  min_len=1  ls=[1.3098, 1.3154, 1.3071, 1.306, 1.3109]
[DT-GP] iter= 16 | dt_loss=0.000534  target_RTG=16.0072  floor=5.2769(active=0)
[DT-GP] iter= 17 | zero_steps=65.2%  mean_RTG=2.9220±5.1867  max_RTG=22.3508  avg_len=1.5  min_len=1  ls=[1.3087, 1.314, 1.3062, 1.3051, 1.3099]
[DT-GP] iter= 17 | dt_loss=0.000565  target_RTG=22.3508  floor=5.2769(active=0)
[DT-GP] iter= 18 | zero_steps=63.8%  mean_RTG=2.5912±4.5506  max_RTG=18.2196  avg_len=1.6  min_len=1  ls=[1.3076, 1.3131, 1.3052, 1.3042, 1.3091]
[DT-GP] iter= 18 | dt_loss=0.000384  target_RTG=18.2196  floor=5.2769(active=0)
[DT-GP] iter= 19 | zero_steps=76.9%  mean_RTG=2.2099±4.3201  max_RTG=16.4386  avg_len=1.3  min_len=1  ls=[1.3065, 1.3117, 1.3043, 1.3033, 1.308]
[DT-GP] iter= 19 | dt_loss=0.000434  target_RTG=16.4386  floor=5.2769(active=0)
[DT-GP] iter= 20 | zero_steps=76.9%  mean_RTG=3.0941±6.1068  max_RTG=23.7645  avg_len=1.3  min_len=1  ls=[1.3054, 1.3108, 1.3033, 1.3023, 1.3072]
[DT-GP] iter= 20 | dt_loss=0.000605  target_RTG=23.7645  floor=5.2769(active=0)
[DT-GP] iter= 21 | zero_steps=81.1%  mean_RTG=1.4493±4.3336  max_RTG=19.5918  avg_len=1.2  min_len=1  ls=[1.3043, 1.3094, 1.3022, 1.3013, 1.3061]
[DT-GP] iter= 21 | dt_loss=0.000523  target_RTG=19.5918  floor=5.2769(active=0)
[DT-GP] iter= 22 | zero_steps=71.4%  mean_RTG=2.0459±4.4293  max_RTG=16.8359  avg_len=1.4  min_len=1  ls=[1.3032, 1.3085, 1.3012, 1.3004, 1.3052]
[DT-GP] iter= 22 | dt_loss=0.000624  target_RTG=16.8359  floor=5.2769(active=0)
[DT-GP] iter= 23 | zero_steps=75.0%  mean_RTG=2.4230±4.8132  max_RTG=20.3812  avg_len=1.3  min_len=1  ls=[1.3021, 1.3071, 1.3002, 1.2994, 1.3041]
[DT-GP] iter= 23 | dt_loss=0.000523  target_RTG=20.3812  floor=5.2769(active=0)
[DT-GP] iter= 24 | zero_steps=71.4%  mean_RTG=2.7376±5.0848  max_RTG=18.6364  avg_len=1.4  min_len=1  ls=[1.301, 1.3062, 1.2992, 1.2984, 1.3032]
[DT-GP] iter= 24 | dt_loss=0.000523  target_RTG=18.6364  floor=5.2769(active=0)
[DT-GP] iter= 25 | zero_steps=73.2%  mean_RTG=1.9203±3.8105  max_RTG=14.3582  avg_len=1.4  min_len=1  ls=[1.2999, 1.3047, 1.2981, 1.2973, 1.302]
[DT-GP] iter= 25 | dt_loss=0.00056  target_RTG=14.3582  floor=5.2769(active=0)
[DT-GP] iter= 26 | zero_steps=85.7%  mean_RTG=1.9131±4.4825  max_RTG=14.9624  avg_len=1.2  min_len=1  ls=[1.2987, 1.304, 1.2971, 1.2963, 1.3011]
[DT-GP] iter= 26 | dt_loss=0.000346  target_RTG=14.9624  floor=5.2769(active=0)
[DT-GP] iter= 27 | zero_steps=63.8%  mean_RTG=4.3940±5.7480  max_RTG=22.8085  avg_len=1.6  min_len=1  ls=[1.2976, 1.3024, 1.296, 1.2953, 1.2999]
[DT-GP] iter= 27 | dt_loss=0.000375  target_RTG=22.8085  floor=5.2769(active=0)
[DT-GP] iter= 28 | zero_steps=75.0%  mean_RTG=1.2693±2.3985  max_RTG=9.9372  avg_len=1.3  min_len=1  ls=[1.2965, 1.3017, 1.2949, 1.2943, 1.299]
[DT-GP] iter= 28 | dt_loss=0.000572  target_RTG=9.9372  floor=5.2769(active=0)
[DT-GP] iter= 29 | zero_steps=76.9%  mean_RTG=3.3864±7.0232  max_RTG=25.4789  avg_len=1.3  min_len=1  ls=[1.2954, 1.3001, 1.2939, 1.2932, 1.2978]
[DT-GP] iter= 29 | dt_loss=0.00062  target_RTG=25.4789  floor=5.2769(active=0)
[DT-GP] iter= 30 | zero_steps=66.7%  mean_RTG=5.6657±8.2575  max_RTG=32.0372  avg_len=1.5  min_len=1  ls=[1.2943, 1.2995, 1.2928, 1.2922, 1.2969]
[DT-GP] iter= 30 | dt_loss=0.000881  target_RTG=32.0372  floor=5.2769(active=0)
final best = -0.6696
  [DT-GP-floor01] running... Using device: cpu, dtype: torch.float64
Set random seed: 6
Save directory set to: res
Sampling 10 initial points using 'sobol' method...
Initializing BoTorch GP ensemble...
[DT-GP] iter=  1 | zero_steps=61.2%  mean_RTG=5.2591±9.1464  max_RTG=26.3846  avg_len=1.6  min_len=1  ls=[0.1, 1.321, 1.2938, 1.1465, 1.3613]
[DT-GP] iter=  1 | dt_loss=0.015943  target_RTG=26.3846  floor=0.0000(active=0)
[DT-GP] iter=  2 | zero_steps=75.0%  mean_RTG=1.0497±2.1484  max_RTG=8.0811  avg_len=1.3  min_len=1  ls=[1.2998, 1.3286, 1.3093, 1.2983, 1.3023]
[DT-GP] iter=  2 | dt_loss=0.001833  target_RTG=8.0811  floor=2.6385(active=0)
[DT-GP] iter=  3 | zero_steps=65.2%  mean_RTG=1.0552±1.8686  max_RTG=6.6836  avg_len=1.5  min_len=1  ls=[1.3277, 1.3306, 1.315, 1.3061, 1.3095]
[DT-GP] iter=  3 | dt_loss=0.001041  target_RTG=6.6836  floor=2.6385(active=0)
[DT-GP] iter=  4 | zero_steps=75.0%  mean_RTG=1.1234±2.0436  max_RTG=6.3109  avg_len=1.3  min_len=1  ls=[1.3259, 1.3297, 1.3162, 1.3088, 1.3131]
[DT-GP] iter=  4 | dt_loss=0.001056  target_RTG=6.3109  floor=2.6385(active=0)
[DT-GP] iter=  5 | zero_steps=68.2%  mean_RTG=1.2938±2.2511  max_RTG=7.3159  avg_len=1.5  min_len=1  ls=[1.3227, 1.3282, 1.3149, 1.3096, 1.3148]
[DT-GP] iter=  5 | dt_loss=0.001055  target_RTG=7.3159  floor=2.6385(active=0)
[DT-GP] iter=  6 | zero_steps=81.1%  mean_RTG=0.7270±1.5480  max_RTG=5.7198  avg_len=1.2  min_len=1  ls=[1.3202, 1.3272, 1.3133, 1.3104, 1.3157]
[DT-GP] iter=  6 | dt_loss=0.000899  target_RTG=5.7198  floor=2.6385(active=0)
[DT-GP] iter=  7 | zero_steps=63.8%  mean_RTG=1.7764±3.2925  max_RTG=13.7493  avg_len=1.6  min_len=1  ls=[1.3194, 1.3258, 1.3134, 1.3108, 1.316]
[DT-GP] iter=  7 | dt_loss=0.000979  target_RTG=13.7493  floor=2.6385(active=0)
[DT-GP] iter=  8 | zero_steps=76.9%  mean_RTG=2.1009±4.0361  max_RTG=15.4381  avg_len=1.3  min_len=1  ls=[1.3183, 1.3248, 1.3131, 1.3108, 1.316]
[DT-GP] iter=  8 | dt_loss=0.000818  target_RTG=15.4381  floor=2.6385(active=0)
[DT-GP] iter=  9 | zero_steps=83.3%  mean_RTG=0.6166±1.5802  max_RTG=6.0857  avg_len=1.2  min_len=1  ls=[1.3174, 1.3234, 1.3127, 1.3106, 1.3157]
[DT-GP] iter=  9 | dt_loss=0.000755  target_RTG=6.0857  floor=2.6385(active=0)
[DT-GP] iter= 10 | zero_steps=75.0%  mean_RTG=0.9185±2.1984  max_RTG=9.0519  avg_len=1.3  min_len=1  ls=[1.3163, 1.3224, 1.312, 1.3102, 1.3153]
[DT-GP] iter= 10 | dt_loss=0.000939  target_RTG=9.0519  floor=2.6385(active=0)
[DT-GP] iter= 11 | zero_steps=85.7%  mean_RTG=0.6257±2.4851  max_RTG=13.4956  avg_len=1.2  min_len=1  ls=[1.3153, 1.321, 1.3114, 1.3097, 1.3147]
[DT-GP] iter= 11 | dt_loss=0.000706  target_RTG=13.4956  floor=2.6385(active=0)
[DT-GP] iter= 12 | zero_steps=75.0%  mean_RTG=1.6387±3.5965  max_RTG=13.4521  avg_len=1.3  min_len=1  ls=[1.3142, 1.32, 1.3106, 1.3091, 1.3141]
[DT-GP] iter= 12 | dt_loss=0.000533  target_RTG=13.4521  floor=2.6385(active=0)
[DT-GP] iter= 13 | zero_steps=75.0%  mean_RTG=1.2698±2.4283  max_RTG=10.2302  avg_len=1.3  min_len=1  ls=[1.3131, 1.3187, 1.3098, 1.3084, 1.3133]
[DT-GP] iter= 13 | dt_loss=0.000746  target_RTG=10.2302  floor=2.6385(active=0)
[DT-GP] iter= 14 | zero_steps=76.9%  mean_RTG=1.8448±4.0221  max_RTG=14.8696  avg_len=1.3  min_len=1  ls=[1.312, 1.3177, 1.309, 1.3076, 1.3126]
[DT-GP] iter= 14 | dt_loss=0.000589  target_RTG=14.8696  floor=2.6385(active=0)
[DT-GP] iter= 15 | zero_steps=78.9%  mean_RTG=1.7641±4.2357  max_RTG=17.2002  avg_len=1.3  min_len=1  ls=[1.3109, 1.3163, 1.3081, 1.3068, 1.3117]
[DT-GP] iter= 15 | dt_loss=0.000634  target_RTG=17.2002  floor=2.6385(active=0)
[DT-GP] iter= 16 | zero_steps=68.2%  mean_RTG=3.0326±4.6878  max_RTG=16.0072  avg_len=1.5  min_len=1  ls=[1.3098, 1.3154, 1.3071, 1.306, 1.3109]
[DT-GP] iter= 16 | dt_loss=0.000534  target_RTG=16.0072  floor=2.6385(active=0)
[DT-GP] iter= 17 | zero_steps=65.2%  mean_RTG=2.9220±5.1867  max_RTG=22.3508  avg_len=1.5  min_len=1  ls=[1.3087, 1.314, 1.3062, 1.3051, 1.3099]
[DT-GP] iter= 17 | dt_loss=0.000565  target_RTG=22.3508  floor=2.6385(active=0)
[DT-GP] iter= 18 | zero_steps=63.8%  mean_RTG=2.5912±4.5506  max_RTG=18.2196  avg_len=1.6  min_len=1  ls=[1.3076, 1.3131, 1.3052, 1.3042, 1.3091]
[DT-GP] iter= 18 | dt_loss=0.000384  target_RTG=18.2196  floor=2.6385(active=0)
[DT-GP] iter= 19 | zero_steps=76.9%  mean_RTG=2.2099±4.3201  max_RTG=16.4386  avg_len=1.3  min_len=1  ls=[1.3065, 1.3117, 1.3043, 1.3033, 1.308]
[DT-GP] iter= 19 | dt_loss=0.000434  target_RTG=16.4386  floor=2.6385(active=0)
[DT-GP] iter= 20 | zero_steps=76.9%  mean_RTG=3.0941±6.1068  max_RTG=23.7645  avg_len=1.3  min_len=1  ls=[1.3054, 1.3108, 1.3033, 1.3023, 1.3072]
[DT-GP] iter= 20 | dt_loss=0.000605  target_RTG=23.7645  floor=2.6385(active=0)
[DT-GP] iter= 21 | zero_steps=81.1%  mean_RTG=1.4493±4.3336  max_RTG=19.5918  avg_len=1.2  min_len=1  ls=[1.3043, 1.3094, 1.3022, 1.3013, 1.3061]
[DT-GP] iter= 21 | dt_loss=0.000523  target_RTG=19.5918  floor=2.6385(active=0)
[DT-GP] iter= 22 | zero_steps=71.4%  mean_RTG=2.0459±4.4293  max_RTG=16.8359  avg_len=1.4  min_len=1  ls=[1.3032, 1.3085, 1.3012, 1.3004, 1.3052]
[DT-GP] iter= 22 | dt_loss=0.000624  target_RTG=16.8359  floor=2.6385(active=0)
[DT-GP] iter= 23 | zero_steps=75.0%  mean_RTG=2.4230±4.8132  max_RTG=20.3812  avg_len=1.3  min_len=1  ls=[1.3021, 1.3071, 1.3002, 1.2994, 1.3041]
[DT-GP] iter= 23 | dt_loss=0.000523  target_RTG=20.3812  floor=2.6385(active=0)
[DT-GP] iter= 24 | zero_steps=71.4%  mean_RTG=2.7376±5.0848  max_RTG=18.6364  avg_len=1.4  min_len=1  ls=[1.301, 1.3062, 1.2992, 1.2984, 1.3032]
[DT-GP] iter= 24 | dt_loss=0.000523  target_RTG=18.6364  floor=2.6385(active=0)
[DT-GP] iter= 25 | zero_steps=73.2%  mean_RTG=1.9203±3.8105  max_RTG=14.3582  avg_len=1.4  min_len=1  ls=[1.2999, 1.3047, 1.2981, 1.2973, 1.302]
[DT-GP] iter= 25 | dt_loss=0.00056  target_RTG=14.3582  floor=2.6385(active=0)
[DT-GP] iter= 26 | zero_steps=85.7%  mean_RTG=1.9131±4.4825  max_RTG=14.9624  avg_len=1.2  min_len=1  ls=[1.2987, 1.304, 1.2971, 1.2963, 1.3011]
[DT-GP] iter= 26 | dt_loss=0.000346  target_RTG=14.9624  floor=2.6385(active=0)
[DT-GP] iter= 27 | zero_steps=63.8%  mean_RTG=4.3940±5.7480  max_RTG=22.8085  avg_len=1.6  min_len=1  ls=[1.2976, 1.3024, 1.296, 1.2953, 1.2999]
[DT-GP] iter= 27 | dt_loss=0.000375  target_RTG=22.8085  floor=2.6385(active=0)
[DT-GP] iter= 28 | zero_steps=75.0%  mean_RTG=1.2693±2.3985  max_RTG=9.9372  avg_len=1.3  min_len=1  ls=[1.2965, 1.3017, 1.2949, 1.2943, 1.299]
[DT-GP] iter= 28 | dt_loss=0.000572  target_RTG=9.9372  floor=2.6385(active=0)
[DT-GP] iter= 29 | zero_steps=76.9%  mean_RTG=3.3864±7.0232  max_RTG=25.4789  avg_len=1.3  min_len=1  ls=[1.2954, 1.3001, 1.2939, 1.2932, 1.2978]
[DT-GP] iter= 29 | dt_loss=0.00062  target_RTG=25.4789  floor=2.6385(active=0)
[DT-GP] iter= 30 | zero_steps=66.7%  mean_RTG=5.6657±8.2575  max_RTG=32.0372  avg_len=1.5  min_len=1  ls=[1.2943, 1.2995, 1.2928, 1.2922, 1.2969]
[DT-GP] iter= 30 | dt_loss=0.000881  target_RTG=32.0372  floor=2.6385(active=0)
final best = -0.6696
  [DT-GT-dynamic] running... Using device: cpu, dtype: torch.float64
Set random seed: 6
Save directory set to: res
Sampling 10 initial points using 'sobol' method...
Initializing BoTorch GP ensemble...
[DT-GT] iter=  1 | zero_steps=96.8%  mean_RTG=0.0017±0.0090  max_RTG=0.0502  avg_len=1.0  min_len=1  ls=[0.1, 1.321, 1.2938, 1.1465, 1.3613]
[DT-GT] iter=  1 | dt_loss=0.00326  target_RTG=0.0502
[DT-GT] iter=  2 | zero_steps=100.0%  mean_RTG=0.0000±0.0000  max_RTG=0.0000  avg_len=1.0  min_len=1  ls=[1.2683, 1.3286, 1.3093, 1.2984, 1.3025]
[DT-GT] iter=  2 | dt_loss=0.00167  target_RTG=0.0000
[DT-GT] iter=  3 | zero_steps=100.0%  mean_RTG=0.0000±0.0000  max_RTG=0.0000  avg_len=1.0  min_len=1  ls=[1.3266, 1.3307, 1.3151, 1.3062, 1.3096]
[DT-GT] iter=  3 | dt_loss=0.001115  target_RTG=0.0000
[DT-GT] iter=  4 | zero_steps=100.0%  mean_RTG=0.0000±0.0000  max_RTG=0.0000  avg_len=1.0  min_len=1  ls=[1.3248, 1.3298, 1.3163, 1.3089, 1.3132]
[DT-GT] iter=  4 | dt_loss=0.000936  target_RTG=0.0000
[DT-GT] iter=  5 | zero_steps=100.0%  mean_RTG=0.0000±0.0000  max_RTG=0.0000  avg_len=1.0  min_len=1  ls=[1.3221, 1.3284, 1.315, 1.3098, 1.315]
[DT-GT] iter=  5 | dt_loss=0.000573  target_RTG=0.0000
[DT-GT] iter=  6 | zero_steps=100.0%  mean_RTG=0.0000±0.0000  max_RTG=0.0000  avg_len=1.0  min_len=1  ls=[1.3205, 1.3275, 1.3135, 1.3107, 1.316]
[DT-GT] iter=  6 | dt_loss=0.000538  target_RTG=0.0000
[DT-GT] iter=  7 | zero_steps=100.0%  mean_RTG=0.0000±0.0000  max_RTG=0.0000  avg_len=1.0  min_len=1  ls=[1.3197, 1.326, 1.3137, 1.3111, 1.3162]
[DT-GT] iter=  7 | dt_loss=0.000556  target_RTG=0.0000
[DT-GT] iter=  8 | zero_steps=100.0%  mean_RTG=0.0000±0.0000  max_RTG=0.0000  avg_len=1.0  min_len=1  ls=[1.3186, 1.3251, 1.3133, 1.3111, 1.3163]
[DT-GT] iter=  8 | dt_loss=0.000386  target_RTG=0.0000
[DT-GT] iter=  9 | zero_steps=100.0%  mean_RTG=0.0000±0.0000  max_RTG=0.0000  avg_len=1.0  min_len=1  ls=[1.3176, 1.3237, 1.3129, 1.3109, 1.316]
[DT-GT] iter=  9 | dt_loss=0.000532  target_RTG=0.0000
[DT-GT] iter= 10 | zero_steps=100.0%  mean_RTG=0.0000±0.0000  max_RTG=0.0000  avg_len=1.0  min_len=1  ls=[1.3166, 1.3227, 1.3123, 1.3105, 1.3156]
[DT-GT] iter= 10 | dt_loss=0.00049  target_RTG=0.0000
[DT-GT] iter= 11 | zero_steps=100.0%  mean_RTG=0.0000±0.0000  max_RTG=0.0000  avg_len=1.0  min_len=1  ls=[1.3155, 1.3213, 1.3117, 1.31, 1.315]
[DT-GT] iter= 11 | dt_loss=0.000416  target_RTG=0.0000
[DT-GT] iter= 12 | zero_steps=100.0%  mean_RTG=0.0000±0.0000  max_RTG=0.0000  avg_len=1.0  min_len=1  ls=[1.3145, 1.3203, 1.3109, 1.3094, 1.3144]
[DT-GT] iter= 12 | dt_loss=0.00039  target_RTG=0.0000
[DT-GT] iter= 13 | zero_steps=100.0%  mean_RTG=0.0000±0.0000  max_RTG=0.0000  avg_len=1.0  min_len=1  ls=[1.3134, 1.319, 1.3101, 1.3087, 1.3136]
[DT-GT] iter= 13 | dt_loss=0.000299  target_RTG=0.0000
[DT-GT] iter= 14 | zero_steps=100.0%  mean_RTG=0.0000±0.0000  max_RTG=0.0000  avg_len=1.0  min_len=1  ls=[1.3123, 1.318, 1.3093, 1.3079, 1.3129]
[DT-GT] iter= 14 | dt_loss=0.000335  target_RTG=0.0000
[DT-GT] iter= 15 | zero_steps=100.0%  mean_RTG=0.0000±0.0000  max_RTG=0.0000  avg_len=1.0  min_len=1  ls=[1.3112, 1.3166, 1.3084, 1.3071, 1.312]
[DT-GT] iter= 15 | dt_loss=0.000247  target_RTG=0.0000
[DT-GT] iter= 16 | zero_steps=100.0%  mean_RTG=0.0000±0.0000  max_RTG=0.0000  avg_len=1.0  min_len=1  ls=[1.3102, 1.3157, 1.3075, 1.3063, 1.3112]
[DT-GT] iter= 16 | dt_loss=0.000241  target_RTG=0.0000
[DT-GT] iter= 17 | zero_steps=100.0%  mean_RTG=0.0000±0.0000  max_RTG=0.0000  avg_len=1.0  min_len=1  ls=[1.3091, 1.3143, 1.3065, 1.3054, 1.3102]
[DT-GT] iter= 17 | dt_loss=0.000167  target_RTG=0.0000
[DT-GT] iter= 18 | zero_steps=100.0%  mean_RTG=0.0000±0.0000  max_RTG=0.0000  avg_len=1.0  min_len=1  ls=[1.308, 1.3135, 1.3056, 1.3045, 1.3094]
[DT-GT] iter= 18 | dt_loss=0.000269  target_RTG=0.0000
[DT-GT] iter= 19 | zero_steps=100.0%  mean_RTG=0.0000±0.0000  max_RTG=0.0000  avg_len=1.0  min_len=1  ls=[1.3069, 1.312, 1.3046, 1.3036, 1.3084]
[DT-GT] iter= 19 | dt_loss=0.000166  target_RTG=0.0000
[DT-GT] iter= 20 | zero_steps=100.0%  mean_RTG=0.0000±0.0000  max_RTG=0.0000  avg_len=1.0  min_len=1  ls=[1.3058, 1.3112, 1.3036, 1.3027, 1.3075]
[DT-GT] iter= 20 | dt_loss=0.000226  target_RTG=0.0000
[DT-GT] iter= 21 | zero_steps=100.0%  mean_RTG=0.0000±0.0000  max_RTG=0.0000  avg_len=1.0  min_len=1  ls=[1.3047, 1.3097, 1.3026, 1.3017, 1.3064]
[DT-GT] iter= 21 | dt_loss=0.000192  target_RTG=0.0000
[DT-GT] iter= 22 | zero_steps=100.0%  mean_RTG=0.0000±0.0000  max_RTG=0.0000  avg_len=1.0  min_len=1  ls=[1.3036, 1.3089, 1.3016, 1.3007, 1.3056]
[DT-GT] iter= 22 | dt_loss=0.000301  target_RTG=0.0000
[DT-GT] iter= 23 | zero_steps=100.0%  mean_RTG=0.0000±0.0000  max_RTG=0.0000  avg_len=1.0  min_len=1  ls=[1.3025, 1.3074, 1.3006, 1.2997, 1.3044]
[DT-GT] iter= 23 | dt_loss=0.000216  target_RTG=0.0000
[DT-GT] iter= 24 | zero_steps=100.0%  mean_RTG=0.0000±0.0000  max_RTG=0.0000  avg_len=1.0  min_len=1  ls=[1.3014, 1.3067, 1.2995, 1.2987, 1.3036]
[DT-GT] iter= 24 | dt_loss=0.000129  target_RTG=0.0000
[DT-GT] iter= 25 | zero_steps=100.0%  mean_RTG=0.0000±0.0000  max_RTG=0.0000  avg_len=1.0  min_len=1  ls=[1.3002, 1.3051, 1.2985, 1.2977, 1.3024]
[DT-GT] iter= 25 | dt_loss=0.000277  target_RTG=0.0000
[DT-GT] iter= 26 | zero_steps=100.0%  mean_RTG=0.0000±0.0000  max_RTG=0.0000  avg_len=1.0  min_len=1  ls=[1.2991, 1.3044, 1.2975, 1.2967, 1.3016]
[DT-GT] iter= 26 | dt_loss=0.000184  target_RTG=0.0000
[DT-GT] iter= 27 | zero_steps=100.0%  mean_RTG=0.0000±0.0000  max_RTG=0.0000  avg_len=1.0  min_len=1  ls=[1.298, 1.3028, 1.2964, 1.2957, 1.3003]
[DT-GT] iter= 27 | dt_loss=0.000172  target_RTG=0.0000
[DT-GT] iter= 28 | zero_steps=100.0%  mean_RTG=0.0000±0.0000  max_RTG=0.0000  avg_len=1.0  min_len=1  ls=[1.2969, 1.3022, 1.2954, 1.2947, 1.2995]
[DT-GT] iter= 28 | dt_loss=0.000193  target_RTG=0.0000
[DT-GT] iter= 29 | zero_steps=100.0%  mean_RTG=0.0000±0.0000  max_RTG=0.0000  avg_len=1.0  min_len=1  ls=[1.2958, 1.3005, 1.2943, 1.2936, 1.2982]
[DT-GT] iter= 29 | dt_loss=0.000199  target_RTG=0.0000
[DT-GT] iter= 30 | zero_steps=100.0%  mean_RTG=0.0000±0.0000  max_RTG=0.0000  avg_len=1.0  min_len=1  ls=[1.2947, 1.3, 1.2932, 1.2926, 1.2974]
[DT-GT] iter= 30 | dt_loss=0.000196  target_RTG=0.0000
final best = -0.6696
  [ckpt] 7/10 saved → res/floored_rtg_dtgp_rosenbrock/floored_rtg_dtgp.ckpt.json

── Trial 8/10  (seed=7) ────────────────────────────────────────
  [DT-GP-floor05] running... Using device: cpu, dtype: torch.float64
Set random seed: 7
Save directory set to: res
Sampling 10 initial points using 'sobol' method...
Initializing BoTorch GP ensemble...
[DT-GP] iter=  1 | zero_steps=33.7%  mean_RTG=545.5928±265.6413  max_RTG=727.9101  avg_len=2.8  min_len=2  ls=[0.1, 2.0338, 2.0005, 1.9941, 1.8256]
[DT-GP] iter=  1 | dt_loss=0.049687  target_RTG=727.9101  floor=0.0000(active=0)
[DT-GP] iter=  2 | zero_steps=42.3%  mean_RTG=357.5073±180.2508  max_RTG=483.4272  avg_len=2.4  min_len=1  ls=[0.0817, 2.0407, 2.0129, 2.0089, 2.0035]
[DT-GP] iter=  2 | dt_loss=0.003445  target_RTG=483.4272  floor=363.9551(active=0)
[DT-GP] iter=  3 | zero_steps=43.3%  mean_RTG=272.4045±136.7229  max_RTG=363.7556  avg_len=2.2  min_len=1  ls=[0.1905, 2.0407, 2.0208, 2.0177, 2.016]
[DT-GP] iter=  3 | dt_loss=0.001763  target_RTG=363.9551  floor=363.9551(active=1)
[DT-GP] iter=  4 | zero_steps=40.6%  mean_RTG=222.2435±111.3556  max_RTG=291.9958  avg_len=2.3  min_len=1  ls=[0.2467, 2.0383, 2.0233, 2.0205, 2.0234]
[DT-GP] iter=  4 | dt_loss=0.001835  target_RTG=363.9551  floor=363.9551(active=1)
[DT-GP] iter=  5 | zero_steps=43.5%  mean_RTG=187.6287±93.9859  max_RTG=245.4985  avg_len=2.3  min_len=1  ls=[0.2844, 2.0384, 2.0262, 2.0238, 2.0273]
[DT-GP] iter=  5 | dt_loss=0.000983  target_RTG=363.9551  floor=363.9551(active=1)
[DT-GP] iter=  6 | zero_steps=41.4%  mean_RTG=162.0907±81.0138  max_RTG=219.9515  avg_len=2.3  min_len=1  ls=[0.3068, 2.0386, 2.0282, 2.0263, 2.0301]
[DT-GP] iter=  6 | dt_loss=0.001261  target_RTG=363.9551  floor=363.9551(active=1)
[DT-GP] iter=  7 | zero_steps=36.4%  mean_RTG=144.8625±71.4497  max_RTG=193.7934  avg_len=2.6  min_len=1  ls=[0.3225, 2.0385, 2.0296, 2.0277, 2.0318]
[DT-GP] iter=  7 | dt_loss=0.001466  target_RTG=363.9551  floor=363.9551(active=1)
[DT-GP] iter=  8 | zero_steps=41.2%  mean_RTG=127.7915±64.0524  max_RTG=169.2410  avg_len=2.3  min_len=1  ls=[0.3336, 2.0384, 2.0305, 2.029, 2.0332]
[DT-GP] iter=  8 | dt_loss=0.001045  target_RTG=363.9551  floor=363.9551(active=1)
[DT-GP] iter=  9 | zero_steps=35.1%  mean_RTG=116.9643±58.4663  max_RTG=156.2076  avg_len=2.6  min_len=1  ls=[0.3418, 2.0381, 2.0311, 2.0297, 2.034]
[DT-GP] iter=  9 | dt_loss=0.000989  target_RTG=363.9551  floor=363.9551(active=1)
[DT-GP] iter= 10 | zero_steps=39.2%  mean_RTG=107.5656±53.7045  max_RTG=141.6756  avg_len=2.5  min_len=1  ls=[0.3479, 2.0379, 2.0315, 2.0303, 2.0347]
[DT-GP] iter= 10 | dt_loss=0.000837  target_RTG=363.9551  floor=363.9551(active=1)
[DT-GP] iter= 11 | zero_steps=41.7%  mean_RTG=99.3764±49.5844  max_RTG=138.2674  avg_len=2.4  min_len=1  ls=[0.3527, 2.0375, 2.0317, 2.0306, 2.035]
[DT-GP] iter= 11 | dt_loss=0.000751  target_RTG=363.9551  floor=363.9551(active=1)
[DT-GP] iter= 12 | zero_steps=38.7%  mean_RTG=92.2133±45.7164  max_RTG=130.0707  avg_len=2.5  min_len=1  ls=[0.3576, 2.0373, 2.0319, 2.0309, 2.0354]
[DT-GP] iter= 12 | dt_loss=0.000546  target_RTG=363.9551  floor=363.9551(active=1)
[DT-GP] iter= 13 | zero_steps=37.3%  mean_RTG=87.0586±42.3848  max_RTG=122.1628  avg_len=2.5  min_len=1  ls=[0.3635, 2.0368, 2.0319, 2.0309, 2.0355]
[DT-GP] iter= 13 | dt_loss=0.001156  target_RTG=363.9551  floor=363.9551(active=1)
[DT-GP] iter= 14 | zero_steps=43.5%  mean_RTG=82.5554±41.6815  max_RTG=114.0420  avg_len=2.3  min_len=1  ls=[0.3684, 2.0365, 2.0319, 2.031, 2.0356]
[DT-GP] iter= 14 | dt_loss=0.000854  target_RTG=363.9551  floor=363.9551(active=1)
[DT-GP] iter= 15 | zero_steps=35.1%  mean_RTG=77.9233±37.5388  max_RTG=106.7286  avg_len=2.6  min_len=1  ls=[0.3734, 2.036, 2.0318, 2.0309, 2.0355]
[DT-GP] iter= 15 | dt_loss=0.000746  target_RTG=363.9551  floor=363.9551(active=1)
[DT-GP] iter= 16 | zero_steps=38.5%  mean_RTG=73.6275±36.6395  max_RTG=110.6383  avg_len=2.6  min_len=1  ls=[0.3783, 2.0357, 2.0317, 2.0309, 2.0356]
[DT-GP] iter= 16 | dt_loss=0.000867  target_RTG=363.9551  floor=363.9551(active=1)
[DT-GP] iter= 17 | zero_steps=44.1%  mean_RTG=70.6488±36.0417  max_RTG=112.7113  avg_len=2.3  min_len=1  ls=[0.3825, 2.0352, 2.0314, 2.0306, 2.0354]
[DT-GP] iter= 17 | dt_loss=0.000685  target_RTG=363.9551  floor=363.9551(active=1)
[DT-GP] iter= 18 | zero_steps=38.4%  mean_RTG=65.0689±31.8690  max_RTG=96.9524  avg_len=2.4  min_len=1  ls=[0.3872, 2.0348, 2.0313, 2.0305, 2.0353]
[DT-GP] iter= 18 | dt_loss=0.000631  target_RTG=363.9551  floor=363.9551(active=1)
[DT-GP] iter= 19 | zero_steps=39.7%  mean_RTG=60.5983±30.6542  max_RTG=89.2621  avg_len=2.4  min_len=1  ls=[0.3903, 2.0343, 2.031, 2.0302, 2.035]
[DT-GP] iter= 19 | dt_loss=0.000767  target_RTG=363.9551  floor=363.9551(active=1)
[DT-GP] iter= 20 | zero_steps=38.9%  mean_RTG=59.9820±30.6492  max_RTG=90.1613  avg_len=2.4  min_len=1  ls=[0.3966, 2.034, 2.0307, 2.0301, 2.0349]
[DT-GP] iter= 20 | dt_loss=0.000868  target_RTG=363.9551  floor=363.9551(active=1)
[DT-GP] iter= 21 | zero_steps=35.8%  mean_RTG=57.6750±26.8014  max_RTG=81.9516  avg_len=2.7  min_len=1  ls=[0.3975, 2.0334, 2.0304, 2.0297, 2.0346]
[DT-GP] iter= 21 | dt_loss=0.000771  target_RTG=363.9551  floor=363.9551(active=1)
[DT-GP] iter= 22 | zero_steps=40.5%  mean_RTG=54.3382±26.5994  max_RTG=83.5889  avg_len=2.5  min_len=1  ls=[0.4025, 2.0331, 2.0301, 2.0295, 2.0344]
[DT-GP] iter= 22 | dt_loss=0.000649  target_RTG=363.9551  floor=363.9551(active=1)
[DT-GP] iter= 23 | zero_steps=38.7%  mean_RTG=53.7117±27.2903  max_RTG=82.2585  avg_len=2.5  min_len=1  ls=[0.4081, 2.0325, 2.0298, 2.0292, 2.034]
[DT-GP] iter= 23 | dt_loss=0.000743  target_RTG=363.9551  floor=363.9551(active=1)
[DT-GP] iter= 24 | zero_steps=40.8%  mean_RTG=50.2863±25.6368  max_RTG=81.9395  avg_len=2.4  min_len=1  ls=[0.4111, 2.0321, 2.0294, 2.0289, 2.0338]
[DT-GP] iter= 24 | dt_loss=0.000632  target_RTG=363.9551  floor=363.9551(active=1)
[DT-GP] iter= 25 | zero_steps=43.9%  mean_RTG=52.7425±25.0289  max_RTG=78.8679  avg_len=2.2  min_len=1  ls=[0.4165, 2.0316, 2.0291, 2.0285, 2.0334]
[DT-GP] iter= 25 | dt_loss=0.000798  target_RTG=363.9551  floor=363.9551(active=1)
[DT-GP] iter= 26 | zero_steps=40.5%  mean_RTG=59.9311±9.9544  max_RTG=86.9401  avg_len=2.5  min_len=2  ls=[1.9878, 2.0312, 2.0287, 2.0282, 2.0331]
[DT-GP] iter= 26 | dt_loss=0.001096  target_RTG=363.9551  floor=363.9551(active=1)
[DT-GP] iter= 27 | zero_steps=33.7%  mean_RTG=58.5938±9.0350  max_RTG=72.0244  avg_len=2.9  min_len=2  ls=[2.0313, 2.0307, 2.0283, 2.0278, 2.0327]
[DT-GP] iter= 27 | dt_loss=0.000786  target_RTG=363.9551  floor=363.9551(active=1)
[DT-GP] iter= 28 | zero_steps=35.0%  mean_RTG=54.0536±8.3101  max_RTG=70.4759  avg_len=2.7  min_len=2  ls=[2.0312, 2.0303, 2.028, 2.0275, 2.0324]
[DT-GP] iter= 28 | dt_loss=0.000762  target_RTG=363.9551  floor=363.9551(active=1)
[DT-GP] iter= 29 | zero_steps=33.8%  mean_RTG=53.0393±10.6301  max_RTG=78.5975  avg_len=2.6  min_len=2  ls=[2.0303, 2.0298, 2.0276, 2.0271, 2.032]
[DT-GP] iter= 29 | dt_loss=0.000702  target_RTG=363.9551  floor=363.9551(active=1)
[DT-GP] iter= 30 | zero_steps=38.5%  mean_RTG=52.2796±7.5531  max_RTG=70.5097  avg_len=2.6  min_len=2  ls=[2.0302, 2.0294, 2.0272, 2.0268, 2.0317]
[DT-GP] iter= 30 | dt_loss=0.000589  target_RTG=363.9551  floor=363.9551(active=1)
final best = -0.5475
  [DT-GP-floor02] running... Using device: cpu, dtype: torch.float64
Set random seed: 7
Save directory set to: res
Sampling 10 initial points using 'sobol' method...
Initializing BoTorch GP ensemble...
[DT-GP] iter=  1 | zero_steps=33.7%  mean_RTG=545.5928±265.6413  max_RTG=727.9101  avg_len=2.8  min_len=2  ls=[0.1, 2.0338, 2.0005, 1.9941, 1.8256]
[DT-GP] iter=  1 | dt_loss=0.049687  target_RTG=727.9101  floor=0.0000(active=0)
[DT-GP] iter=  2 | zero_steps=42.3%  mean_RTG=357.5073±180.2508  max_RTG=483.4272  avg_len=2.4  min_len=1  ls=[0.0817, 2.0407, 2.0129, 2.0089, 2.0035]
[DT-GP] iter=  2 | dt_loss=0.003445  target_RTG=483.4272  floor=145.5820(active=0)
[DT-GP] iter=  3 | zero_steps=43.3%  mean_RTG=272.4045±136.7229  max_RTG=363.7556  avg_len=2.2  min_len=1  ls=[0.1905, 2.0407, 2.0208, 2.0177, 2.016]
[DT-GP] iter=  3 | dt_loss=0.001763  target_RTG=363.7556  floor=145.5820(active=0)
[DT-GP] iter=  4 | zero_steps=40.6%  mean_RTG=222.2435±111.3556  max_RTG=291.9958  avg_len=2.3  min_len=1  ls=[0.2467, 2.0383, 2.0233, 2.0205, 2.0234]
[DT-GP] iter=  4 | dt_loss=0.001835  target_RTG=291.9958  floor=145.5820(active=0)
[DT-GP] iter=  5 | zero_steps=43.5%  mean_RTG=187.6293±93.9862  max_RTG=245.4998  avg_len=2.3  min_len=1  ls=[0.2845, 2.0384, 2.0262, 2.0238, 2.0273]
[DT-GP] iter=  5 | dt_loss=0.001012  target_RTG=245.4998  floor=145.5820(active=0)
[DT-GP] iter=  6 | zero_steps=41.4%  mean_RTG=162.0883±81.0128  max_RTG=219.9595  avg_len=2.3  min_len=1  ls=[0.3067, 2.0386, 2.0282, 2.0263, 2.0301]
[DT-GP] iter=  6 | dt_loss=0.001258  target_RTG=219.9595  floor=145.5820(active=0)
[DT-GP] iter=  7 | zero_steps=36.4%  mean_RTG=144.9038±71.4563  max_RTG=193.8366  avg_len=2.6  min_len=1  ls=[0.3223, 2.0384, 2.0295, 2.0277, 2.0318]
[DT-GP] iter=  7 | dt_loss=0.001466  target_RTG=193.8366  floor=145.5820(active=0)
[DT-GP] iter=  8 | zero_steps=41.2%  mean_RTG=127.8812±64.0936  max_RTG=169.3818  avg_len=2.3  min_len=1  ls=[0.3329, 2.0384, 2.0305, 2.0289, 2.0332]
[DT-GP] iter=  8 | dt_loss=0.001083  target_RTG=169.3818  floor=145.5820(active=0)
[DT-GP] iter=  9 | zero_steps=35.1%  mean_RTG=117.1376±58.5391  max_RTG=156.3479  avg_len=2.6  min_len=1  ls=[0.3411, 2.0381, 2.0311, 2.0296, 2.034]
[DT-GP] iter=  9 | dt_loss=0.000843  target_RTG=156.3479  floor=145.5820(active=0)
[DT-GP] iter= 10 | zero_steps=39.2%  mean_RTG=107.6869±53.7455  max_RTG=141.7450  avg_len=2.5  min_len=1  ls=[0.3473, 2.0379, 2.0315, 2.0302, 2.0347]
[DT-GP] iter= 10 | dt_loss=0.000833  target_RTG=145.5820  floor=145.5820(active=1)
[DT-GP] iter= 11 | zero_steps=41.7%  mean_RTG=99.2844±49.7272  max_RTG=138.3768  avg_len=2.4  min_len=1  ls=[0.352, 2.0375, 2.0317, 2.0305, 2.035]
[DT-GP] iter= 11 | dt_loss=0.000808  target_RTG=145.5820  floor=145.5820(active=1)
[DT-GP] iter= 12 | zero_steps=38.7%  mean_RTG=92.3257±45.7669  max_RTG=130.2082  avg_len=2.5  min_len=1  ls=[0.3567, 2.0372, 2.0319, 2.0308, 2.0354]
[DT-GP] iter= 12 | dt_loss=0.000653  target_RTG=145.5820  floor=145.5820(active=1)
[DT-GP] iter= 13 | zero_steps=37.3%  mean_RTG=87.1214±42.3573  max_RTG=122.2801  avg_len=2.5  min_len=1  ls=[0.3629, 2.0368, 2.0319, 2.0309, 2.0355]
[DT-GP] iter= 13 | dt_loss=0.001125  target_RTG=145.5820  floor=145.5820(active=1)
[DT-GP] iter= 14 | zero_steps=43.5%  mean_RTG=82.6645±41.6979  max_RTG=114.0940  avg_len=2.3  min_len=1  ls=[0.3676, 2.0365, 2.0319, 2.0309, 2.0356]
[DT-GP] iter= 14 | dt_loss=0.000687  target_RTG=145.5820  floor=145.5820(active=1)
[DT-GP] iter= 15 | zero_steps=35.1%  mean_RTG=77.9766±37.5743  max_RTG=106.7403  avg_len=2.6  min_len=1  ls=[0.373, 2.036, 2.0317, 2.0308, 2.0355]
[DT-GP] iter= 15 | dt_loss=0.000705  target_RTG=145.5820  floor=145.5820(active=1)
[DT-GP] iter= 16 | zero_steps=38.5%  mean_RTG=73.6780±36.5744  max_RTG=110.6918  avg_len=2.6  min_len=1  ls=[0.3775, 2.0356, 2.0316, 2.0308, 2.0355]
[DT-GP] iter= 16 | dt_loss=0.000896  target_RTG=145.5820  floor=145.5820(active=1)
[DT-GP] iter= 17 | zero_steps=44.1%  mean_RTG=70.6979±36.0619  max_RTG=112.7585  avg_len=2.3  min_len=1  ls=[0.3823, 2.0352, 2.0314, 2.0306, 2.0353]
[DT-GP] iter= 17 | dt_loss=0.000753  target_RTG=145.5820  floor=145.5820(active=1)
[DT-GP] iter= 18 | zero_steps=38.4%  mean_RTG=65.0603±31.8703  max_RTG=96.9758  avg_len=2.4  min_len=1  ls=[0.3867, 2.0348, 2.0312, 2.0305, 2.0352]
[DT-GP] iter= 18 | dt_loss=0.000743  target_RTG=145.5820  floor=145.5820(active=1)
[DT-GP] iter= 19 | zero_steps=39.7%  mean_RTG=60.5216±30.7858  max_RTG=89.2608  avg_len=2.4  min_len=1  ls=[0.39, 2.0343, 2.0309, 2.0302, 2.035]
[DT-GP] iter= 19 | dt_loss=0.000694  target_RTG=145.5820  floor=145.5820(active=1)
[DT-GP] iter= 20 | zero_steps=38.9%  mean_RTG=60.0256±30.6702  max_RTG=90.1869  avg_len=2.4  min_len=1  ls=[0.3961, 2.0339, 2.0307, 2.03, 2.0348]
[DT-GP] iter= 20 | dt_loss=0.00083  target_RTG=145.5820  floor=145.5820(active=1)
[DT-GP] iter= 21 | zero_steps=35.8%  mean_RTG=57.6710±26.8202  max_RTG=81.9996  avg_len=2.7  min_len=1  ls=[0.397, 2.0334, 2.0304, 2.0297, 2.0345]
[DT-GP] iter= 21 | dt_loss=0.00068  target_RTG=145.5820  floor=145.5820(active=1)
[DT-GP] iter= 22 | zero_steps=40.5%  mean_RTG=54.3206±26.5900  max_RTG=83.5857  avg_len=2.5  min_len=1  ls=[0.4024, 2.033, 2.0301, 2.0295, 2.0343]
[DT-GP] iter= 22 | dt_loss=0.000717  target_RTG=145.5820  floor=145.5820(active=1)
[DT-GP] iter= 23 | zero_steps=38.7%  mean_RTG=53.7279±27.3164  max_RTG=82.2562  avg_len=2.5  min_len=1  ls=[0.4076, 2.0325, 2.0297, 2.0291, 2.034]
[DT-GP] iter= 23 | dt_loss=0.000714  target_RTG=145.5820  floor=145.5820(active=1)
[DT-GP] iter= 24 | zero_steps=42.6%  mean_RTG=49.6417±25.2166  max_RTG=81.9746  avg_len=2.3  min_len=1  ls=[0.4108, 2.0321, 2.0294, 2.0289, 2.0337]
[DT-GP] iter= 24 | dt_loss=0.000694  target_RTG=145.5820  floor=145.5820(active=1)
[DT-GP] iter= 25 | zero_steps=44.8%  mean_RTG=52.0524±24.7679  max_RTG=79.5006  avg_len=2.2  min_len=1  ls=[0.4162, 2.0316, 2.029, 2.0285, 2.0334]
[DT-GP] iter= 25 | dt_loss=0.00092  target_RTG=145.5820  floor=145.5820(active=1)
[DT-GP] iter= 26 | zero_steps=40.5%  mean_RTG=59.7835±10.4929  max_RTG=88.5737  avg_len=2.5  min_len=2  ls=[2.0404, 2.0312, 2.0287, 2.0282, 2.0331]
[DT-GP] iter= 26 | dt_loss=0.000594  target_RTG=145.5820  floor=145.5820(active=1)
[DT-GP] iter= 27 | zero_steps=34.1%  mean_RTG=59.2147±9.0978  max_RTG=72.1538  avg_len=2.8  min_len=2  ls=[2.0352, 2.0307, 2.0283, 2.0278, 2.0327]
[DT-GP] iter= 27 | dt_loss=0.000739  target_RTG=145.5820  floor=145.5820(active=1)
[DT-GP] iter= 28 | zero_steps=33.7%  mean_RTG=54.4334±8.3010  max_RTG=70.4740  avg_len=2.8  min_len=2  ls=[2.0392, 2.0302, 2.0279, 2.0275, 2.0324]
[DT-GP] iter= 28 | dt_loss=0.000721  target_RTG=145.5820  floor=145.5820(active=1)
[DT-GP] iter= 29 | zero_steps=33.8%  mean_RTG=53.1595±10.5246  max_RTG=78.5968  avg_len=2.6  min_len=2  ls=[2.0343, 2.0297, 2.0275, 2.027, 2.032]
[DT-GP] iter= 29 | dt_loss=0.000733  target_RTG=145.5820  floor=145.5820(active=1)
[DT-GP] iter= 30 | zero_steps=38.5%  mean_RTG=52.4165±7.7456  max_RTG=70.5283  avg_len=2.6  min_len=2  ls=[2.038, 2.0293, 2.0271, 2.0267, 2.0316]
[DT-GP] iter= 30 | dt_loss=0.000562  target_RTG=145.5820  floor=145.5820(active=1)
final best = -0.5475
  [DT-GP-floor01] running... Using device: cpu, dtype: torch.float64
Set random seed: 7
Save directory set to: res
Sampling 10 initial points using 'sobol' method...
Initializing BoTorch GP ensemble...
[DT-GP] iter=  1 | zero_steps=33.7%  mean_RTG=545.5928±265.6413  max_RTG=727.9101  avg_len=2.8  min_len=2  ls=[0.1, 2.0338, 2.0005, 1.9941, 1.8256]
[DT-GP] iter=  1 | dt_loss=0.049687  target_RTG=727.9101  floor=0.0000(active=0)
[DT-GP] iter=  2 | zero_steps=42.3%  mean_RTG=357.5073±180.2508  max_RTG=483.4272  avg_len=2.4  min_len=1  ls=[0.0817, 2.0407, 2.0129, 2.0089, 2.0035]
[DT-GP] iter=  2 | dt_loss=0.003445  target_RTG=483.4272  floor=72.7910(active=0)
[DT-GP] iter=  3 | zero_steps=43.3%  mean_RTG=272.4045±136.7229  max_RTG=363.7556  avg_len=2.2  min_len=1  ls=[0.1905, 2.0407, 2.0208, 2.0177, 2.016]
[DT-GP] iter=  3 | dt_loss=0.001763  target_RTG=363.7556  floor=72.7910(active=0)
[DT-GP] iter=  4 | zero_steps=40.6%  mean_RTG=222.2435±111.3556  max_RTG=291.9958  avg_len=2.3  min_len=1  ls=[0.2467, 2.0383, 2.0233, 2.0205, 2.0234]
[DT-GP] iter=  4 | dt_loss=0.001835  target_RTG=291.9958  floor=72.7910(active=0)
[DT-GP] iter=  5 | zero_steps=43.5%  mean_RTG=187.6293±93.9862  max_RTG=245.4998  avg_len=2.3  min_len=1  ls=[0.2845, 2.0384, 2.0262, 2.0238, 2.0273]
[DT-GP] iter=  5 | dt_loss=0.001012  target_RTG=245.4998  floor=72.7910(active=0)
[DT-GP] iter=  6 | zero_steps=41.4%  mean_RTG=162.0883±81.0128  max_RTG=219.9595  avg_len=2.3  min_len=1  ls=[0.3067, 2.0386, 2.0282, 2.0263, 2.0301]
[DT-GP] iter=  6 | dt_loss=0.001258  target_RTG=219.9595  floor=72.7910(active=0)
[DT-GP] iter=  7 | zero_steps=36.4%  mean_RTG=144.9038±71.4563  max_RTG=193.8366  avg_len=2.6  min_len=1  ls=[0.3223, 2.0384, 2.0295, 2.0277, 2.0318]
[DT-GP] iter=  7 | dt_loss=0.001466  target_RTG=193.8366  floor=72.7910(active=0)
[DT-GP] iter=  8 | zero_steps=41.2%  mean_RTG=127.8812±64.0936  max_RTG=169.3818  avg_len=2.3  min_len=1  ls=[0.3329, 2.0384, 2.0305, 2.0289, 2.0332]
[DT-GP] iter=  8 | dt_loss=0.001083  target_RTG=169.3818  floor=72.7910(active=0)
[DT-GP] iter=  9 | zero_steps=35.1%  mean_RTG=117.1376±58.5391  max_RTG=156.3479  avg_len=2.6  min_len=1  ls=[0.3411, 2.0381, 2.0311, 2.0296, 2.034]
[DT-GP] iter=  9 | dt_loss=0.000843  target_RTG=156.3479  floor=72.7910(active=0)
[DT-GP] iter= 10 | zero_steps=39.2%  mean_RTG=107.6869±53.7455  max_RTG=141.7450  avg_len=2.5  min_len=1  ls=[0.3473, 2.0379, 2.0315, 2.0302, 2.0347]
[DT-GP] iter= 10 | dt_loss=0.000833  target_RTG=141.7450  floor=72.7910(active=0)
[DT-GP] iter= 11 | zero_steps=41.7%  mean_RTG=99.2842±49.7271  max_RTG=138.3766  avg_len=2.4  min_len=1  ls=[0.352, 2.0375, 2.0317, 2.0305, 2.035]
[DT-GP] iter= 11 | dt_loss=0.000796  target_RTG=138.3766  floor=72.7910(active=0)
[DT-GP] iter= 12 | zero_steps=38.7%  mean_RTG=92.3213±45.7648  max_RTG=130.2020  avg_len=2.5  min_len=1  ls=[0.3568, 2.0372, 2.0319, 2.0308, 2.0354]
[DT-GP] iter= 12 | dt_loss=0.000668  target_RTG=130.2020  floor=72.7910(active=0)
[DT-GP] iter= 13 | zero_steps=37.3%  mean_RTG=87.1577±42.3823  max_RTG=122.2731  avg_len=2.5  min_len=1  ls=[0.3629, 2.0368, 2.0319, 2.0309, 2.0355]
[DT-GP] iter= 13 | dt_loss=0.001084  target_RTG=122.2731  floor=72.7910(active=0)
[DT-GP] iter= 14 | zero_steps=43.5%  mean_RTG=82.6638±41.6969  max_RTG=114.0973  avg_len=2.3  min_len=1  ls=[0.3676, 2.0365, 2.0319, 2.031, 2.0356]
[DT-GP] iter= 14 | dt_loss=0.000715  target_RTG=114.0973  floor=72.7910(active=0)
[DT-GP] iter= 15 | zero_steps=35.1%  mean_RTG=77.9788±37.5747  max_RTG=106.7555  avg_len=2.6  min_len=1  ls=[0.373, 2.036, 2.0317, 2.0309, 2.0355]
[DT-GP] iter= 15 | dt_loss=0.000711  target_RTG=106.7555  floor=72.7910(active=0)
[DT-GP] iter= 16 | zero_steps=38.5%  mean_RTG=73.7022±36.5842  max_RTG=110.6905  avg_len=2.6  min_len=1  ls=[0.3775, 2.0356, 2.0316, 2.0308, 2.0355]
[DT-GP] iter= 16 | dt_loss=0.000874  target_RTG=110.6905  floor=72.7910(active=0)
[DT-GP] iter= 17 | zero_steps=44.1%  mean_RTG=70.6932±36.0595  max_RTG=112.7581  avg_len=2.3  min_len=1  ls=[0.3823, 2.0352, 2.0314, 2.0306, 2.0353]
[DT-GP] iter= 17 | dt_loss=0.000758  target_RTG=112.7581  floor=72.7910(active=0)
[DT-GP] iter= 18 | zero_steps=38.4%  mean_RTG=65.0648±31.8714  max_RTG=96.9797  avg_len=2.4  min_len=1  ls=[0.3866, 2.0348, 2.0312, 2.0305, 2.0353]
[DT-GP] iter= 18 | dt_loss=0.000662  target_RTG=96.9797  floor=72.7910(active=0)
[DT-GP] iter= 19 | zero_steps=39.7%  mean_RTG=60.5377±30.7904  max_RTG=89.2703  avg_len=2.4  min_len=1  ls=[0.39, 2.0343, 2.0309, 2.0302, 2.035]
[DT-GP] iter= 19 | dt_loss=0.000691  target_RTG=89.2703  floor=72.7910(active=0)
[DT-GP] iter= 20 | zero_steps=38.9%  mean_RTG=60.0146±30.6664  max_RTG=90.1887  avg_len=2.4  min_len=1  ls=[0.3961, 2.0339, 2.0307, 2.03, 2.0348]
[DT-GP] iter= 20 | dt_loss=0.000827  target_RTG=90.1887  floor=72.7910(active=0)
[DT-GP] iter= 21 | zero_steps=35.8%  mean_RTG=57.7081±26.8465  max_RTG=82.0010  avg_len=2.7  min_len=1  ls=[0.397, 2.0334, 2.0304, 2.0297, 2.0346]
[DT-GP] iter= 21 | dt_loss=0.000656  target_RTG=82.0010  floor=72.7910(active=0)
[DT-GP] iter= 22 | zero_steps=40.5%  mean_RTG=54.3164±26.5886  max_RTG=83.5811  avg_len=2.5  min_len=1  ls=[0.4024, 2.033, 2.0301, 2.0295, 2.0343]
[DT-GP] iter= 22 | dt_loss=0.000719  target_RTG=83.5811  floor=72.7910(active=0)
[DT-GP] iter= 23 | zero_steps=38.7%  mean_RTG=53.7812±27.2107  max_RTG=82.2468  avg_len=2.5  min_len=1  ls=[0.4078, 2.0325, 2.0297, 2.0291, 2.034]
[DT-GP] iter= 23 | dt_loss=0.000691  target_RTG=82.2468  floor=72.7910(active=0)
[DT-GP] iter= 24 | zero_steps=42.6%  mean_RTG=49.6285±25.2109  max_RTG=81.9572  avg_len=2.3  min_len=1  ls=[0.4111, 2.0321, 2.0294, 2.0289, 2.0337]
[DT-GP] iter= 24 | dt_loss=0.0007  target_RTG=81.9572  floor=72.7910(active=0)
[DT-GP] iter= 25 | zero_steps=44.8%  mean_RTG=52.0347±24.7628  max_RTG=79.4854  avg_len=2.2  min_len=1  ls=[0.4163, 2.0316, 2.029, 2.0285, 2.0334]
[DT-GP] iter= 25 | dt_loss=0.000914  target_RTG=79.4854  floor=72.7910(active=0)
[DT-GP] iter= 26 | zero_steps=40.5%  mean_RTG=59.5965±10.3260  max_RTG=86.7281  avg_len=2.5  min_len=2  ls=[2.0208, 2.0312, 2.0287, 2.0282, 2.0331]
[DT-GP] iter= 26 | dt_loss=0.000634  target_RTG=86.7281  floor=72.7910(active=0)
[DT-GP] iter= 27 | zero_steps=34.1%  mean_RTG=59.1593±9.1175  max_RTG=72.1328  avg_len=2.8  min_len=2  ls=[2.0392, 2.0307, 2.0283, 2.0278, 2.0327]
[DT-GP] iter= 27 | dt_loss=0.000905  target_RTG=72.7910  floor=72.7910(active=1)
[DT-GP] iter= 28 | zero_steps=33.7%  mean_RTG=54.3354±8.3046  max_RTG=70.4535  avg_len=2.8  min_len=2  ls=[2.0354, 2.0302, 2.0279, 2.0275, 2.0324]
[DT-GP] iter= 28 | dt_loss=0.000744  target_RTG=72.7910  floor=72.7910(active=1)
[DT-GP] iter= 29 | zero_steps=31.2%  mean_RTG=53.2575±10.4856  max_RTG=78.7299  avg_len=2.7  min_len=2  ls=[2.0382, 2.0297, 2.0275, 2.0271, 2.032]
[DT-GP] iter= 29 | dt_loss=0.000605  target_RTG=78.7299  floor=72.7910(active=0)
[DT-GP] iter= 30 | zero_steps=36.7%  mean_RTG=52.8808±7.8100  max_RTG=70.5086  avg_len=2.6  min_len=2  ls=[2.0344, 2.0293, 2.0271, 2.0267, 2.0316]
[DT-GP] iter= 30 | dt_loss=0.000659  target_RTG=72.7910  floor=72.7910(active=1)
final best = -0.5475
  [DT-GT-dynamic] running... Using device: cpu, dtype: torch.float64
Set random seed: 7
Save directory set to: res
Sampling 10 initial points using 'sobol' method...
Initializing BoTorch GP ensemble...
[DT-GT] iter=  1 | zero_steps=34.2%  mean_RTG=21.9310±10.9667  max_RTG=27.5973  avg_len=2.5  min_len=1  ls=[0.1, 2.0338, 2.0005, 1.9941, 1.8256]
[DT-GT] iter=  1 | dt_loss=0.293857  target_RTG=27.5973
[DT-GT] iter=  2 | zero_steps=51.7%  mean_RTG=0.1942±0.1737  max_RTG=0.4896  avg_len=1.9  min_len=1  ls=[0.0542, 2.0407, 2.0129, 2.0088, 2.0034]
[DT-GT] iter=  2 | dt_loss=0.001836  target_RTG=0.4896
[DT-GT] iter=  3 | zero_steps=66.7%  mean_RTG=0.1246±0.1688  max_RTG=0.4671  avg_len=1.5  min_len=1  ls=[0.1449, 2.0407, 2.0207, 2.0177, 2.0157]
[DT-GT] iter=  3 | dt_loss=0.001372  target_RTG=0.4671
[DT-GT] iter=  4 | zero_steps=68.2%  mean_RTG=0.0955±0.1386  max_RTG=0.4699  avg_len=1.5  min_len=1  ls=[0.1657, 2.0382, 2.0231, 2.0204, 2.0232]
[DT-GT] iter=  4 | dt_loss=0.001133  target_RTG=0.4699
[DT-GT] iter=  5 | zero_steps=69.8%  mean_RTG=0.0696±0.1300  max_RTG=0.5040  avg_len=1.4  min_len=1  ls=[0.2006, 2.0383, 2.0262, 2.0238, 2.0272]
[DT-GT] iter=  5 | dt_loss=0.001558  target_RTG=0.5040
[DT-GT] iter=  6 | zero_steps=85.7%  mean_RTG=0.0266±0.0870  max_RTG=0.3508  avg_len=1.2  min_len=1  ls=[0.2685, 2.0386, 2.0282, 2.0262, 2.03]
[DT-GT] iter=  6 | dt_loss=0.001316  target_RTG=0.3508
[DT-GT] iter=  7 | zero_steps=81.1%  mean_RTG=0.0679±0.1426  max_RTG=0.5348  avg_len=1.2  min_len=1  ls=[0.3023, 2.0385, 2.0296, 2.0278, 2.0319]
[DT-GT] iter=  7 | dt_loss=0.001734  target_RTG=0.5348
[DT-GT] iter=  8 | zero_steps=83.3%  mean_RTG=0.0688±0.1593  max_RTG=0.5361  avg_len=1.2  min_len=1  ls=[0.319, 2.0384, 2.0305, 2.029, 2.0332]
[DT-GT] iter=  8 | dt_loss=0.001491  target_RTG=0.5361
[DT-GT] iter=  9 | zero_steps=93.8%  mean_RTG=0.0038±0.0170  max_RTG=0.0931  avg_len=1.1  min_len=1  ls=[0.3325, 2.0381, 2.0311, 2.0297, 2.034]
[DT-GT] iter=  9 | dt_loss=0.001718  target_RTG=0.0931
[DT-GT] iter= 10 | zero_steps=88.2%  mean_RTG=0.0341±0.1048  max_RTG=0.4177  avg_len=1.1  min_len=1  ls=[0.3416, 2.0379, 2.0315, 2.0303, 2.0347]
[DT-GT] iter= 10 | dt_loss=0.001509  target_RTG=0.4177
[DT-GT] iter= 11 | zero_steps=88.2%  mean_RTG=0.0263±0.0979  max_RTG=0.5236  avg_len=1.1  min_len=1  ls=[0.3484, 2.0376, 2.0318, 2.0306, 2.0351]
[DT-GT] iter= 11 | dt_loss=0.001463  target_RTG=0.5236
[DT-GT] iter= 12 | zero_steps=90.9%  mean_RTG=0.0191±0.0679  max_RTG=0.3316  avg_len=1.1  min_len=1  ls=[0.3534, 2.0373, 2.0319, 2.0309, 2.0354]
[DT-GT] iter= 12 | dt_loss=0.00125  target_RTG=0.3316
[DT-GT] iter= 13 | zero_steps=96.8%  mean_RTG=0.0016±0.0086  max_RTG=0.0480  avg_len=1.0  min_len=1  ls=[0.3574, 2.0368, 2.0319, 2.0309, 2.0355]
[DT-GT] iter= 13 | dt_loss=0.001504  target_RTG=0.0480
[DT-GT] iter= 14 | zero_steps=96.8%  mean_RTG=0.0024±0.0129  max_RTG=0.0719  avg_len=1.0  min_len=1  ls=[0.3621, 2.0365, 2.0319, 2.031, 2.0356]
[DT-GT] iter= 14 | dt_loss=0.001403  target_RTG=0.0719
[DT-GT] iter= 15 | zero_steps=90.9%  mean_RTG=0.0251±0.0879  max_RTG=0.3545  avg_len=1.1  min_len=1  ls=[0.3669, 2.0361, 2.0318, 2.0309, 2.0356]
[DT-GT] iter= 15 | dt_loss=0.001365  target_RTG=0.3545
[DT-GT] iter= 16 | zero_steps=85.7%  mean_RTG=0.0305±0.0786  max_RTG=0.3319  avg_len=1.2  min_len=1  ls=[0.3706, 2.0357, 2.0317, 2.0309, 2.0356]
[DT-GT] iter= 16 | dt_loss=0.000951  target_RTG=0.3319
[DT-GT] iter= 17 | zero_steps=90.9%  mean_RTG=0.0185±0.0772  max_RTG=0.4245  avg_len=1.1  min_len=1  ls=[0.3751, 2.0352, 2.0315, 2.0307, 2.0354]
[DT-GT] iter= 17 | dt_loss=0.000445  target_RTG=0.4245
[DT-GT] iter= 18 | zero_steps=96.8%  mean_RTG=0.0099±0.0532  max_RTG=0.2965  avg_len=1.0  min_len=1  ls=[0.378, 2.0348, 2.0312, 2.0305, 2.0353]
[DT-GT] iter= 18 | dt_loss=0.000645  target_RTG=0.2965
[DT-GT] iter= 19 | zero_steps=88.2%  mean_RTG=0.0192±0.0669  max_RTG=0.3313  avg_len=1.1  min_len=1  ls=[0.3831, 2.0344, 2.031, 2.0303, 2.0351]
[DT-GT] iter= 19 | dt_loss=0.0009  target_RTG=0.3313
[DT-GT] iter= 20 | zero_steps=96.8%  mean_RTG=0.0046±0.0246  max_RTG=0.1373  avg_len=1.0  min_len=1  ls=[0.3851, 2.0339, 2.0307, 2.0301, 2.0349]
[DT-GT] iter= 20 | dt_loss=0.000794  target_RTG=0.1373
[DT-GT] iter= 21 | zero_steps=96.8%  mean_RTG=0.0101±0.0543  max_RTG=0.3024  avg_len=1.0  min_len=1  ls=[0.3902, 2.0335, 2.0304, 2.0298, 2.0346]
[DT-GT] iter= 21 | dt_loss=0.000682  target_RTG=0.3024
[DT-GT] iter= 22 | zero_steps=100.0%  mean_RTG=0.0000±0.0000  max_RTG=0.0000  avg_len=1.0  min_len=1  ls=[0.393, 2.0331, 2.0301, 2.0296, 2.0344]
[DT-GT] iter= 22 | dt_loss=0.000353  target_RTG=0.0000
[DT-GT] iter= 23 | zero_steps=93.8%  mean_RTG=0.0006±0.0021  max_RTG=0.0093  avg_len=1.1  min_len=1  ls=[0.3986, 2.0326, 2.0298, 2.0292, 2.0341]
[DT-GT] iter= 23 | dt_loss=0.000549  target_RTG=0.0093
[DT-GT] iter= 24 | zero_steps=100.0%  mean_RTG=0.0000±0.0000  max_RTG=0.0000  avg_len=1.0  min_len=1  ls=[0.3986, 2.0322, 2.0295, 2.0289, 2.0338]
[DT-GT] iter= 24 | dt_loss=0.000679  target_RTG=0.0000
[DT-GT] iter= 25 | zero_steps=96.8%  mean_RTG=0.0034±0.0186  max_RTG=0.1034  avg_len=1.0  min_len=1  ls=[0.4038, 2.0317, 2.0291, 2.0286, 2.0335]
[DT-GT] iter= 25 | dt_loss=0.000767  target_RTG=0.1034
[DT-GT] iter= 26 | zero_steps=100.0%  mean_RTG=0.0000±0.0000  max_RTG=0.0000  avg_len=1.0  min_len=1  ls=[0.409, 2.0313, 2.0288, 2.0283, 2.0332]
[DT-GT] iter= 26 | dt_loss=0.000736  target_RTG=0.0000
[DT-GT] iter= 27 | zero_steps=100.0%  mean_RTG=0.0000±0.0000  max_RTG=0.0000  avg_len=1.0  min_len=1  ls=[0.4117, 2.0307, 2.0284, 2.0279, 2.0328]
[DT-GT] iter= 27 | dt_loss=0.001095  target_RTG=0.0000
[DT-GT] iter= 28 | zero_steps=100.0%  mean_RTG=0.0000±0.0000  max_RTG=0.0000  avg_len=1.0  min_len=1  ls=[0.4167, 2.0303, 2.028, 2.0276, 2.0325]
[DT-GT] iter= 28 | dt_loss=0.001407  target_RTG=0.0000
[DT-GT] iter= 29 | zero_steps=100.0%  mean_RTG=0.0000±0.0000  max_RTG=0.0000  avg_len=1.0  min_len=1  ls=[0.4204, 2.0298, 2.0276, 2.0271, 2.032]
[DT-GT] iter= 29 | dt_loss=0.001074  target_RTG=0.0000
[DT-GT] iter= 30 | zero_steps=100.0%  mean_RTG=0.0000±0.0000  max_RTG=0.0000  avg_len=1.0  min_len=1  ls=[1.9592, 2.0294, 2.0272, 2.0268, 2.0317]
[DT-GT] iter= 30 | dt_loss=0.000545  target_RTG=0.0000
final best = -0.6218
  [ckpt] 8/10 saved → res/floored_rtg_dtgp_rosenbrock/floored_rtg_dtgp.ckpt.json

── Trial 9/10  (seed=8) ────────────────────────────────────────
  [DT-GP-floor05] running... Using device: cpu, dtype: torch.float64
Set random seed: 8
Save directory set to: res
Sampling 10 initial points using 'sobol' method...
Initializing BoTorch GP ensemble...
[DT-GP] iter=  1 | zero_steps=35.8%  mean_RTG=105.1921±40.4639  max_RTG=154.7837  avg_len=2.7  min_len=2  ls=[0.1, 1.5337, 1.5161, 1.3322, 1.5652]
[DT-GP] iter=  1 | dt_loss=0.125055  target_RTG=154.7837  floor=0.0000(active=0)
[DT-GP] iter=  2 | zero_steps=34.5%  mean_RTG=41.5521±10.1698  max_RTG=55.0556  avg_len=2.9  min_len=2  ls=[0.1, 1.5363, 1.5309, 1.5172, 1.5189]
[DT-GP] iter=  2 | dt_loss=0.110148  target_RTG=77.3918  floor=77.3918(active=1)
[DT-GP] iter=  3 | zero_steps=35.0%  mean_RTG=31.2979±6.6190  max_RTG=44.5639  avg_len=2.7  min_len=2  ls=[0.1, 1.5402, 1.5336, 1.524, 1.5283]
[DT-GP] iter=  3 | dt_loss=0.039354  target_RTG=77.3918  floor=77.3918(active=1)
[DT-GP] iter=  4 | zero_steps=36.2%  mean_RTG=17.2830±5.2015  max_RTG=26.3890  avg_len=2.7  min_len=1  ls=[0.1, 1.5359, 1.5323, 1.5268, 1.5279]
[DT-GP] iter=  4 | dt_loss=0.048175  target_RTG=77.3918  floor=77.3918(active=1)
[DT-GP] iter=  5 | zero_steps=88.2%  mean_RTG=0.2617±0.8168  max_RTG=3.9748  avg_len=1.1  min_len=1  ls=[0.0483, 1.5377, 1.5333, 1.5273, 1.5299]
[DT-GP] iter=  5 | dt_loss=0.004745  target_RTG=77.3918  floor=77.3918(active=1)
[DT-GP] iter=  6 | zero_steps=100.0%  mean_RTG=0.0000±0.0000  max_RTG=0.0000  avg_len=1.0  min_len=1  ls=[0.1743, 1.5341, 1.5318, 1.5265, 1.5287]
[DT-GP] iter=  6 | dt_loss=0.003965  target_RTG=77.3918  floor=77.3918(active=1)
[DT-GP] iter=  7 | zero_steps=85.7%  mean_RTG=0.5594±1.6880  max_RTG=6.8832  avg_len=1.2  min_len=1  ls=[1.5037, 1.536, 1.5326, 1.5252, 1.5302]
[DT-GP] iter=  7 | dt_loss=0.00196  target_RTG=77.3918  floor=77.3918(active=1)
[DT-GP] iter=  8 | zero_steps=100.0%  mean_RTG=0.0000±0.0000  max_RTG=0.0000  avg_len=1.0  min_len=1  ls=[1.5301, 1.5324, 1.5309, 1.5244, 1.5285]
[DT-GP] iter=  8 | dt_loss=0.002026  target_RTG=77.3918  floor=77.3918(active=1)
[DT-GP] iter=  9 | zero_steps=96.8%  mean_RTG=0.0062±0.0336  max_RTG=0.1869  avg_len=1.0  min_len=1  ls=[1.5275, 1.529, 1.5317, 1.5242, 1.5298]
[DT-GP] iter=  9 | dt_loss=0.001037  target_RTG=77.3918  floor=77.3918(active=1)
[DT-GP] iter= 10 | zero_steps=100.0%  mean_RTG=0.0000±0.0000  max_RTG=0.0000  avg_len=1.0  min_len=1  ls=[1.5267, 1.5263, 1.5299, 1.5239, 1.5279]
[DT-GP] iter= 10 | dt_loss=0.002018  target_RTG=77.3918  floor=77.3918(active=1)
[DT-GP] iter= 11 | zero_steps=100.0%  mean_RTG=0.0000±0.0000  max_RTG=0.0000  avg_len=1.0  min_len=1  ls=[1.5262, 1.5257, 1.5307, 1.5236, 1.5243]
[DT-GP] iter= 11 | dt_loss=0.001268  target_RTG=77.3918  floor=77.3918(active=1)
[DT-GP] iter= 12 | zero_steps=100.0%  mean_RTG=0.0000±0.0000  max_RTG=0.0000  avg_len=1.0  min_len=1  ls=[1.5256, 1.5252, 1.5287, 1.5233, 1.5219]
[DT-GP] iter= 12 | dt_loss=0.001106  target_RTG=77.3918  floor=77.3918(active=1)
[DT-GP] iter= 13 | zero_steps=100.0%  mean_RTG=0.0000±0.0000  max_RTG=0.0000  avg_len=1.0  min_len=1  ls=[1.5251, 1.5247, 1.5245, 1.5229, 1.5219]
[DT-GP] iter= 13 | dt_loss=0.000934  target_RTG=77.3918  floor=77.3918(active=1)
[DT-GP] iter= 14 | zero_steps=100.0%  mean_RTG=0.0000±0.0000  max_RTG=0.0000  avg_len=1.0  min_len=1  ls=[1.5245, 1.5241, 1.5224, 1.5225, 1.5214]
[DT-GP] iter= 14 | dt_loss=0.001096  target_RTG=77.3918  floor=77.3918(active=1)
[DT-GP] iter= 15 | zero_steps=100.0%  mean_RTG=0.0000±0.0000  max_RTG=0.0000  avg_len=1.0  min_len=1  ls=[1.5239, 1.5235, 1.5225, 1.522, 1.5211]
[DT-GP] iter= 15 | dt_loss=0.001156  target_RTG=77.3918  floor=77.3918(active=1)
[DT-GP] iter= 16 | zero_steps=100.0%  mean_RTG=0.0000±0.0000  max_RTG=0.0000  avg_len=1.0  min_len=1  ls=[1.5233, 1.523, 1.5217, 1.5215, 1.5206]
[DT-GP] iter= 16 | dt_loss=0.001066  target_RTG=77.3918  floor=77.3918(active=1)
[DT-GP] iter= 17 | zero_steps=100.0%  mean_RTG=0.0000±0.0000  max_RTG=0.0000  avg_len=1.0  min_len=1  ls=[1.5227, 1.5224, 1.5213, 1.521, 1.5202]
[DT-GP] iter= 17 | dt_loss=0.001354  target_RTG=77.3918  floor=77.3918(active=1)
[DT-GP] iter= 18 | zero_steps=100.0%  mean_RTG=0.0000±0.0000  max_RTG=0.0000  avg_len=1.0  min_len=1  ls=[1.5221, 1.5218, 1.5208, 1.5205, 1.5198]
[DT-GP] iter= 18 | dt_loss=0.000913  target_RTG=77.3918  floor=77.3918(active=1)
[DT-GP] iter= 19 | zero_steps=100.0%  mean_RTG=0.0000±0.0000  max_RTG=0.0000  avg_len=1.0  min_len=1  ls=[1.5215, 1.5213, 1.5203, 1.52, 1.5193]
[DT-GP] iter= 19 | dt_loss=0.00093  target_RTG=77.3918  floor=77.3918(active=1)
[DT-GP] iter= 20 | zero_steps=100.0%  mean_RTG=0.0000±0.0000  max_RTG=0.0000  avg_len=1.0  min_len=1  ls=[1.5209, 1.5207, 1.5197, 1.5195, 1.5188]
[DT-GP] iter= 20 | dt_loss=0.00103  target_RTG=77.3918  floor=77.3918(active=1)
[DT-GP] iter= 21 | zero_steps=96.8%  mean_RTG=0.1584±0.8528  max_RTG=4.7511  avg_len=1.0  min_len=1  ls=[1.5203, 1.5201, 1.5192, 1.519, 1.5183]
[DT-GP] iter= 21 | dt_loss=0.000799  target_RTG=77.3918  floor=77.3918(active=1)
[DT-GP] iter= 22 | zero_steps=90.9%  mean_RTG=0.5021±1.6906  max_RTG=7.9346  avg_len=1.1  min_len=1  ls=[1.5197, 1.5195, 1.5186, 1.5184, 1.5178]
[DT-GP] iter= 22 | dt_loss=0.000923  target_RTG=77.3918  floor=77.3918(active=1)
[DT-GP] iter= 23 | zero_steps=93.8%  mean_RTG=0.1987±0.9788  max_RTG=5.4463  avg_len=1.1  min_len=1  ls=[1.5191, 1.5189, 1.5181, 1.5179, 1.5173]
[DT-GP] iter= 23 | dt_loss=0.001025  target_RTG=77.3918  floor=77.3918(active=1)
[DT-GP] iter= 24 | zero_steps=96.8%  mean_RTG=0.0398±0.2144  max_RTG=1.1942  avg_len=1.0  min_len=1  ls=[1.5185, 1.5183, 1.5175, 1.5173, 1.5167]
[DT-GP] iter= 24 | dt_loss=0.000755  target_RTG=77.3918  floor=77.3918(active=1)
[DT-GP] iter= 25 | zero_steps=100.0%  mean_RTG=0.0000±0.0000  max_RTG=0.0000  avg_len=1.0  min_len=1  ls=[1.5179, 1.5177, 1.517, 1.5168, 1.5162]
[DT-GP] iter= 25 | dt_loss=0.001005  target_RTG=77.3918  floor=77.3918(active=1)
[DT-GP] iter= 26 | zero_steps=100.0%  mean_RTG=0.0000±0.0000  max_RTG=0.0000  avg_len=1.0  min_len=1  ls=[1.5173, 1.5171, 1.5164, 1.5162, 1.5157]
[DT-GP] iter= 26 | dt_loss=0.001138  target_RTG=77.3918  floor=77.3918(active=1)
[DT-GP] iter= 27 | zero_steps=96.8%  mean_RTG=0.1961±1.0558  max_RTG=5.8819  avg_len=1.0  min_len=1  ls=[1.5167, 1.5165, 1.5158, 1.5156, 1.5151]
[DT-GP] iter= 27 | dt_loss=0.000685  target_RTG=77.3918  floor=77.3918(active=1)
[DT-GP] iter= 28 | zero_steps=96.8%  mean_RTG=0.1316±0.7086  max_RTG=3.9477  avg_len=1.0  min_len=1  ls=[1.5161, 1.5159, 1.5152, 1.5151, 1.5146]
[DT-GP] iter= 28 | dt_loss=0.000771  target_RTG=77.3918  floor=77.3918(active=1)
[DT-GP] iter= 29 | zero_steps=100.0%  mean_RTG=0.0000±0.0000  max_RTG=0.0000  avg_len=1.0  min_len=1  ls=[1.5155, 1.5153, 1.5147, 1.5145, 1.514]
[DT-GP] iter= 29 | dt_loss=0.000899  target_RTG=77.3918  floor=77.3918(active=1)
[DT-GP] iter= 30 | zero_steps=100.0%  mean_RTG=0.0000±0.0000  max_RTG=0.0000  avg_len=1.0  min_len=1  ls=[1.5149, 1.5147, 1.5141, 1.5139, 1.5134]
[DT-GP] iter= 30 | dt_loss=0.00098  target_RTG=77.3918  floor=77.3918(active=1)
final best = -4.7370
  [DT-GP-floor02] running... 