/home/yuru/DRO-proj/DRO-aistats-submission/.venv/lib/python3.10/site-packages/botorch/test_functions/base.py:45: UserWarning: To copy construct from a tensor, it is recommended to use sourceTensor.clone().detach() or sourceTensor.clone().detach().requires_grad_(True), rather than torch.tensor(sourceTensor).
  "bounds", torch.tensor(self._bounds, dtype=torch.float).transpose(-1, -2)

=================================================================
  Floored Dynamic RTG (DT-GP) — Levy 2D
  Trials : 10  |  Seeds 0–9
  Budget : 10 init + 30 iter = 40 evaluations
  Conditions: DT-GP×3 (floor α∈{0.5,0.2,0.1}) + DT-GT-dynamic (reference)
  Save dir  : res/floored_rtg_dtgp_levy
=================================================================


── Trial 1/10  (seed=0) ────────────────────────────────────────
  [DT-GP-floor05] running... Using device: cpu, dtype: torch.float64
Set random seed: 0
Save directory set to: res
Sampling 10 initial points using 'sobol' method...
Initializing BoTorch GP ensemble...
[DT-GP] iter=  1 | zero_steps=62.5%  mean_RTG=0.6394±0.9727  max_RTG=3.8071  avg_len=1.6  min_len=1  ls=[0.1, 2.0906, 2.3984, 2.0057, 2.4961]
[DT-GP] iter=  1 | dt_loss=0.82564  target_RTG=3.8071  floor=0.0000(active=0)
[DT-GP] iter=  2 | zero_steps=56.6%  mean_RTG=0.6386±0.6268  max_RTG=2.1321  avg_len=1.8  min_len=1  ls=[0.1, 2.1684, 2.1632, 2.1695, 2.1632]
[DT-GP] iter=  2 | dt_loss=0.704555  target_RTG=2.1321  floor=1.9035(active=0)
[DT-GP] iter=  3 | zero_steps=38.0%  mean_RTG=0.7599±0.3093  max_RTG=1.7433  avg_len=2.6  min_len=2  ls=[2.351, 2.1881, 2.1826, 2.1831, 2.1805]
[DT-GP] iter=  3 | dt_loss=0.014627  target_RTG=1.9035  floor=1.9035(active=1)
[DT-GP] iter=  4 | zero_steps=40.0%  mean_RTG=0.5256±0.1809  max_RTG=1.0628  avg_len=2.5  min_len=1  ls=[2.1463, 2.146, 2.1437, 2.144, 2.1436]
[DT-GP] iter=  4 | dt_loss=0.031279  target_RTG=1.9035  floor=1.9035(active=1)
[DT-GP] iter=  5 | zero_steps=35.8%  mean_RTG=0.6712±0.2129  max_RTG=1.2461  avg_len=2.7  min_len=2  ls=[2.2199, 2.2153, 2.216, 2.2158, 2.2157]
[DT-GP] iter=  5 | dt_loss=0.009115  target_RTG=1.9035  floor=1.9035(active=1)
[DT-GP] iter=  6 | zero_steps=57.7%  mean_RTG=0.1233±0.1515  max_RTG=0.5169  avg_len=1.7  min_len=1  ls=[2.3193, 2.3185, 2.3188, 2.3186, 2.3186]
[DT-GP] iter=  6 | dt_loss=0.333071  target_RTG=1.9035  floor=1.9035(active=1)
[DT-GP] iter=  7 | zero_steps=60.0%  mean_RTG=0.0812±0.1005  max_RTG=0.3760  avg_len=1.7  min_len=1  ls=[2.285, 2.2849, 2.2851, 2.285, 2.285]
[DT-GP] iter=  7 | dt_loss=0.005238  target_RTG=1.9035  floor=1.9035(active=1)
[DT-GP] iter=  8 | zero_steps=69.8%  mean_RTG=0.0514±0.0989  max_RTG=0.4994  avg_len=1.4  min_len=1  ls=[2.1847, 2.1847, 2.1848, 2.1848, 2.1848]
[DT-GP] iter=  8 | dt_loss=0.032188  target_RTG=1.9035  floor=1.9035(active=1)
[DT-GP] iter=  9 | zero_steps=61.2%  mean_RTG=0.0292±0.0393  max_RTG=0.1373  avg_len=1.6  min_len=1  ls=[2.1482, 2.1481, 2.1482, 2.1481, 2.1481]
[DT-GP] iter=  9 | dt_loss=0.019494  target_RTG=1.9035  floor=1.9035(active=1)
[DT-GP] iter= 10 | zero_steps=39.7%  mean_RTG=0.5307±0.4946  max_RTG=1.8411  avg_len=2.3  min_len=1  ls=[1.5965, 1.5964, 1.5965, 1.5965, 1.5965]
[DT-GP] iter= 10 | dt_loss=0.037956  target_RTG=1.9035  floor=1.9035(active=1)
[DT-GP] iter= 11 | zero_steps=55.6%  mean_RTG=0.0948±0.1169  max_RTG=0.4196  avg_len=1.8  min_len=1  ls=[1.5637, 1.5638, 1.5637, 1.5638, 1.5638]
[DT-GP] iter= 11 | dt_loss=0.00751  target_RTG=1.9035  floor=1.9035(active=1)
[DT-GP] iter= 12 | zero_steps=35.4%  mean_RTG=0.1716±0.1819  max_RTG=1.0499  avg_len=2.7  min_len=1  ls=[1.5608, 1.5607, 1.5608, 1.5607, 1.5607]
[DT-GP] iter= 12 | dt_loss=0.057567  target_RTG=1.9035  floor=1.9035(active=1)
[DT-GP] iter= 13 | zero_steps=33.0%  mean_RTG=0.1772±0.0755  max_RTG=0.3661  avg_len=2.9  min_len=1  ls=[1.4517, 1.4517, 1.4517, 1.4517, 1.4517]
[DT-GP] iter= 13 | dt_loss=0.009766  target_RTG=1.9035  floor=1.9035(active=1)
[DT-GP] iter= 14 | zero_steps=48.4%  mean_RTG=0.0888±0.0559  max_RTG=0.1977  avg_len=2.1  min_len=1  ls=[1.4367, 1.4367, 1.4367, 1.4367, 1.4367]
[DT-GP] iter= 14 | dt_loss=0.065209  target_RTG=1.9035  floor=1.9035(active=1)
[DT-GP] iter= 15 | zero_steps=32.1%  mean_RTG=0.1207±0.0808  max_RTG=0.4060  avg_len=2.7  min_len=1  ls=[1.4583, 1.4583, 1.4583, 1.4583, 1.4583]
[DT-GP] iter= 15 | dt_loss=0.064955  target_RTG=1.9035  floor=1.9035(active=1)
[DT-GP] iter= 16 | zero_steps=38.5%  mean_RTG=0.0908±0.0832  max_RTG=0.4755  avg_len=2.6  min_len=1  ls=[1.4688, 1.4688, 1.4688, 1.4688, 1.4688]
[DT-GP] iter= 16 | dt_loss=0.027027  target_RTG=1.9035  floor=1.9035(active=1)
[DT-GP] iter= 17 | zero_steps=34.9%  mean_RTG=0.0778±0.0812  max_RTG=0.4971  avg_len=2.8  min_len=2  ls=[1.4936, 1.4936, 1.4936, 1.4936, 1.4936]
[DT-GP] iter= 17 | dt_loss=0.003664  target_RTG=1.9035  floor=1.9035(active=1)
[DT-GP] iter= 18 | zero_steps=34.6%  mean_RTG=0.0633±0.0997  max_RTG=0.5922  avg_len=2.7  min_len=1  ls=[1.4782, 1.4782, 1.4782, 1.4782, 1.4782]
[DT-GP] iter= 18 | dt_loss=0.004899  target_RTG=1.9035  floor=1.9035(active=1)
[DT-GP] iter= 19 | zero_steps=57.7%  mean_RTG=0.0090±0.0099  max_RTG=0.0332  avg_len=1.7  min_len=1  ls=[1.5248, 1.5248, 1.5248, 1.5248, 1.5248]
[DT-GP] iter= 19 | dt_loss=0.002592  target_RTG=1.9035  floor=1.9035(active=1)
[DT-GP] iter= 20 | zero_steps=65.2%  mean_RTG=0.0046±0.0065  max_RTG=0.0200  avg_len=1.5  min_len=1  ls=[1.5255, 1.5255, 1.5255, 1.5255, 1.5255]
[DT-GP] iter= 20 | dt_loss=0.001262  target_RTG=1.9035  floor=1.9035(active=1)
[DT-GP] iter= 21 | zero_steps=68.2%  mean_RTG=0.0060±0.0088  max_RTG=0.0295  avg_len=1.5  min_len=1  ls=[1.529, 1.529, 1.529, 1.529, 1.529]
[DT-GP] iter= 21 | dt_loss=0.001638  target_RTG=1.9035  floor=1.9035(active=1)
[DT-GP] iter= 22 | zero_steps=58.8%  mean_RTG=0.0059±0.0067  max_RTG=0.0200  avg_len=1.7  min_len=1  ls=[1.5283, 1.5283, 1.5283, 1.5283, 1.5283]
[DT-GP] iter= 22 | dt_loss=0.002053  target_RTG=1.9035  floor=1.9035(active=1)
[DT-GP] iter= 23 | zero_steps=75.0%  mean_RTG=0.0035±0.0068  max_RTG=0.0263  avg_len=1.3  min_len=1  ls=[1.5296, 1.5296, 1.5296, 1.5296, 1.5296]
[DT-GP] iter= 23 | dt_loss=0.001655  target_RTG=1.9035  floor=1.9035(active=1)
[DT-GP] iter= 24 | zero_steps=61.2%  mean_RTG=0.0041±0.0076  max_RTG=0.0314  avg_len=1.6  min_len=1  ls=[1.5289, 1.5289, 1.5289, 1.5289, 1.5289]
[DT-GP] iter= 24 | dt_loss=0.002986  target_RTG=1.9035  floor=1.9035(active=1)
[DT-GP] iter= 25 | zero_steps=66.7%  mean_RTG=0.0035±0.0060  max_RTG=0.0225  avg_len=1.5  min_len=1  ls=[1.5294, 1.5294, 1.5294, 1.5294, 1.5294]
[DT-GP] iter= 25 | dt_loss=0.002627  target_RTG=1.9035  floor=1.9035(active=1)
[DT-GP] iter= 26 | zero_steps=60.0%  mean_RTG=0.0050±0.0073  max_RTG=0.0291  avg_len=1.7  min_len=1  ls=[1.5293, 1.5293, 1.5293, 1.5293, 1.5293]
[DT-GP] iter= 26 | dt_loss=0.004348  target_RTG=1.9035  floor=1.9035(active=1)
[DT-GP] iter= 27 | zero_steps=73.2%  mean_RTG=0.0030±0.0078  max_RTG=0.0362  avg_len=1.4  min_len=1  ls=[1.5294, 1.5294, 1.5294, 1.5294, 1.5294]
[DT-GP] iter= 27 | dt_loss=0.004305  target_RTG=1.9035  floor=1.9035(active=1)
[DT-GP] iter= 28 | zero_steps=65.2%  mean_RTG=0.0035±0.0050  max_RTG=0.0194  avg_len=1.5  min_len=1  ls=[1.5298, 1.5298, 1.5298, 1.5298, 1.5298]
[DT-GP] iter= 28 | dt_loss=0.004487  target_RTG=1.9035  floor=1.9035(active=1)
[DT-GP] iter= 29 | zero_steps=66.7%  mean_RTG=0.0047±0.0071  max_RTG=0.0255  avg_len=1.5  min_len=1  ls=[1.5295, 1.5295, 1.5295, 1.5295, 1.5295]
[DT-GP] iter= 29 | dt_loss=0.002974  target_RTG=1.9035  floor=1.9035(active=1)
[DT-GP] iter= 30 | zero_steps=60.0%  mean_RTG=0.0050±0.0072  max_RTG=0.0272  avg_len=1.7  min_len=1  ls=[1.5307, 1.5307, 1.5307, 1.5307, 1.5307]
[DT-GP] iter= 30 | dt_loss=0.003296  target_RTG=1.9035  floor=1.9035(active=1)
final best = -0.0000
  [DT-GP-floor02] running... Using device: cpu, dtype: torch.float64
Set random seed: 0
Save directory set to: res
Sampling 10 initial points using 'sobol' method...
Initializing BoTorch GP ensemble...
[DT-GP] iter=  1 | zero_steps=62.5%  mean_RTG=0.6394±0.9727  max_RTG=3.8071  avg_len=1.6  min_len=1  ls=[0.1, 2.0906, 2.3984, 2.0057, 2.4961]
[DT-GP] iter=  1 | dt_loss=0.82564  target_RTG=3.8071  floor=0.0000(active=0)
[DT-GP] iter=  2 | zero_steps=56.6%  mean_RTG=0.6386±0.6268  max_RTG=2.1321  avg_len=1.8  min_len=1  ls=[0.1, 2.1684, 2.1632, 2.1695, 2.1632]
[DT-GP] iter=  2 | dt_loss=0.704555  target_RTG=2.1321  floor=0.7614(active=0)
[DT-GP] iter=  3 | zero_steps=38.0%  mean_RTG=0.7599±0.3093  max_RTG=1.7433  avg_len=2.6  min_len=2  ls=[2.351, 2.1881, 2.1826, 2.1831, 2.1805]
[DT-GP] iter=  3 | dt_loss=0.014627  target_RTG=1.7433  floor=0.7614(active=0)
[DT-GP] iter=  4 | zero_steps=40.0%  mean_RTG=0.5379±0.1917  max_RTG=1.2485  avg_len=2.5  min_len=1  ls=[2.1399, 2.1384, 2.1339, 2.1369, 2.1338]
[DT-GP] iter=  4 | dt_loss=0.030459  target_RTG=1.2485  floor=0.7614(active=0)
[DT-GP] iter=  5 | zero_steps=37.2%  mean_RTG=0.6603±0.2489  max_RTG=1.2671  avg_len=2.6  min_len=1  ls=[2.2407, 2.2376, 2.2343, 2.2345, 2.2346]
[DT-GP] iter=  5 | dt_loss=0.008282  target_RTG=1.2671  floor=0.7614(active=0)
[DT-GP] iter=  6 | zero_steps=57.7%  mean_RTG=0.1283±0.1602  max_RTG=0.5367  avg_len=1.7  min_len=1  ls=[2.3278, 2.3254, 2.3234, 2.3234, 2.3234]
[DT-GP] iter=  6 | dt_loss=0.190502  target_RTG=0.7614  floor=0.7614(active=1)
[DT-GP] iter=  7 | zero_steps=53.6%  mean_RTG=0.1024±0.1133  max_RTG=0.4265  avg_len=1.9  min_len=1  ls=[2.3274, 2.3278, 2.3286, 2.3285, 2.3286]
[DT-GP] iter=  7 | dt_loss=0.022671  target_RTG=0.7614  floor=0.7614(active=1)
[DT-GP] iter=  8 | zero_steps=50.8%  mean_RTG=0.1889±0.3805  max_RTG=1.8010  avg_len=2.0  min_len=1  ls=[1.8582, 1.8589, 1.8594, 1.8594, 1.8594]
[DT-GP] iter=  8 | dt_loss=0.056145  target_RTG=1.8010  floor=0.7614(active=0)
[DT-GP] iter=  9 | zero_steps=42.6%  mean_RTG=0.0569±0.0400  max_RTG=0.1524  avg_len=2.3  min_len=1  ls=[1.7892, 1.7888, 1.7884, 1.7884, 1.7884]
[DT-GP] iter=  9 | dt_loss=0.003421  target_RTG=0.7614  floor=0.7614(active=1)
[DT-GP] iter= 10 | zero_steps=55.8%  mean_RTG=0.0330±0.0372  max_RTG=0.1147  avg_len=1.7  min_len=1  ls=[1.6975, 1.6979, 1.6982, 1.6982, 1.6982]
[DT-GP] iter= 10 | dt_loss=0.00743  target_RTG=0.7614  floor=0.7614(active=1)
[DT-GP] iter= 11 | zero_steps=66.7%  mean_RTG=0.0105±0.0144  max_RTG=0.0540  avg_len=1.5  min_len=1  ls=[1.682, 1.6818, 1.6816, 1.6816, 1.6816]
[DT-GP] iter= 11 | dt_loss=0.010463  target_RTG=0.7614  floor=0.7614(active=1)
[DT-GP] iter= 12 | zero_steps=68.2%  mean_RTG=0.0062±0.0119  max_RTG=0.0418  avg_len=1.5  min_len=1  ls=[1.6825, 1.6827, 1.6829, 1.6829, 1.6829]
[DT-GP] iter= 12 | dt_loss=0.015988  target_RTG=0.7614  floor=0.7614(active=1)
[DT-GP] iter= 13 | zero_steps=63.8%  mean_RTG=0.0068±0.0118  max_RTG=0.0469  avg_len=1.6  min_len=1  ls=[1.6743, 1.6742, 1.6742, 1.6742, 1.6742]
[DT-GP] iter= 13 | dt_loss=0.010272  target_RTG=0.7614  floor=0.7614(active=1)
[DT-GP] iter= 14 | zero_steps=93.8%  mean_RTG=0.0014±0.0053  max_RTG=0.0225  avg_len=1.1  min_len=1  ls=[1.6484, 1.6483, 1.6485, 1.6485, 1.6485]
[DT-GP] iter= 14 | dt_loss=0.003468  target_RTG=0.7614  floor=0.7614(active=1)
[DT-GP] iter= 15 | zero_steps=81.1%  mean_RTG=0.0070±0.0215  max_RTG=0.1149  avg_len=1.2  min_len=1  ls=[1.6316, 1.6315, 1.6317, 1.6317, 1.6317]
[DT-GP] iter= 15 | dt_loss=0.005308  target_RTG=0.7614  floor=0.7614(active=1)
[DT-GP] iter= 16 | zero_steps=88.2%  mean_RTG=0.0020±0.0066  max_RTG=0.0326  avg_len=1.1  min_len=1  ls=[1.6275, 1.6275, 1.6276, 1.6276, 1.6276]
[DT-GP] iter= 16 | dt_loss=0.004293  target_RTG=0.7614  floor=0.7614(active=1)
[DT-GP] iter= 17 | zero_steps=90.9%  mean_RTG=0.0013±0.0070  max_RTG=0.0391  avg_len=1.1  min_len=1  ls=[1.6274, 1.6274, 1.6274, 1.6274, 1.6274]
[DT-GP] iter= 17 | dt_loss=0.00325  target_RTG=0.7614  floor=0.7614(active=1)
[DT-GP] iter= 18 | zero_steps=65.2%  mean_RTG=0.0038±0.0056  max_RTG=0.0183  avg_len=1.5  min_len=1  ls=[1.6436, 1.6436, 1.6436, 1.6436, 1.6436]
[DT-GP] iter= 18 | dt_loss=0.00707  target_RTG=0.7614  floor=0.7614(active=1)
[DT-GP] iter= 19 | zero_steps=66.7%  mean_RTG=0.0030±0.0050  max_RTG=0.0204  avg_len=1.5  min_len=1  ls=[1.641, 1.641, 1.641, 1.641, 1.641]
[DT-GP] iter= 19 | dt_loss=0.007603  target_RTG=0.7614  floor=0.7614(active=1)
[DT-GP] iter= 20 | zero_steps=68.2%  mean_RTG=0.0036±0.0063  max_RTG=0.0243  avg_len=1.5  min_len=1  ls=[1.6378, 1.6378, 1.6378, 1.6378, 1.6378]
[DT-GP] iter= 20 | dt_loss=0.002488  target_RTG=0.7614  floor=0.7614(active=1)
[DT-GP] iter= 21 | zero_steps=73.2%  mean_RTG=0.0026±0.0049  max_RTG=0.0182  avg_len=1.4  min_len=1  ls=[1.6422, 1.6422, 1.6422, 1.6422, 1.6422]
[DT-GP] iter= 21 | dt_loss=0.019651  target_RTG=0.7614  floor=0.7614(active=1)
[DT-GP] iter= 22 | zero_steps=62.5%  mean_RTG=0.0043±0.0067  max_RTG=0.0234  avg_len=1.6  min_len=1  ls=[1.6393, 1.6393, 1.6393, 1.6393, 1.6393]
[DT-GP] iter= 22 | dt_loss=0.011348  target_RTG=0.7614  floor=0.7614(active=1)
[DT-GP] iter= 23 | zero_steps=62.5%  mean_RTG=0.0037±0.0051  max_RTG=0.0164  avg_len=1.6  min_len=1  ls=[1.6438, 1.6438, 1.6438, 1.6438, 1.6438]
[DT-GP] iter= 23 | dt_loss=0.004892  target_RTG=0.7614  floor=0.7614(active=1)
[DT-GP] iter= 24 | zero_steps=73.2%  mean_RTG=0.0028±0.0051  max_RTG=0.0215  avg_len=1.4  min_len=1  ls=[1.6423, 1.6423, 1.6423, 1.6423, 1.6423]
[DT-GP] iter= 24 | dt_loss=0.030362  target_RTG=0.7614  floor=0.7614(active=1)
[DT-GP] iter= 25 | zero_steps=75.0%  mean_RTG=0.0023±0.0048  max_RTG=0.0204  avg_len=1.3  min_len=1  ls=[1.6471, 1.6471, 1.6471, 1.6471, 1.6471]
[DT-GP] iter= 25 | dt_loss=0.028284  target_RTG=0.7614  floor=0.7614(active=1)
[DT-GP] iter= 26 | zero_steps=75.0%  mean_RTG=0.0032±0.0056  max_RTG=0.0190  avg_len=1.3  min_len=1  ls=[1.6458, 1.6458, 1.6458, 1.6458, 1.6458]
[DT-GP] iter= 26 | dt_loss=0.002895  target_RTG=0.7614  floor=0.7614(active=1)
[DT-GP] iter= 27 | zero_steps=71.4%  mean_RTG=0.0038±0.0064  max_RTG=0.0199  avg_len=1.4  min_len=1  ls=[1.642, 1.642, 1.642, 1.642, 1.642]
[DT-GP] iter= 27 | dt_loss=0.00931  target_RTG=0.7614  floor=0.7614(active=1)
[DT-GP] iter= 28 | zero_steps=63.8%  mean_RTG=0.0041±0.0060  max_RTG=0.0252  avg_len=1.6  min_len=1  ls=[1.6438, 1.6438, 1.6438, 1.6438, 1.6438]
[DT-GP] iter= 28 | dt_loss=0.003922  target_RTG=0.7614  floor=0.7614(active=1)
[DT-GP] iter= 29 | zero_steps=78.9%  mean_RTG=0.0018±0.0036  max_RTG=0.0121  avg_len=1.3  min_len=1  ls=[1.6411, 1.6411, 1.6411, 1.6411, 1.6411]
[DT-GP] iter= 29 | dt_loss=0.01104  target_RTG=0.7614  floor=0.7614(active=1)
[DT-GP] iter= 30 | zero_steps=71.4%  mean_RTG=0.0026±0.0047  max_RTG=0.0172  avg_len=1.4  min_len=1  ls=[1.6422, 1.6422, 1.6422, 1.6422, 1.6422]
[DT-GP] iter= 30 | dt_loss=0.006567  target_RTG=0.7614  floor=0.7614(active=1)
final best = -0.0000
  [DT-GP-floor01] running... Using device: cpu, dtype: torch.float64
Set random seed: 0
Save directory set to: res
Sampling 10 initial points using 'sobol' method...
Initializing BoTorch GP ensemble...
[DT-GP] iter=  1 | zero_steps=62.5%  mean_RTG=0.6394±0.9727  max_RTG=3.8071  avg_len=1.6  min_len=1  ls=[0.1, 2.0906, 2.3984, 2.0057, 2.4961]
[DT-GP] iter=  1 | dt_loss=0.82564  target_RTG=3.8071  floor=0.0000(active=0)
[DT-GP] iter=  2 | zero_steps=56.6%  mean_RTG=0.6386±0.6268  max_RTG=2.1321  avg_len=1.8  min_len=1  ls=[0.1, 2.1684, 2.1632, 2.1695, 2.1632]
[DT-GP] iter=  2 | dt_loss=0.704555  target_RTG=2.1321  floor=0.3807(active=0)
[DT-GP] iter=  3 | zero_steps=38.0%  mean_RTG=0.7599±0.3093  max_RTG=1.7433  avg_len=2.6  min_len=2  ls=[2.351, 2.1881, 2.1826, 2.1831, 2.1805]
[DT-GP] iter=  3 | dt_loss=0.014627  target_RTG=1.7433  floor=0.3807(active=0)
[DT-GP] iter=  4 | zero_steps=40.0%  mean_RTG=0.5379±0.1917  max_RTG=1.2485  avg_len=2.5  min_len=1  ls=[2.1399, 2.1384, 2.1339, 2.1369, 2.1338]
[DT-GP] iter=  4 | dt_loss=0.030459  target_RTG=1.2485  floor=0.3807(active=0)
[DT-GP] iter=  5 | zero_steps=37.2%  mean_RTG=0.6603±0.2489  max_RTG=1.2671  avg_len=2.6  min_len=1  ls=[2.2407, 2.2376, 2.2343, 2.2345, 2.2346]
[DT-GP] iter=  5 | dt_loss=0.008282  target_RTG=1.2671  floor=0.3807(active=0)
[DT-GP] iter=  6 | zero_steps=57.7%  mean_RTG=0.1283±0.1602  max_RTG=0.5367  avg_len=1.7  min_len=1  ls=[2.3278, 2.3254, 2.3234, 2.3234, 2.3234]
[DT-GP] iter=  6 | dt_loss=0.190502  target_RTG=0.5367  floor=0.3807(active=0)
[DT-GP] iter=  7 | zero_steps=53.6%  mean_RTG=0.1043±0.1152  max_RTG=0.4291  avg_len=1.9  min_len=1  ls=[2.3329, 2.3344, 2.3352, 2.3352, 2.3352]
[DT-GP] iter=  7 | dt_loss=0.025723  target_RTG=0.4291  floor=0.3807(active=0)
[DT-GP] iter=  8 | zero_steps=48.4%  mean_RTG=0.2350±0.4360  max_RTG=1.9966  avg_len=2.1  min_len=1  ls=[1.8247, 1.8255, 1.826, 1.826, 1.826]
[DT-GP] iter=  8 | dt_loss=0.057699  target_RTG=1.9966  floor=0.3807(active=0)
[DT-GP] iter=  9 | zero_steps=35.9%  mean_RTG=0.0880±0.0512  max_RTG=0.1961  avg_len=2.6  min_len=1  ls=[1.7314, 1.7316, 1.7315, 1.7315, 1.7315]
[DT-GP] iter=  9 | dt_loss=0.003565  target_RTG=0.3807  floor=0.3807(active=1)
[DT-GP] iter= 10 | zero_steps=57.7%  mean_RTG=0.0255±0.0324  max_RTG=0.1082  avg_len=1.7  min_len=1  ls=[1.8573, 1.8572, 1.857, 1.857, 1.857]
[DT-GP] iter= 10 | dt_loss=0.042208  target_RTG=0.3807  floor=0.3807(active=1)
[DT-GP] iter= 11 | zero_steps=52.6%  mean_RTG=0.0358±0.0403  max_RTG=0.1803  avg_len=1.9  min_len=1  ls=[1.6794, 1.6794, 1.6794, 1.6794, 1.6794]
[DT-GP] iter= 11 | dt_loss=0.008702  target_RTG=0.3807  floor=0.3807(active=1)
[DT-GP] iter= 12 | zero_steps=68.2%  mean_RTG=0.0096±0.0172  max_RTG=0.0562  avg_len=1.5  min_len=1  ls=[1.6988, 1.6987, 1.6987, 1.6987, 1.6987]
[DT-GP] iter= 12 | dt_loss=0.019603  target_RTG=0.3807  floor=0.3807(active=1)
[DT-GP] iter= 13 | zero_steps=60.0%  mean_RTG=0.0106±0.0142  max_RTG=0.0502  avg_len=1.7  min_len=1  ls=[1.6865, 1.6865, 1.6865, 1.6865, 1.6865]
[DT-GP] iter= 13 | dt_loss=0.010151  target_RTG=0.3807  floor=0.3807(active=1)
[DT-GP] iter= 14 | zero_steps=96.8%  mean_RTG=0.0000±0.0000  max_RTG=0.0003  avg_len=1.0  min_len=1  ls=[1.6608, 1.6609, 1.6609, 1.6609, 1.6609]
[DT-GP] iter= 14 | dt_loss=0.003941  target_RTG=0.3807  floor=0.3807(active=1)
[DT-GP] iter= 15 | zero_steps=88.2%  mean_RTG=0.0054±0.0198  max_RTG=0.1076  avg_len=1.1  min_len=1  ls=[1.6291, 1.6291, 1.6291, 1.6291, 1.6291]
[DT-GP] iter= 15 | dt_loss=0.00511  target_RTG=0.3807  floor=0.3807(active=1)
[DT-GP] iter= 16 | zero_steps=81.1%  mean_RTG=0.0036±0.0089  max_RTG=0.0388  avg_len=1.2  min_len=1  ls=[1.6209, 1.6209, 1.6209, 1.6209, 1.6209]
[DT-GP] iter= 16 | dt_loss=0.006681  target_RTG=0.3807  floor=0.3807(active=1)
[DT-GP] iter= 17 | zero_steps=90.9%  mean_RTG=0.0026±0.0121  max_RTG=0.0676  avg_len=1.1  min_len=1  ls=[1.6169, 1.6169, 1.6169, 1.6169, 1.6169]
[DT-GP] iter= 17 | dt_loss=0.004481  target_RTG=0.3807  floor=0.3807(active=1)
[DT-GP] iter= 18 | zero_steps=96.8%  mean_RTG=0.0001±0.0006  max_RTG=0.0033  avg_len=1.0  min_len=1  ls=[1.6341, 1.6341, 1.6341, 1.6341, 1.6341]
[DT-GP] iter= 18 | dt_loss=0.001951  target_RTG=0.3807  floor=0.3807(active=1)
[DT-GP] iter= 19 | zero_steps=100.0%  mean_RTG=0.0000±0.0000  max_RTG=0.0000  avg_len=1.0  min_len=1  ls=[1.6292, 1.6292, 1.6292, 1.6292, 1.6292]
[DT-GP] iter= 19 | dt_loss=0.00119  target_RTG=0.3807  floor=0.3807(active=1)
[DT-GP] iter= 20 | zero_steps=93.8%  mean_RTG=0.0045±0.0193  max_RTG=0.1037  avg_len=1.1  min_len=1  ls=[1.6258, 1.6258, 1.6258, 1.6258, 1.6258]
[DT-GP] iter= 20 | dt_loss=0.001759  target_RTG=0.3807  floor=0.3807(active=1)
[DT-GP] iter= 21 | zero_steps=90.9%  mean_RTG=0.0033±0.0152  max_RTG=0.0839  avg_len=1.1  min_len=1  ls=[1.623, 1.623, 1.623, 1.623, 1.623]
[DT-GP] iter= 21 | dt_loss=0.002243  target_RTG=0.3807  floor=0.3807(active=1)
[DT-GP] iter= 22 | zero_steps=96.8%  mean_RTG=0.0030±0.0160  max_RTG=0.0889  avg_len=1.0  min_len=1  ls=[1.6251, 1.6251, 1.6251, 1.6251, 1.6251]
[DT-GP] iter= 22 | dt_loss=0.001755  target_RTG=0.3807  floor=0.3807(active=1)
[DT-GP] iter= 23 | zero_steps=93.8%  mean_RTG=0.0039±0.0147  max_RTG=0.0656  avg_len=1.1  min_len=1  ls=[1.6242, 1.6242, 1.6242, 1.6242, 1.6242]
[DT-GP] iter= 23 | dt_loss=0.001608  target_RTG=0.3807  floor=0.3807(active=1)
[DT-GP] iter= 24 | zero_steps=96.8%  mean_RTG=0.0044±0.0238  max_RTG=0.1326  avg_len=1.0  min_len=1  ls=[1.6271, 1.6271, 1.6271, 1.6271, 1.6271]
[DT-GP] iter= 24 | dt_loss=0.001483  target_RTG=0.3807  floor=0.3807(active=1)
[DT-GP] iter= 25 | zero_steps=90.9%  mean_RTG=0.0028±0.0140  max_RTG=0.0779  avg_len=1.1  min_len=1  ls=[1.6247, 1.6247, 1.6247, 1.6247, 1.6247]
[DT-GP] iter= 25 | dt_loss=0.001357  target_RTG=0.3807  floor=0.3807(active=1)
[DT-GP] iter= 26 | zero_steps=100.0%  mean_RTG=0.0000±0.0000  max_RTG=0.0000  avg_len=1.0  min_len=1  ls=[1.625, 1.625, 1.625, 1.625, 1.625]
[DT-GP] iter= 26 | dt_loss=0.001438  target_RTG=0.3807  floor=0.3807(active=1)
[DT-GP] iter= 27 | zero_steps=100.0%  mean_RTG=0.0000±0.0000  max_RTG=0.0000  avg_len=1.0  min_len=1  ls=[1.6252, 1.6252, 1.6252, 1.6252, 1.6252]
[DT-GP] iter= 27 | dt_loss=0.001313  target_RTG=0.3807  floor=0.3807(active=1)
[DT-GP] iter= 28 | zero_steps=90.9%  mean_RTG=0.0027±0.0093  max_RTG=0.0405  avg_len=1.1  min_len=1  ls=[1.6255, 1.6255, 1.6255, 1.6255, 1.6255]
[DT-GP] iter= 28 | dt_loss=0.002142  target_RTG=0.3807  floor=0.3807(active=1)
[DT-GP] iter= 29 | zero_steps=96.8%  mean_RTG=0.0005±0.0029  max_RTG=0.0161  avg_len=1.0  min_len=1  ls=[1.6264, 1.6264, 1.6264, 1.6264, 1.6264]
[DT-GP] iter= 29 | dt_loss=0.001117  target_RTG=0.3807  floor=0.3807(active=1)
[DT-GP] iter= 30 | zero_steps=96.8%  mean_RTG=0.0032±0.0173  max_RTG=0.0964  avg_len=1.0  min_len=1  ls=[1.6218, 1.6218, 1.6218, 1.6218, 1.6218]
[DT-GP] iter= 30 | dt_loss=0.001324  target_RTG=0.3807  floor=0.3807(active=1)
final best = -0.0003
  [DT-GT-dynamic] running... Using device: cpu, dtype: torch.float64
Set random seed: 0
Save directory set to: res
Sampling 10 initial points using 'sobol' method...
Initializing BoTorch GP ensemble...
[DT-GT] iter=  1 | zero_steps=47.5%  mean_RTG=0.3698±0.3490  max_RTG=0.7795  avg_len=2.0  min_len=1  ls=[0.1, 2.0906, 2.3984, 2.0057, 2.4961]
[DT-GT] iter=  1 | dt_loss=1.084918  target_RTG=0.7795
[DT-GT] iter=  2 | zero_steps=51.7%  mean_RTG=0.5760±0.2659  max_RTG=0.7732  avg_len=1.9  min_len=1  ls=[2.2973, 1.9921, 2.001, 1.9928, 2.0084]
[DT-GT] iter=  2 | dt_loss=0.018832  target_RTG=0.7732
[DT-GT] iter=  3 | zero_steps=41.1%  mean_RTG=0.7063±0.0295  max_RTG=0.7506  avg_len=2.4  min_len=2  ls=[1.8998, 1.8987, 1.8993, 1.8975, 1.8996]
[DT-GT] iter=  3 | dt_loss=0.025872  target_RTG=0.7506
[DT-GT] iter=  4 | zero_steps=31.6%  mean_RTG=0.7429±0.0451  max_RTG=0.7790  avg_len=3.2  min_len=2  ls=[1.4303, 1.4196, 1.4162, 1.4202, 1.425]
[DT-GT] iter=  4 | dt_loss=0.024382  target_RTG=0.7790
[DT-GT] iter=  5 | zero_steps=85.7%  mean_RTG=0.0297±0.0776  max_RTG=0.2969  avg_len=1.2  min_len=1  ls=[0.4704, 0.4687, 0.4681, 0.4688, 0.4697]
[DT-GT] iter=  5 | dt_loss=0.029942  target_RTG=0.2969
[DT-GT] iter=  6 | zero_steps=40.5%  mean_RTG=0.5629±0.0798  max_RTG=0.6262  avg_len=2.5  min_len=2  ls=[0.9315, 0.9321, 0.9322, 0.9321, 0.9318]
[DT-GT] iter=  6 | dt_loss=0.013183  target_RTG=0.6262
[DT-GT] iter=  7 | zero_steps=85.7%  mean_RTG=0.0246±0.0619  max_RTG=0.2305  avg_len=1.2  min_len=1  ls=[1.2203, 1.2203, 1.2203, 1.2203, 1.2203]
[DT-GT] iter=  7 | dt_loss=0.013158  target_RTG=0.2305
[DT-GT] iter=  8 | zero_steps=93.8%  mean_RTG=0.0030±0.0112  max_RTG=0.0499  avg_len=1.1  min_len=1  ls=[1.3216, 1.321, 1.3209, 1.3211, 1.3213]
[DT-GT] iter=  8 | dt_loss=0.007948  target_RTG=0.0499
[DT-GT] iter=  9 | zero_steps=78.9%  mean_RTG=0.0085±0.0263  max_RTG=0.1428  avg_len=1.3  min_len=1  ls=[1.3925, 1.3928, 1.3929, 1.3928, 1.3927]
[DT-GT] iter=  9 | dt_loss=0.034697  target_RTG=0.1428
[DT-GT] iter= 10 | zero_steps=100.0%  mean_RTG=0.0000±0.0000  max_RTG=0.0000  avg_len=1.0  min_len=1  ls=[1.2424, 1.2422, 1.2422, 1.2422, 1.2423]
[DT-GT] iter= 10 | dt_loss=0.005526  target_RTG=0.0000
[DT-GT] iter= 11 | zero_steps=96.8%  mean_RTG=0.0040±0.0217  max_RTG=0.1208  avg_len=1.0  min_len=1  ls=[1.2301, 1.2301, 1.2301, 1.2301, 1.2301]
[DT-GT] iter= 11 | dt_loss=0.004539  target_RTG=0.1208
[DT-GT] iter= 12 | zero_steps=39.1%  mean_RTG=0.0555±0.0302  max_RTG=0.1008  avg_len=2.3  min_len=1  ls=[1.2286, 1.2285, 1.2285, 1.2285, 1.2286]
[DT-GT] iter= 12 | dt_loss=0.035289  target_RTG=0.1008
[DT-GT] iter= 13 | zero_steps=83.3%  mean_RTG=0.0069±0.0147  max_RTG=0.0518  avg_len=1.2  min_len=1  ls=[1.2423, 1.2423, 1.2423, 1.2423, 1.2423]
[DT-GT] iter= 13 | dt_loss=0.01428  target_RTG=0.0518
[DT-GT] iter= 14 | zero_steps=85.7%  mean_RTG=0.0052±0.0172  max_RTG=0.0898  avg_len=1.2  min_len=1  ls=[1.2576, 1.2576, 1.2576, 1.2576, 1.2576]
[DT-GT] iter= 14 | dt_loss=0.008782  target_RTG=0.0898
[DT-GT] iter= 15 | zero_steps=63.8%  mean_RTG=0.0270±0.0314  max_RTG=0.0777  avg_len=1.6  min_len=1  ls=[1.2315, 1.2315, 1.2315, 1.2315, 1.2315]
[DT-GT] iter= 15 | dt_loss=0.325372  target_RTG=0.0777
[DT-GT] iter= 16 | zero_steps=78.9%  mean_RTG=0.0130±0.0239  max_RTG=0.0742  avg_len=1.3  min_len=1  ls=[1.251, 1.251, 1.251, 1.251, 1.251]
[DT-GT] iter= 16 | dt_loss=0.20711  target_RTG=0.0742
[DT-GT] iter= 17 | zero_steps=93.8%  mean_RTG=0.0037±0.0139  max_RTG=0.0637  avg_len=1.1  min_len=1  ls=[1.2694, 1.2694, 1.2694, 1.2694, 1.2694]
[DT-GT] iter= 17 | dt_loss=0.011828  target_RTG=0.0637
[DT-GT] iter= 18 | zero_steps=49.2%  mean_RTG=0.0503±0.0363  max_RTG=0.0871  avg_len=2.0  min_len=1  ls=[1.2913, 1.2913, 1.2913, 1.2913, 1.2913]
[DT-GT] iter= 18 | dt_loss=0.019906  target_RTG=0.0871
[DT-GT] iter= 19 | zero_steps=32.2%  mean_RTG=0.0799±0.0090  max_RTG=0.0881  avg_len=2.9  min_len=2  ls=[1.3026, 1.3026, 1.3026, 1.3026, 1.3026]
[DT-GT] iter= 19 | dt_loss=0.009299  target_RTG=0.0881
[DT-GT] iter= 20 | zero_steps=29.2%  mean_RTG=0.0785±0.0170  max_RTG=0.0877  avg_len=3.2  min_len=1  ls=[1.2967, 1.2967, 1.2967, 1.2967, 1.2967]
[DT-GT] iter= 20 | dt_loss=0.007004  target_RTG=0.0877
[DT-GT] iter= 21 | zero_steps=78.9%  mean_RTG=0.0102±0.0170  max_RTG=0.0429  avg_len=1.3  min_len=1  ls=[1.3213, 1.3213, 1.3213, 1.3213, 1.3213]
[DT-GT] iter= 21 | dt_loss=0.008779  target_RTG=0.0429
[DT-GT] iter= 22 | zero_steps=88.2%  mean_RTG=0.0051±0.0129  max_RTG=0.0403  avg_len=1.1  min_len=1  ls=[1.321, 1.321, 1.321, 1.321, 1.321]
[DT-GT] iter= 22 | dt_loss=0.008418  target_RTG=0.0403
[DT-GT] iter= 23 | zero_steps=73.2%  mean_RTG=0.0110±0.0183  max_RTG=0.0461  avg_len=1.4  min_len=1  ls=[1.3443, 1.3443, 1.3443, 1.3443, 1.3443]
[DT-GT] iter= 23 | dt_loss=0.025877  target_RTG=0.0461
[DT-GT] iter= 24 | zero_steps=43.5%  mean_RTG=0.0364±0.0146  max_RTG=0.0462  avg_len=2.3  min_len=1  ls=[1.3325, 1.3325, 1.3325, 1.3325, 1.3325]
[DT-GT] iter= 24 | dt_loss=0.007165  target_RTG=0.0462
[DT-GT] iter= 25 | zero_steps=24.3%  mean_RTG=0.0456±0.0011  max_RTG=0.0462  avg_len=3.6  min_len=2  ls=[1.3302, 1.3302, 1.3302, 1.3302, 1.3302]
[DT-GT] iter= 25 | dt_loss=0.002986  target_RTG=0.0462
[DT-GT] iter= 26 | zero_steps=25.0%  mean_RTG=0.0458±0.0004  max_RTG=0.0462  avg_len=3.6  min_len=3  ls=[1.3487, 1.3487, 1.3487, 1.3487, 1.3487]
[DT-GT] iter= 26 | dt_loss=0.002765  target_RTG=0.0462
[DT-GT] iter= 27 | zero_steps=26.0%  mean_RTG=0.0454±0.0014  max_RTG=0.0462  avg_len=3.5  min_len=2  ls=[1.3448, 1.3448, 1.3448, 1.3448, 1.3448]
[DT-GT] iter= 27 | dt_loss=0.002838  target_RTG=0.0462
[DT-GT] iter= 28 | zero_steps=23.4%  mean_RTG=0.0455±0.0011  max_RTG=0.0462  avg_len=3.6  min_len=2  ls=[1.3501, 1.3501, 1.3501, 1.3501, 1.3501]
[DT-GT] iter= 28 | dt_loss=0.001931  target_RTG=0.0462
[DT-GT] iter= 29 | zero_steps=25.7%  mean_RTG=0.0456±0.0005  max_RTG=0.0462  avg_len=3.4  min_len=3  ls=[1.3501, 1.3501, 1.3501, 1.3501, 1.3501]
[DT-GT] iter= 29 | dt_loss=0.001823  target_RTG=0.0462
[DT-GT] iter= 30 | zero_steps=25.7%  mean_RTG=0.0457±0.0004  max_RTG=0.0462  avg_len=3.5  min_len=3  ls=[1.3527, 1.3527, 1.3527, 1.3527, 1.3527]
[DT-GT] iter= 30 | dt_loss=0.001697  target_RTG=0.0462
final best = -0.0462
  [ckpt] 1/10 saved → res/floored_rtg_dtgp_levy/floored_rtg_dtgp.ckpt.json

── Trial 2/10  (seed=1) ────────────────────────────────────────
  [DT-GP-floor05] running... Using device: cpu, dtype: torch.float64
Set random seed: 1
Save directory set to: res
Sampling 10 initial points using 'sobol' method...
Initializing BoTorch GP ensemble...
[DT-GP] iter=  1 | zero_steps=76.9%  mean_RTG=0.2696±0.6231  max_RTG=3.0615  avg_len=1.3  min_len=1  ls=[0.1, 1.7316, 1.749, 1.7315, 1.6282]
[DT-GP] iter=  1 | dt_loss=0.153516  target_RTG=3.0615  floor=0.0000(active=0)
[DT-GP] iter=  2 | zero_steps=66.7%  mean_RTG=0.4927±0.8355  max_RTG=3.0368  avg_len=1.5  min_len=1  ls=[0.1, 2.0082, 1.9939, 2.0024, 1.9978]
[DT-GP] iter=  2 | dt_loss=0.463649  target_RTG=3.0368  floor=1.5308(active=0)
[DT-GP] iter=  3 | zero_steps=63.8%  mean_RTG=0.3433±0.5251  max_RTG=1.7813  avg_len=1.6  min_len=1  ls=[2.3781, 2.0457, 2.043, 2.0466, 2.0589]
[DT-GP] iter=  3 | dt_loss=0.221585  target_RTG=1.7813  floor=1.5308(active=0)
[DT-GP] iter=  4 | zero_steps=57.7%  mean_RTG=0.3073±0.7080  max_RTG=3.6127  avg_len=1.7  min_len=1  ls=[1.5611, 1.4867, 1.4856, 1.4858, 1.5105]
[DT-GP] iter=  4 | dt_loss=0.205362  target_RTG=3.6127  floor=1.5308(active=0)
[DT-GP] iter=  5 | zero_steps=53.6%  mean_RTG=0.2481±0.4921  max_RTG=2.5010  avg_len=1.9  min_len=1  ls=[1.5723, 1.5717, 1.5718, 1.572, 1.5698]
[DT-GP] iter=  5 | dt_loss=0.109349  target_RTG=2.5010  floor=1.8063(active=0)
[DT-GP] iter=  6 | zero_steps=83.3%  mean_RTG=0.0598±0.1897  max_RTG=0.8477  avg_len=1.2  min_len=1  ls=[1.6017, 1.5988, 1.5985, 1.5984, 1.6012]
[DT-GP] iter=  6 | dt_loss=0.021085  target_RTG=1.8063  floor=1.8063(active=1)
[DT-GP] iter=  7 | zero_steps=78.9%  mean_RTG=0.1690±0.4432  max_RTG=1.6611  avg_len=1.3  min_len=1  ls=[1.6485, 1.6497, 1.6497, 1.6497, 1.6489]
[DT-GP] iter=  7 | dt_loss=0.01027  target_RTG=1.8063  floor=1.8063(active=1)
[DT-GP] iter=  8 | zero_steps=68.2%  mean_RTG=0.2005±0.3502  max_RTG=1.1098  avg_len=1.5  min_len=1  ls=[1.6939, 1.6935, 1.6935, 1.6935, 1.6938]
[DT-GP] iter=  8 | dt_loss=0.621943  target_RTG=1.8063  floor=1.8063(active=1)
[DT-GP] iter=  9 | zero_steps=56.6%  mean_RTG=0.2433±0.7213  max_RTG=3.1060  avg_len=1.8  min_len=1  ls=[1.7409, 1.7409, 1.7409, 1.7409, 1.7409]
[DT-GP] iter=  9 | dt_loss=0.567509  target_RTG=3.1060  floor=1.8063(active=0)
[DT-GP] iter= 10 | zero_steps=56.6%  mean_RTG=0.0610±0.1075  max_RTG=0.4453  avg_len=1.8  min_len=1  ls=[1.7734, 1.7734, 1.7734, 1.7734, 1.7734]
[DT-GP] iter= 10 | dt_loss=0.663068  target_RTG=1.8063  floor=1.8063(active=1)
[DT-GP] iter= 11 | zero_steps=47.6%  mean_RTG=0.0349±0.0313  max_RTG=0.1071  avg_len=2.1  min_len=1  ls=[1.735, 1.735, 1.735, 1.735, 1.735]
[DT-GP] iter= 11 | dt_loss=0.015742  target_RTG=1.8063  floor=1.8063(active=1)
[DT-GP] iter= 12 | zero_steps=39.0%  mean_RTG=0.0342±0.0099  max_RTG=0.0524  avg_len=2.6  min_len=2  ls=[1.7881, 1.7881, 1.7881, 1.7881, 1.7881]
[DT-GP] iter= 12 | dt_loss=0.007568  target_RTG=1.8063  floor=1.8063(active=1)
[DT-GP] iter= 13 | zero_steps=57.7%  mean_RTG=0.0095±0.0101  max_RTG=0.0333  avg_len=1.7  min_len=1  ls=[1.8042, 1.8042, 1.8042, 1.8042, 1.8042]
[DT-GP] iter= 13 | dt_loss=0.003513  target_RTG=1.8063  floor=1.8063(active=1)
[DT-GP] iter= 14 | zero_steps=68.2%  mean_RTG=0.0045±0.0068  max_RTG=0.0245  avg_len=1.5  min_len=1  ls=[1.8048, 1.8048, 1.8048, 1.8048, 1.8048]
[DT-GP] iter= 14 | dt_loss=0.00227  target_RTG=1.8063  floor=1.8063(active=1)
[DT-GP] iter= 15 | zero_steps=66.7%  mean_RTG=0.0039±0.0055  max_RTG=0.0211  avg_len=1.5  min_len=1  ls=[1.8085, 1.8085, 1.8085, 1.8085, 1.8085]
[DT-GP] iter= 15 | dt_loss=0.003211  target_RTG=1.8063  floor=1.8063(active=1)
[DT-GP] iter= 16 | zero_steps=71.4%  mean_RTG=0.0028±0.0056  max_RTG=0.0198  avg_len=1.4  min_len=1  ls=[1.8068, 1.8068, 1.8068, 1.8068, 1.8068]
[DT-GP] iter= 16 | dt_loss=0.00918  target_RTG=1.8063  floor=1.8063(active=1)
[DT-GP] iter= 17 | zero_steps=65.2%  mean_RTG=0.0028±0.0043  max_RTG=0.0198  avg_len=1.5  min_len=1  ls=[1.8095, 1.8095, 1.8095, 1.8095, 1.8095]
[DT-GP] iter= 17 | dt_loss=0.001565  target_RTG=1.8063  floor=1.8063(active=1)
[DT-GP] iter= 18 | zero_steps=66.7%  mean_RTG=0.0034±0.0051  max_RTG=0.0210  avg_len=1.5  min_len=1  ls=[1.8102, 1.8102, 1.8102, 1.8102, 1.8102]
[DT-GP] iter= 18 | dt_loss=0.00567  target_RTG=1.8063  floor=1.8063(active=1)
[DT-GP] iter= 19 | zero_steps=69.8%  mean_RTG=0.0038±0.0056  max_RTG=0.0184  avg_len=1.4  min_len=1  ls=[1.8122, 1.8122, 1.8122, 1.8122, 1.8122]
[DT-GP] iter= 19 | dt_loss=0.001844  target_RTG=1.8063  floor=1.8063(active=1)
[DT-GP] iter= 20 | zero_steps=50.8%  mean_RTG=0.0061±0.0076  max_RTG=0.0290  avg_len=2.0  min_len=1  ls=[1.8121, 1.8121, 1.8121, 1.8121, 1.8121]
[DT-GP] iter= 20 | dt_loss=0.005036  target_RTG=1.8063  floor=1.8063(active=1)
[DT-GP] iter= 21 | zero_steps=73.2%  mean_RTG=0.0032±0.0060  max_RTG=0.0260  avg_len=1.4  min_len=1  ls=[1.8129, 1.8129, 1.8129, 1.8129, 1.8129]
[DT-GP] iter= 21 | dt_loss=0.007285  target_RTG=1.8063  floor=1.8063(active=1)
[DT-GP] iter= 22 | zero_steps=54.7%  mean_RTG=0.0055±0.0065  max_RTG=0.0267  avg_len=1.8  min_len=1  ls=[1.8133, 1.8133, 1.8133, 1.8133, 1.8133]
[DT-GP] iter= 22 | dt_loss=0.0069  target_RTG=1.8063  floor=1.8063(active=1)
[DT-GP] iter= 23 | zero_steps=63.8%  mean_RTG=0.0052±0.0067  max_RTG=0.0250  avg_len=1.6  min_len=1  ls=[1.8135, 1.8135, 1.8135, 1.8135, 1.8135]
[DT-GP] iter= 23 | dt_loss=0.006311  target_RTG=1.8063  floor=1.8063(active=1)
[DT-GP] iter= 24 | zero_steps=69.8%  mean_RTG=0.0041±0.0060  max_RTG=0.0242  avg_len=1.4  min_len=1  ls=[1.8134, 1.8134, 1.8134, 1.8134, 1.8134]
[DT-GP] iter= 24 | dt_loss=0.00739  target_RTG=1.8063  floor=1.8063(active=1)
[DT-GP] iter= 25 | zero_steps=65.2%  mean_RTG=0.0039±0.0057  max_RTG=0.0214  avg_len=1.5  min_len=1  ls=[1.8141, 1.8141, 1.8141, 1.8141, 1.8141]
[DT-GP] iter= 25 | dt_loss=0.003099  target_RTG=1.8063  floor=1.8063(active=1)
[DT-GP] iter= 26 | zero_steps=61.2%  mean_RTG=0.0049±0.0068  max_RTG=0.0209  avg_len=1.6  min_len=1  ls=[1.814, 1.814, 1.814, 1.814, 1.814]
[DT-GP] iter= 26 | dt_loss=0.006874  target_RTG=1.8063  floor=1.8063(active=1)
[DT-GP] iter= 27 | zero_steps=63.8%  mean_RTG=0.0033±0.0052  max_RTG=0.0168  avg_len=1.6  min_len=1  ls=[1.8146, 1.8146, 1.8146, 1.8146, 1.8146]
[DT-GP] iter= 27 | dt_loss=0.009745  target_RTG=1.8063  floor=1.8063(active=1)
[DT-GP] iter= 28 | zero_steps=73.2%  mean_RTG=0.0024±0.0055  max_RTG=0.0236  avg_len=1.4  min_len=1  ls=[1.8143, 1.8143, 1.8143, 1.8143, 1.8143]
[DT-GP] iter= 28 | dt_loss=0.011807  target_RTG=1.8063  floor=1.8063(active=1)
[DT-GP] iter= 29 | zero_steps=66.7%  mean_RTG=0.0041±0.0056  max_RTG=0.0176  avg_len=1.5  min_len=1  ls=[1.8149, 1.8149, 1.8149, 1.8149, 1.8149]
[DT-GP] iter= 29 | dt_loss=0.007141  target_RTG=1.8063  floor=1.8063(active=1)
[DT-GP] iter= 30 | zero_steps=73.2%  mean_RTG=0.0031±0.0050  max_RTG=0.0207  avg_len=1.4  min_len=1  ls=[1.8146, 1.8146, 1.8146, 1.8146, 1.8146]
[DT-GP] iter= 30 | dt_loss=0.006401  target_RTG=1.8063  floor=1.8063(active=1)
final best = -0.0002
  [DT-GP-floor02] running... Using device: cpu, dtype: torch.float64
Set random seed: 1
Save directory set to: res
Sampling 10 initial points using 'sobol' method...
Initializing BoTorch GP ensemble...
[DT-GP] iter=  1 | zero_steps=76.9%  mean_RTG=0.2696±0.6231  max_RTG=3.0615  avg_len=1.3  min_len=1  ls=[0.1, 1.7316, 1.749, 1.7315, 1.6282]
[DT-GP] iter=  1 | dt_loss=0.153516  target_RTG=3.0615  floor=0.0000(active=0)
[DT-GP] iter=  2 | zero_steps=66.7%  mean_RTG=0.4927±0.8355  max_RTG=3.0368  avg_len=1.5  min_len=1  ls=[0.1, 2.0082, 1.9939, 2.0024, 1.9978]
[DT-GP] iter=  2 | dt_loss=0.463649  target_RTG=3.0368  floor=0.6123(active=0)
[DT-GP] iter=  3 | zero_steps=63.8%  mean_RTG=0.3433±0.5251  max_RTG=1.7813  avg_len=1.6  min_len=1  ls=[2.3781, 2.0457, 2.043, 2.0466, 2.0589]
[DT-GP] iter=  3 | dt_loss=0.221585  target_RTG=1.7813  floor=0.6123(active=0)
[DT-GP] iter=  4 | zero_steps=57.7%  mean_RTG=0.3073±0.7080  max_RTG=3.6127  avg_len=1.7  min_len=1  ls=[1.5611, 1.4867, 1.4856, 1.4858, 1.5105]
[DT-GP] iter=  4 | dt_loss=0.205362  target_RTG=3.6127  floor=0.6123(active=0)
[DT-GP] iter=  5 | zero_steps=53.6%  mean_RTG=0.2481±0.4921  max_RTG=2.5010  avg_len=1.9  min_len=1  ls=[1.5723, 1.5717, 1.5718, 1.572, 1.5698]
[DT-GP] iter=  5 | dt_loss=0.109349  target_RTG=2.5010  floor=0.7225(active=0)
[DT-GP] iter=  6 | zero_steps=83.3%  mean_RTG=0.0598±0.1897  max_RTG=0.8477  avg_len=1.2  min_len=1  ls=[1.6017, 1.5988, 1.5985, 1.5984, 1.6012]
[DT-GP] iter=  6 | dt_loss=0.021085  target_RTG=0.8477  floor=0.7225(active=0)
[DT-GP] iter=  7 | zero_steps=78.9%  mean_RTG=0.1674±0.4414  max_RTG=1.6517  avg_len=1.3  min_len=1  ls=[1.6487, 1.6498, 1.6497, 1.6497, 1.6491]
[DT-GP] iter=  7 | dt_loss=0.011938  target_RTG=1.6517  floor=0.7225(active=0)
[DT-GP] iter=  8 | zero_steps=68.2%  mean_RTG=0.2136±0.3527  max_RTG=1.0660  avg_len=1.5  min_len=1  ls=[1.6949, 1.6946, 1.6946, 1.6946, 1.6949]
[DT-GP] iter=  8 | dt_loss=0.937945  target_RTG=1.0660  floor=0.7225(active=0)
[DT-GP] iter=  9 | zero_steps=56.6%  mean_RTG=0.3231±0.8451  max_RTG=3.5016  avg_len=1.8  min_len=1  ls=[1.7524, 1.7522, 1.7522, 1.7522, 1.7523]
[DT-GP] iter=  9 | dt_loss=1.126546  target_RTG=3.5016  floor=0.7225(active=0)
[DT-GP] iter= 10 | zero_steps=61.2%  mean_RTG=0.2930±0.7235  max_RTG=3.5674  avg_len=1.6  min_len=1  ls=[1.6847, 1.6838, 1.6838, 1.6838, 1.6843]
[DT-GP] iter= 10 | dt_loss=0.909476  target_RTG=3.5674  floor=0.7225(active=0)
[DT-GP] iter= 11 | zero_steps=76.9%  mean_RTG=0.0211±0.0547  max_RTG=0.2749  avg_len=1.3  min_len=1  ls=[1.734, 1.6503, 1.612, 1.6181, 1.7291]
[DT-GP] iter= 11 | dt_loss=1.830505  target_RTG=0.7225  floor=0.7225(active=1)
[DT-GP] iter= 12 | zero_steps=69.8%  mean_RTG=0.0719±0.1537  max_RTG=0.7193  avg_len=1.4  min_len=1  ls=[1.714, 1.7112, 1.7139, 1.716, 1.7209]
[DT-GP] iter= 12 | dt_loss=1.140743  target_RTG=0.7225  floor=0.7225(active=1)
[DT-GP] iter= 13 | zero_steps=53.6%  mean_RTG=0.1561±0.2780  max_RTG=1.1966  avg_len=1.9  min_len=1  ls=[1.7521, 1.7505, 1.7509, 1.7493, 1.7501]
[DT-GP] iter= 13 | dt_loss=0.41341  target_RTG=1.1966  floor=0.7225(active=0)
[DT-GP] iter= 14 | zero_steps=55.6%  mean_RTG=0.1156±0.1815  max_RTG=0.8197  avg_len=1.8  min_len=1  ls=[1.6977, 1.6989, 1.6987, 1.7, 1.6992]
[DT-GP] iter= 14 | dt_loss=0.657971  target_RTG=0.8197  floor=0.7225(active=0)
[DT-GP] iter= 15 | zero_steps=40.3%  mean_RTG=0.1651±0.0776  max_RTG=0.4849  avg_len=2.4  min_len=1  ls=[1.5533, 1.5543, 1.5543, 1.5555, 1.5549]
[DT-GP] iter= 15 | dt_loss=0.01203  target_RTG=0.7225  floor=0.7225(active=1)
[DT-GP] iter= 16 | zero_steps=45.5%  mean_RTG=0.0924±0.0669  max_RTG=0.2175  avg_len=2.2  min_len=1  ls=[1.6968, 1.6954, 1.6955, 1.6938, 1.6946]
[DT-GP] iter= 16 | dt_loss=0.135372  target_RTG=0.7225  floor=0.7225(active=1)
[DT-GP] iter= 17 | zero_steps=37.8%  mean_RTG=0.0682±0.0303  max_RTG=0.1387  avg_len=2.5  min_len=1  ls=[1.5765, 1.577, 1.577, 1.5779, 1.5775]
[DT-GP] iter= 17 | dt_loss=0.003902  target_RTG=0.7225  floor=0.7225(active=1)
[DT-GP] iter= 18 | zero_steps=47.5%  mean_RTG=0.0360±0.0343  max_RTG=0.1512  avg_len=2.0  min_len=1  ls=[1.6609, 1.6607, 1.6607, 1.6603, 1.6605]
[DT-GP] iter= 18 | dt_loss=0.007659  target_RTG=0.7225  floor=0.7225(active=1)
[DT-GP] iter= 19 | zero_steps=55.6%  mean_RTG=0.0250±0.0297  max_RTG=0.1115  avg_len=1.8  min_len=1  ls=[1.6729, 1.673, 1.673, 1.673, 1.673]
[DT-GP] iter= 19 | dt_loss=0.008354  target_RTG=0.7225  floor=0.7225(active=1)
[DT-GP] iter= 20 | zero_steps=61.2%  mean_RTG=0.0179±0.0231  max_RTG=0.0693  avg_len=1.6  min_len=1  ls=[1.6503, 1.6503, 1.6503, 1.6503, 1.6503]
[DT-GP] iter= 20 | dt_loss=0.011151  target_RTG=0.7225  floor=0.7225(active=1)
[DT-GP] iter= 21 | zero_steps=61.2%  mean_RTG=0.0140±0.0157  max_RTG=0.0511  avg_len=1.6  min_len=1  ls=[1.6329, 1.6329, 1.6329, 1.6329, 1.6329]
[DT-GP] iter= 21 | dt_loss=0.004791  target_RTG=0.7225  floor=0.7225(active=1)
[DT-GP] iter= 22 | zero_steps=60.0%  mean_RTG=0.0083±0.0098  max_RTG=0.0340  avg_len=1.7  min_len=1  ls=[1.4387, 1.4387, 1.4387, 1.4387, 1.4387]
[DT-GP] iter= 22 | dt_loss=0.043792  target_RTG=0.7225  floor=0.7225(active=1)
[DT-GP] iter= 23 | zero_steps=53.6%  mean_RTG=0.0081±0.0080  max_RTG=0.0222  avg_len=1.9  min_len=1  ls=[1.4438, 1.4438, 1.4438, 1.4438, 1.4438]
[DT-GP] iter= 23 | dt_loss=0.014352  target_RTG=0.7225  floor=0.7225(active=1)
[DT-GP] iter= 24 | zero_steps=60.0%  mean_RTG=0.0063±0.0066  max_RTG=0.0218  avg_len=1.7  min_len=1  ls=[1.4373, 1.4373, 1.4373, 1.4373, 1.4373]
[DT-GP] iter= 24 | dt_loss=0.002237  target_RTG=0.7225  floor=0.7225(active=1)
[DT-GP] iter= 25 | zero_steps=56.6%  mean_RTG=0.0081±0.0079  max_RTG=0.0295  avg_len=1.8  min_len=1  ls=[1.4384, 1.4384, 1.4384, 1.4384, 1.4384]
[DT-GP] iter= 25 | dt_loss=0.002109  target_RTG=0.7225  floor=0.7225(active=1)
[DT-GP] iter= 26 | zero_steps=61.2%  mean_RTG=0.0063±0.0080  max_RTG=0.0234  avg_len=1.6  min_len=1  ls=[1.4389, 1.4389, 1.4389, 1.4389, 1.4389]
[DT-GP] iter= 26 | dt_loss=0.001639  target_RTG=0.7225  floor=0.7225(active=1)
[DT-GP] iter= 27 | zero_steps=60.0%  mean_RTG=0.0062±0.0075  max_RTG=0.0251  avg_len=1.7  min_len=1  ls=[1.439, 1.439, 1.439, 1.439, 1.439]
[DT-GP] iter= 27 | dt_loss=0.002368  target_RTG=0.7225  floor=0.7225(active=1)
[DT-GP] iter= 28 | zero_steps=57.7%  mean_RTG=0.0060±0.0072  max_RTG=0.0230  avg_len=1.7  min_len=1  ls=[1.4393, 1.4393, 1.4393, 1.4393, 1.4393]
[DT-GP] iter= 28 | dt_loss=0.002133  target_RTG=0.7225  floor=0.7225(active=1)
[DT-GP] iter= 29 | zero_steps=65.2%  mean_RTG=0.0039±0.0070  max_RTG=0.0262  avg_len=1.5  min_len=1  ls=[1.4394, 1.4394, 1.4394, 1.4394, 1.4394]
[DT-GP] iter= 29 | dt_loss=0.001986  target_RTG=0.7225  floor=0.7225(active=1)
[DT-GP] iter= 30 | zero_steps=63.8%  mean_RTG=0.0041±0.0063  max_RTG=0.0205  avg_len=1.6  min_len=1  ls=[1.4393, 1.4393, 1.4393, 1.4393, 1.4393]
[DT-GP] iter= 30 | dt_loss=0.002227  target_RTG=0.7225  floor=0.7225(active=1)
final best = -0.0001
  [DT-GP-floor01] running... Using device: cpu, dtype: torch.float64
Set random seed: 1
Save directory set to: res
Sampling 10 initial points using 'sobol' method...
Initializing BoTorch GP ensemble...
[DT-GP] iter=  1 | zero_steps=76.9%  mean_RTG=0.2696±0.6231  max_RTG=3.0615  avg_len=1.3  min_len=1  ls=[0.1, 1.7316, 1.749, 1.7315, 1.6282]
[DT-GP] iter=  1 | dt_loss=0.153516  target_RTG=3.0615  floor=0.0000(active=0)
[DT-GP] iter=  2 | zero_steps=66.7%  mean_RTG=0.4927±0.8355  max_RTG=3.0368  avg_len=1.5  min_len=1  ls=[0.1, 2.0082, 1.9939, 2.0024, 1.9978]
[DT-GP] iter=  2 | dt_loss=0.463649  target_RTG=3.0368  floor=0.3062(active=0)
[DT-GP] iter=  3 | zero_steps=63.8%  mean_RTG=0.3433±0.5251  max_RTG=1.7813  avg_len=1.6  min_len=1  ls=[2.3781, 2.0457, 2.043, 2.0466, 2.0589]
[DT-GP] iter=  3 | dt_loss=0.221585  target_RTG=1.7813  floor=0.3062(active=0)
[DT-GP] iter=  4 | zero_steps=57.7%  mean_RTG=0.3073±0.7080  max_RTG=3.6127  avg_len=1.7  min_len=1  ls=[1.5611, 1.4867, 1.4856, 1.4858, 1.5105]
[DT-GP] iter=  4 | dt_loss=0.205362  target_RTG=3.6127  floor=0.3062(active=0)
[DT-GP] iter=  5 | zero_steps=53.6%  mean_RTG=0.2481±0.4921  max_RTG=2.5010  avg_len=1.9  min_len=1  ls=[1.5723, 1.5717, 1.5718, 1.572, 1.5698]
[DT-GP] iter=  5 | dt_loss=0.109349  target_RTG=2.5010  floor=0.3613(active=0)
[DT-GP] iter=  6 | zero_steps=83.3%  mean_RTG=0.0598±0.1897  max_RTG=0.8477  avg_len=1.2  min_len=1  ls=[1.6017, 1.5988, 1.5985, 1.5984, 1.6012]
[DT-GP] iter=  6 | dt_loss=0.021085  target_RTG=0.8477  floor=0.3613(active=0)
[DT-GP] iter=  7 | zero_steps=78.9%  mean_RTG=0.1674±0.4414  max_RTG=1.6517  avg_len=1.3  min_len=1  ls=[1.6487, 1.6498, 1.6497, 1.6497, 1.6491]
[DT-GP] iter=  7 | dt_loss=0.011938  target_RTG=1.6517  floor=0.3613(active=0)
[DT-GP] iter=  8 | zero_steps=68.2%  mean_RTG=0.2136±0.3527  max_RTG=1.0660  avg_len=1.5  min_len=1  ls=[1.6949, 1.6946, 1.6946, 1.6946, 1.6949]
[DT-GP] iter=  8 | dt_loss=0.937945  target_RTG=1.0660  floor=0.3613(active=0)
[DT-GP] iter=  9 | zero_steps=56.6%  mean_RTG=0.3231±0.8451  max_RTG=3.5016  avg_len=1.8  min_len=1  ls=[1.7524, 1.7522, 1.7522, 1.7522, 1.7523]
[DT-GP] iter=  9 | dt_loss=1.126546  target_RTG=3.5016  floor=0.3613(active=0)
[DT-GP] iter= 10 | zero_steps=61.2%  mean_RTG=0.2930±0.7235  max_RTG=3.5674  avg_len=1.6  min_len=1  ls=[1.6847, 1.6838, 1.6838, 1.6838, 1.6843]
[DT-GP] iter= 10 | dt_loss=0.909476  target_RTG=3.5674  floor=0.3613(active=0)
[DT-GP] iter= 11 | zero_steps=76.9%  mean_RTG=0.0211±0.0547  max_RTG=0.2749  avg_len=1.3  min_len=1  ls=[1.734, 1.6503, 1.612, 1.6181, 1.7291]
[DT-GP] iter= 11 | dt_loss=1.830505  target_RTG=0.3613  floor=0.3613(active=1)
[DT-GP] iter= 12 | zero_steps=69.8%  mean_RTG=0.0717±0.1534  max_RTG=0.7164  avg_len=1.4  min_len=1  ls=[1.7146, 1.7124, 1.7194, 1.7162, 1.7218]
[DT-GP] iter= 12 | dt_loss=1.140447  target_RTG=0.7164  floor=0.3613(active=0)
[DT-GP] iter= 13 | zero_steps=54.5%  mean_RTG=0.1558±0.2776  max_RTG=1.1958  avg_len=1.8  min_len=1  ls=[1.7545, 1.7524, 1.7513, 1.7514, 1.7519]
[DT-GP] iter= 13 | dt_loss=0.496185  target_RTG=1.1958  floor=0.3613(active=0)
[DT-GP] iter= 14 | zero_steps=50.8%  mean_RTG=0.1338±0.2122  max_RTG=0.8710  avg_len=2.0  min_len=1  ls=[1.7151, 1.7165, 1.7173, 1.7173, 1.7167]
[DT-GP] iter= 14 | dt_loss=0.364981  target_RTG=0.8710  floor=0.3613(active=0)
[DT-GP] iter= 15 | zero_steps=46.2%  mean_RTG=0.1949±0.2796  max_RTG=1.1968  avg_len=2.2  min_len=1  ls=[1.7427, 1.7441, 1.7446, 1.7446, 1.744]
[DT-GP] iter= 15 | dt_loss=0.020872  target_RTG=1.1968  floor=0.3613(active=0)
[DT-GP] iter= 16 | zero_steps=47.5%  mean_RTG=0.1882±0.2381  max_RTG=1.0543  avg_len=2.0  min_len=1  ls=[1.5575, 1.5566, 1.5562, 1.5563, 1.5567]
[DT-GP] iter= 16 | dt_loss=0.005972  target_RTG=1.0543  floor=0.3613(active=0)
[DT-GP] iter= 17 | zero_steps=40.0%  mean_RTG=0.1599±0.1352  max_RTG=0.8148  avg_len=2.5  min_len=1  ls=[1.5739, 1.5741, 1.5741, 1.5741, 1.5741]
[DT-GP] iter= 17 | dt_loss=0.011698  target_RTG=0.8148  floor=0.3613(active=0)
[DT-GP] iter= 18 | zero_steps=38.2%  mean_RTG=0.1445±0.0477  max_RTG=0.2605  avg_len=2.5  min_len=1  ls=[1.5132, 1.5134, 1.5134, 1.5134, 1.5134]
[DT-GP] iter= 18 | dt_loss=0.01599  target_RTG=0.3613  floor=0.3613(active=1)
[DT-GP] iter= 19 | zero_steps=40.6%  mean_RTG=0.0376±0.0311  max_RTG=0.0939  avg_len=2.3  min_len=1  ls=[1.5729, 1.5728, 1.5728, 1.5728, 1.5728]
[DT-GP] iter= 19 | dt_loss=0.022292  target_RTG=0.3613  floor=0.3613(active=1)
[DT-GP] iter= 20 | zero_steps=57.7%  mean_RTG=0.0137±0.0164  max_RTG=0.0466  avg_len=1.7  min_len=1  ls=[1.5348, 1.5349, 1.5349, 1.5349, 1.5349]
[DT-GP] iter= 20 | dt_loss=0.001964  target_RTG=0.3613  floor=0.3613(active=1)
[DT-GP] iter= 21 | zero_steps=71.4%  mean_RTG=0.0041±0.0061  max_RTG=0.0245  avg_len=1.4  min_len=1  ls=[1.5047, 1.5046, 1.5046, 1.5046, 1.5046]
[DT-GP] iter= 21 | dt_loss=0.001442  target_RTG=0.3613  floor=0.3613(active=1)
[DT-GP] iter= 22 | zero_steps=56.6%  mean_RTG=0.0096±0.0085  max_RTG=0.0298  avg_len=1.8  min_len=1  ls=[1.5034, 1.5035, 1.5035, 1.5035, 1.5035]
[DT-GP] iter= 22 | dt_loss=0.001924  target_RTG=0.3613  floor=0.3613(active=1)
[DT-GP] iter= 23 | zero_steps=64.4%  mean_RTG=0.0045±0.0064  max_RTG=0.0192  avg_len=1.5  min_len=1  ls=[1.5023, 1.5022, 1.5022, 1.5022, 1.5022]
[DT-GP] iter= 23 | dt_loss=0.005764  target_RTG=0.3613  floor=0.3613(active=1)
[DT-GP] iter= 24 | zero_steps=65.2%  mean_RTG=0.0049±0.0059  max_RTG=0.0221  avg_len=1.5  min_len=1  ls=[1.5049, 1.5049, 1.5049, 1.5049, 1.5049]
[DT-GP] iter= 24 | dt_loss=0.002434  target_RTG=0.3613  floor=0.3613(active=1)
[DT-GP] iter= 25 | zero_steps=65.2%  mean_RTG=0.0056±0.0075  max_RTG=0.0282  avg_len=1.5  min_len=1  ls=[1.5074, 1.5074, 1.5074, 1.5074, 1.5074]
[DT-GP] iter= 25 | dt_loss=0.002079  target_RTG=0.3613  floor=0.3613(active=1)
[DT-GP] iter= 26 | zero_steps=61.2%  mean_RTG=0.0062±0.0080  max_RTG=0.0244  avg_len=1.6  min_len=1  ls=[1.5094, 1.5095, 1.5095, 1.5095, 1.5095]
[DT-GP] iter= 26 | dt_loss=0.005604  target_RTG=0.3613  floor=0.3613(active=1)
[DT-GP] iter= 27 | zero_steps=57.7%  mean_RTG=0.0058±0.0071  max_RTG=0.0233  avg_len=1.7  min_len=1  ls=[1.5084, 1.5084, 1.5084, 1.5084, 1.5084]
[DT-GP] iter= 27 | dt_loss=0.003331  target_RTG=0.3613  floor=0.3613(active=1)
[DT-GP] iter= 28 | zero_steps=60.0%  mean_RTG=0.0052±0.0068  max_RTG=0.0214  avg_len=1.7  min_len=1  ls=[1.5111, 1.5111, 1.5111, 1.5111, 1.5111]
[DT-GP] iter= 28 | dt_loss=0.004662  target_RTG=0.3613  floor=0.3613(active=1)
[DT-GP] iter= 29 | zero_steps=73.2%  mean_RTG=0.0024±0.0055  max_RTG=0.0256  avg_len=1.4  min_len=1  ls=[1.5106, 1.5106, 1.5106, 1.5106, 1.5106]
[DT-GP] iter= 29 | dt_loss=0.005185  target_RTG=0.3613  floor=0.3613(active=1)
[DT-GP] iter= 30 | zero_steps=69.8%  mean_RTG=0.0039±0.0063  max_RTG=0.0226  avg_len=1.4  min_len=1  ls=[1.5115, 1.5116, 1.5116, 1.5116, 1.5116]
[DT-GP] iter= 30 | dt_loss=0.005474  target_RTG=0.3613  floor=0.3613(active=1)
final best = -0.0000
  [DT-GT-dynamic] running... Using device: cpu, dtype: torch.float64
Set random seed: 1
Save directory set to: res
Sampling 10 initial points using 'sobol' method...
Initializing BoTorch GP ensemble...
[DT-GT] iter=  1 | zero_steps=90.9%  mean_RTG=0.0045±0.0197  max_RTG=0.1070  avg_len=1.1  min_len=1  ls=[0.1, 1.7316, 1.749, 1.7315, 1.6282]
[DT-GT] iter=  1 | dt_loss=0.23652  target_RTG=0.1070
[DT-GT] iter=  2 | zero_steps=78.9%  mean_RTG=0.0100±0.0268  max_RTG=0.1105  avg_len=1.3  min_len=1  ls=[0.1, 1.6075, 1.6034, 1.6048, 1.6596]
[DT-GT] iter=  2 | dt_loss=0.111811  target_RTG=0.1105
[DT-GT] iter=  3 | zero_steps=72.5%  mean_RTG=0.0329±0.0963  max_RTG=0.3620  avg_len=1.3  min_len=1  ls=[0.1, 1.6504, 1.65, 1.6503, 1.651]
[DT-GT] iter=  3 | dt_loss=0.997691  target_RTG=0.3620
[DT-GT] iter=  4 | zero_steps=38.7%  mean_RTG=0.2409±0.1471  max_RTG=0.4060  avg_len=2.5  min_len=1  ls=[0.1, 1.7698, 1.7699, 1.7698, 1.7703]
[DT-GT] iter=  4 | dt_loss=0.058563  target_RTG=0.4060
[DT-GT] iter=  5 | zero_steps=25.3%  mean_RTG=0.1240±0.0626  max_RTG=0.1627  avg_len=3.0  min_len=1  ls=[2.3163, 1.8986, 1.8988, 1.8988, 1.8971]
[DT-GT] iter=  5 | dt_loss=0.016103  target_RTG=0.1627
[DT-GT] iter=  6 | zero_steps=65.2%  mean_RTG=0.0574±0.0641  max_RTG=0.1587  avg_len=1.5  min_len=1  ls=[1.9458, 1.9873, 1.9873, 1.9874, 1.9861]
[DT-GT] iter=  6 | dt_loss=0.917489  target_RTG=0.1587
[DT-GT] iter=  7 | zero_steps=83.3%  mean_RTG=0.0177±0.0358  max_RTG=0.0995  avg_len=1.2  min_len=1  ls=[1.6332, 1.6531, 1.6531, 1.6531, 1.653]
[DT-GT] iter=  7 | dt_loss=0.02602  target_RTG=0.0995
[DT-GT] iter=  8 | zero_steps=68.2%  mean_RTG=0.0289±0.0422  max_RTG=0.1150  avg_len=1.5  min_len=1  ls=[1.7014, 1.6863, 1.686, 1.686, 1.6907]
[DT-GT] iter=  8 | dt_loss=0.00588  target_RTG=0.1150
[DT-GT] iter=  9 | zero_steps=66.7%  mean_RTG=0.0267±0.0408  max_RTG=0.1207  avg_len=1.5  min_len=1  ls=[1.4995, 1.5041, 1.5043, 1.5042, 1.5024]
[DT-GT] iter=  9 | dt_loss=0.022473  target_RTG=0.1207
[DT-GT] iter= 10 | zero_steps=39.4%  mean_RTG=0.0679±0.0450  max_RTG=0.1188  avg_len=2.4  min_len=1  ls=[1.5422, 1.5413, 1.5413, 1.5413, 1.5425]
[DT-GT] iter= 10 | dt_loss=0.178422  target_RTG=0.1188
[DT-GT] iter= 11 | zero_steps=58.8%  mean_RTG=0.0059±0.0047  max_RTG=0.0121  avg_len=1.7  min_len=1  ls=[1.6148, 1.6147, 1.6147, 1.6147, 1.6149]
[DT-GT] iter= 11 | dt_loss=0.009561  target_RTG=0.0121
[DT-GT] iter= 12 | zero_steps=43.3%  mean_RTG=0.0097±0.0018  max_RTG=0.0124  avg_len=2.2  min_len=2  ls=[1.6791, 1.68, 1.68, 1.68, 1.6794]
[DT-GT] iter= 12 | dt_loss=0.003694  target_RTG=0.0124
[DT-GT] iter= 13 | zero_steps=43.5%  mean_RTG=0.0089±0.0027  max_RTG=0.0113  avg_len=2.3  min_len=1  ls=[1.6869, 1.6864, 1.6863, 1.6863, 1.6908]
[DT-GT] iter= 13 | dt_loss=0.002351  target_RTG=0.0113
[DT-GT] iter= 14 | zero_steps=83.3%  mean_RTG=0.0003±0.0007  max_RTG=0.0025  avg_len=1.2  min_len=1  ls=[1.7627, 1.7628, 1.7628, 1.7628, 1.7612]
[DT-GT] iter= 14 | dt_loss=0.003199  target_RTG=0.0025
[DT-GT] iter= 15 | zero_steps=56.6%  mean_RTG=0.0010±0.0009  max_RTG=0.0025  avg_len=1.8  min_len=1  ls=[1.7608, 1.7609, 1.7609, 1.7609, 1.7561]
[DT-GT] iter= 15 | dt_loss=0.003558  target_RTG=0.0025
[DT-GT] iter= 16 | zero_steps=54.5%  mean_RTG=0.0012±0.0008  max_RTG=0.0025  avg_len=1.8  min_len=1  ls=[1.756, 1.756, 1.756, 1.756, 1.7573]
[DT-GT] iter= 16 | dt_loss=0.001819  target_RTG=0.0025
[DT-GT] iter= 17 | zero_steps=52.6%  mean_RTG=0.0008±0.0006  max_RTG=0.0021  avg_len=1.9  min_len=1  ls=[1.7918, 1.7919, 1.7919, 1.7919, 1.7918]
[DT-GT] iter= 17 | dt_loss=0.003698  target_RTG=0.0021
[DT-GT] iter= 18 | zero_steps=49.2%  mean_RTG=0.0011±0.0006  max_RTG=0.0022  avg_len=2.0  min_len=1  ls=[1.7819, 1.7818, 1.7818, 1.7818, 1.7819]
[DT-GT] iter= 18 | dt_loss=0.00374  target_RTG=0.0022
[DT-GT] iter= 19 | zero_steps=60.0%  mean_RTG=0.0004±0.0006  max_RTG=0.0021  avg_len=1.7  min_len=1  ls=[1.7809, 1.7811, 1.7811, 1.7811, 1.781]
[DT-GT] iter= 19 | dt_loss=0.001226  target_RTG=0.0021
[DT-GT] iter= 20 | zero_steps=62.5%  mean_RTG=0.0005±0.0007  max_RTG=0.0023  avg_len=1.6  min_len=1  ls=[1.7855, 1.7854, 1.7854, 1.7854, 1.7855]
[DT-GT] iter= 20 | dt_loss=0.001647  target_RTG=0.0023
[DT-GT] iter= 21 | zero_steps=61.2%  mean_RTG=0.0005±0.0006  max_RTG=0.0023  avg_len=1.6  min_len=1  ls=[1.7843, 1.7843, 1.7843, 1.7843, 1.7843]
[DT-GT] iter= 21 | dt_loss=0.0012  target_RTG=0.0023
[DT-GT] iter= 22 | zero_steps=66.7%  mean_RTG=0.0004±0.0006  max_RTG=0.0021  avg_len=1.5  min_len=1  ls=[1.7864, 1.7863, 1.7863, 1.7863, 1.7864]
[DT-GT] iter= 22 | dt_loss=0.001963  target_RTG=0.0021
[DT-GT] iter= 23 | zero_steps=76.9%  mean_RTG=0.0002±0.0004  max_RTG=0.0014  avg_len=1.3  min_len=1  ls=[1.7858, 1.7858, 1.7858, 1.7858, 1.7858]
[DT-GT] iter= 23 | dt_loss=0.001353  target_RTG=0.0014
[DT-GT] iter= 24 | zero_steps=93.8%  mean_RTG=0.0000±0.0001  max_RTG=0.0003  avg_len=1.1  min_len=1  ls=[1.7873, 1.7873, 1.7873, 1.7873, 1.7873]
[DT-GT] iter= 24 | dt_loss=0.001395  target_RTG=0.0003
[DT-GT] iter= 25 | zero_steps=88.2%  mean_RTG=0.0001±0.0002  max_RTG=0.0008  avg_len=1.1  min_len=1  ls=[1.7866, 1.7866, 1.7866, 1.7866, 1.7866]
[DT-GT] iter= 25 | dt_loss=0.001026  target_RTG=0.0008
[DT-GT] iter= 26 | zero_steps=96.8%  mean_RTG=0.0000±0.0002  max_RTG=0.0009  avg_len=1.0  min_len=1  ls=[1.7876, 1.7876, 1.7876, 1.7876, 1.7876]
[DT-GT] iter= 26 | dt_loss=0.001708  target_RTG=0.0009
[DT-GT] iter= 27 | zero_steps=88.2%  mean_RTG=0.0001±0.0003  max_RTG=0.0011  avg_len=1.1  min_len=1  ls=[1.7876, 1.7877, 1.7877, 1.7877, 1.7877]
[DT-GT] iter= 27 | dt_loss=0.001205  target_RTG=0.0011
[DT-GT] iter= 28 | zero_steps=90.9%  mean_RTG=0.0000±0.0001  max_RTG=0.0006  avg_len=1.1  min_len=1  ls=[1.7886, 1.7886, 1.7886, 1.7886, 1.7886]
[DT-GT] iter= 28 | dt_loss=0.001241  target_RTG=0.0006
[DT-GT] iter= 29 | zero_steps=93.8%  mean_RTG=0.0000±0.0001  max_RTG=0.0006  avg_len=1.1  min_len=1  ls=[1.7884, 1.7884, 1.7884, 1.7884, 1.7884]
[DT-GT] iter= 29 | dt_loss=0.001194  target_RTG=0.0006
[DT-GT] iter= 30 | zero_steps=90.9%  mean_RTG=0.0001±0.0002  max_RTG=0.0010  avg_len=1.1  min_len=1  ls=[1.7889, 1.7889, 1.7889, 1.7889, 1.7889]
[DT-GT] iter= 30 | dt_loss=0.000673  target_RTG=0.0010
final best = -0.0012
  [ckpt] 2/10 saved → res/floored_rtg_dtgp_levy/floored_rtg_dtgp.ckpt.json

── Trial 3/10  (seed=2) ────────────────────────────────────────
  [DT-GP-floor05] running... Using device: cpu, dtype: torch.float64
Set random seed: 2
Save directory set to: res
Sampling 10 initial points using 'sobol' method...
Initializing BoTorch GP ensemble...
[DT-GP] iter=  1 | zero_steps=76.9%  mean_RTG=0.5661±1.1377  max_RTG=3.9122  avg_len=1.3  min_len=1  ls=[0.1, 1.3784, 1.3812, 1.383, 1.1898]
[DT-GP] iter=  1 | dt_loss=0.009806  target_RTG=3.9122  floor=0.0000(active=0)
[DT-GP] iter=  2 | zero_steps=69.8%  mean_RTG=0.5136±0.7377  max_RTG=2.4875  avg_len=1.4  min_len=1  ls=[0.1, 1.5179, 1.5181, 1.5182, 1.5114]
[DT-GP] iter=  2 | dt_loss=0.33564  target_RTG=2.4875  floor=1.9561(active=0)
[DT-GP] iter=  3 | zero_steps=71.4%  mean_RTG=0.2907±0.5493  max_RTG=1.9135  avg_len=1.4  min_len=1  ls=[0.1, 1.7071, 1.7, 1.699, 1.7004]
[DT-GP] iter=  3 | dt_loss=0.69586  target_RTG=1.9561  floor=1.9561(active=1)
[DT-GP] iter=  4 | zero_steps=73.2%  mean_RTG=0.2246±0.4757  max_RTG=2.0597  avg_len=1.4  min_len=1  ls=[1.6191, 1.8164, 1.8187, 1.8188, 1.816]
[DT-GP] iter=  4 | dt_loss=1.389884  target_RTG=2.0597  floor=1.9561(active=0)
[DT-GP] iter=  5 | zero_steps=49.2%  mean_RTG=0.0710±0.0780  max_RTG=0.3358  avg_len=2.0  min_len=1  ls=[1.8619, 1.9408, 1.9402, 1.9429, 1.9435]
[DT-GP] iter=  5 | dt_loss=0.017434  target_RTG=1.9561  floor=1.9561(active=1)
[DT-GP] iter=  6 | zero_steps=71.4%  mean_RTG=0.0164±0.0613  max_RTG=0.3419  avg_len=1.4  min_len=1  ls=[2.0855, 2.1059, 2.1087, 2.1067, 2.1063]
[DT-GP] iter=  6 | dt_loss=0.113011  target_RTG=1.9561  floor=1.9561(active=1)
[DT-GP] iter=  7 | zero_steps=40.3%  mean_RTG=0.0484±0.0680  max_RTG=0.3951  avg_len=2.4  min_len=1  ls=[1.865, 1.8603, 1.8612, 1.8606, 1.8605]
[DT-GP] iter=  7 | dt_loss=0.005737  target_RTG=1.9561  floor=1.9561(active=1)
[DT-GP] iter=  8 | zero_steps=54.5%  mean_RTG=0.0139±0.0158  max_RTG=0.0621  avg_len=1.8  min_len=1  ls=[1.8845, 1.8776, 1.8769, 1.8778, 1.8817]
[DT-GP] iter=  8 | dt_loss=0.004118  target_RTG=1.9561  floor=1.9561(active=1)
[DT-GP] iter=  9 | zero_steps=60.0%  mean_RTG=0.0079±0.0112  max_RTG=0.0465  avg_len=1.7  min_len=1  ls=[1.8491, 1.8504, 1.851, 1.8507, 1.8519]
[DT-GP] iter=  9 | dt_loss=0.005833  target_RTG=1.9561  floor=1.9561(active=1)
[DT-GP] iter= 10 | zero_steps=76.3%  mean_RTG=0.0031±0.0084  max_RTG=0.0400  avg_len=1.3  min_len=1  ls=[1.8538, 1.852, 1.8514, 1.8517, 1.8509]
[DT-GP] iter= 10 | dt_loss=0.003862  target_RTG=1.9561  floor=1.9561(active=1)
[DT-GP] iter= 11 | zero_steps=58.8%  mean_RTG=0.0076±0.0079  max_RTG=0.0244  avg_len=1.7  min_len=1  ls=[1.8001, 1.7992, 1.799, 1.7991, 1.7988]
[DT-GP] iter= 11 | dt_loss=0.04173  target_RTG=1.9561  floor=1.9561(active=1)
[DT-GP] iter= 12 | zero_steps=69.8%  mean_RTG=0.0044±0.0070  max_RTG=0.0253  avg_len=1.4  min_len=1  ls=[1.7953, 1.796, 1.7963, 1.7961, 1.7965]
[DT-GP] iter= 12 | dt_loss=0.026782  target_RTG=1.9561  floor=1.9561(active=1)
[DT-GP] iter= 13 | zero_steps=57.7%  mean_RTG=0.0063±0.0073  max_RTG=0.0284  avg_len=1.7  min_len=1  ls=[1.7988, 1.7981, 1.7979, 1.798, 1.7977]
[DT-GP] iter= 13 | dt_loss=0.003964  target_RTG=1.9561  floor=1.9561(active=1)
[DT-GP] iter= 14 | zero_steps=75.0%  mean_RTG=0.0047±0.0077  max_RTG=0.0231  avg_len=1.3  min_len=1  ls=[1.8015, 1.8023, 1.8025, 1.8024, 1.8027]
[DT-GP] iter= 14 | dt_loss=0.029131  target_RTG=1.9561  floor=1.9561(active=1)
[DT-GP] iter= 15 | zero_steps=71.4%  mean_RTG=0.0030±0.0065  max_RTG=0.0277  avg_len=1.4  min_len=1  ls=[1.8036, 1.8029, 1.8027, 1.8028, 1.8026]
[DT-GP] iter= 15 | dt_loss=0.020672  target_RTG=1.9561  floor=1.9561(active=1)
[DT-GP] iter= 16 | zero_steps=63.8%  mean_RTG=0.0028±0.0047  max_RTG=0.0166  avg_len=1.6  min_len=1  ls=[1.8047, 1.8054, 1.8055, 1.8054, 1.8057]
[DT-GP] iter= 16 | dt_loss=0.005438  target_RTG=1.9561  floor=1.9561(active=1)
[DT-GP] iter= 17 | zero_steps=73.2%  mean_RTG=0.0024±0.0048  max_RTG=0.0195  avg_len=1.4  min_len=1  ls=[1.8064, 1.8058, 1.8056, 1.8057, 1.8055]
[DT-GP] iter= 17 | dt_loss=0.015502  target_RTG=1.9561  floor=1.9561(active=1)
[DT-GP] iter= 18 | zero_steps=76.9%  mean_RTG=0.0020±0.0039  max_RTG=0.0125  avg_len=1.3  min_len=1  ls=[1.8058, 1.8062, 1.8064, 1.8063, 1.8065]
[DT-GP] iter= 18 | dt_loss=0.030221  target_RTG=1.9561  floor=1.9561(active=1)
[DT-GP] iter= 19 | zero_steps=73.2%  mean_RTG=0.0027±0.0052  max_RTG=0.0245  avg_len=1.4  min_len=1  ls=[1.8068, 1.8064, 1.8063, 1.8064, 1.8062]
[DT-GP] iter= 19 | dt_loss=0.021359  target_RTG=1.9561  floor=1.9561(active=1)
[DT-GP] iter= 20 | zero_steps=78.9%  mean_RTG=0.0034±0.0078  max_RTG=0.0271  avg_len=1.3  min_len=1  ls=[1.8024, 1.8026, 1.8026, 1.8026, 1.8027]
[DT-GP] iter= 20 | dt_loss=0.019723  target_RTG=1.9561  floor=1.9561(active=1)
[DT-GP] iter= 21 | zero_steps=57.7%  mean_RTG=0.0066±0.0068  max_RTG=0.0224  avg_len=1.7  min_len=1  ls=[1.8073, 1.8071, 1.807, 1.8071, 1.807]
[DT-GP] iter= 21 | dt_loss=0.007007  target_RTG=1.9561  floor=1.9561(active=1)
[DT-GP] iter= 22 | zero_steps=66.7%  mean_RTG=0.0024±0.0034  max_RTG=0.0115  avg_len=1.5  min_len=1  ls=[1.8045, 1.8046, 1.8046, 1.8046, 1.8046]
[DT-GP] iter= 22 | dt_loss=0.008912  target_RTG=1.9561  floor=1.9561(active=1)
[DT-GP] iter= 23 | zero_steps=69.8%  mean_RTG=0.0028±0.0056  max_RTG=0.0241  avg_len=1.4  min_len=1  ls=[1.8081, 1.808, 1.808, 1.808, 1.8079]
[DT-GP] iter= 23 | dt_loss=0.011513  target_RTG=1.9561  floor=1.9561(active=1)
[DT-GP] iter= 24 | zero_steps=85.7%  mean_RTG=0.0018±0.0048  max_RTG=0.0193  avg_len=1.2  min_len=1  ls=[1.8064, 1.8064, 1.8064, 1.8064, 1.8065]
[DT-GP] iter= 24 | dt_loss=0.002749  target_RTG=1.9561  floor=1.9561(active=1)
[DT-GP] iter= 25 | zero_steps=73.2%  mean_RTG=0.0030±0.0059  max_RTG=0.0228  avg_len=1.4  min_len=1  ls=[1.809, 1.8089, 1.8089, 1.8089, 1.8089]
[DT-GP] iter= 25 | dt_loss=0.016982  target_RTG=1.9561  floor=1.9561(active=1)
[DT-GP] iter= 26 | zero_steps=69.8%  mean_RTG=0.0033±0.0055  max_RTG=0.0186  avg_len=1.4  min_len=1  ls=[1.8078, 1.8078, 1.8078, 1.8078, 1.8078]
[DT-GP] iter= 26 | dt_loss=0.015866  target_RTG=1.9561  floor=1.9561(active=1)
[DT-GP] iter= 27 | zero_steps=62.5%  mean_RTG=0.0036±0.0055  max_RTG=0.0178  avg_len=1.6  min_len=1  ls=[1.8093, 1.8092, 1.8092, 1.8092, 1.8092]
[DT-GP] iter= 27 | dt_loss=0.011632  target_RTG=1.9561  floor=1.9561(active=1)
[DT-GP] iter= 28 | zero_steps=65.2%  mean_RTG=0.0044±0.0059  max_RTG=0.0196  avg_len=1.5  min_len=1  ls=[1.8092, 1.8092, 1.8092, 1.8092, 1.8092]
[DT-GP] iter= 28 | dt_loss=0.014297  target_RTG=1.9561  floor=1.9561(active=1)
[DT-GP] iter= 29 | zero_steps=73.2%  mean_RTG=0.0030±0.0056  max_RTG=0.0189  avg_len=1.4  min_len=1  ls=[1.8095, 1.8095, 1.8095, 1.8095, 1.8095]
[DT-GP] iter= 29 | dt_loss=0.013949  target_RTG=1.9561  floor=1.9561(active=1)
[DT-GP] iter= 30 | zero_steps=75.0%  mean_RTG=0.0027±0.0051  max_RTG=0.0191  avg_len=1.3  min_len=1  ls=[1.8095, 1.8095, 1.8095, 1.8095, 1.8095]
[DT-GP] iter= 30 | dt_loss=0.018452  target_RTG=1.9561  floor=1.9561(active=1)
final best = -0.0000
  [DT-GP-floor02] running... Using device: cpu, dtype: torch.float64
Set random seed: 2
Save directory set to: res
Sampling 10 initial points using 'sobol' method...
Initializing BoTorch GP ensemble...
[DT-GP] iter=  1 | zero_steps=76.9%  mean_RTG=0.5661±1.1377  max_RTG=3.9122  avg_len=1.3  min_len=1  ls=[0.1, 1.3784, 1.3812, 1.383, 1.1898]
[DT-GP] iter=  1 | dt_loss=0.009806  target_RTG=3.9122  floor=0.0000(active=0)
[DT-GP] iter=  2 | zero_steps=69.8%  mean_RTG=0.5136±0.7377  max_RTG=2.4875  avg_len=1.4  min_len=1  ls=[0.1, 1.5179, 1.5181, 1.5182, 1.5114]
[DT-GP] iter=  2 | dt_loss=0.33564  target_RTG=2.4875  floor=0.7824(active=0)
[DT-GP] iter=  3 | zero_steps=71.4%  mean_RTG=0.2907±0.5493  max_RTG=1.9135  avg_len=1.4  min_len=1  ls=[0.1, 1.7071, 1.7, 1.699, 1.7004]
[DT-GP] iter=  3 | dt_loss=0.69586  target_RTG=1.9135  floor=0.7824(active=0)
[DT-GP] iter=  4 | zero_steps=73.2%  mean_RTG=0.2267±0.4759  max_RTG=2.0596  avg_len=1.4  min_len=1  ls=[1.6211, 1.8168, 1.8193, 1.8195, 1.8163]
[DT-GP] iter=  4 | dt_loss=1.421302  target_RTG=2.0596  floor=0.7824(active=0)
[DT-GP] iter=  5 | zero_steps=50.0%  mean_RTG=0.0725±0.0814  max_RTG=0.3447  avg_len=1.9  min_len=1  ls=[1.8657, 1.9451, 1.9455, 1.9456, 1.9478]
[DT-GP] iter=  5 | dt_loss=0.019454  target_RTG=0.7824  floor=0.7824(active=1)
[DT-GP] iter=  6 | zero_steps=81.1%  mean_RTG=0.0080±0.0236  max_RTG=0.1247  avg_len=1.2  min_len=1  ls=[2.0951, 2.1172, 2.1187, 2.1186, 2.1152]
[DT-GP] iter=  6 | dt_loss=0.011552  target_RTG=0.7824  floor=0.7824(active=1)
[DT-GP] iter=  7 | zero_steps=66.7%  mean_RTG=0.0057±0.0085  max_RTG=0.0319  avg_len=1.5  min_len=1  ls=[2.1733, 2.1669, 2.1664, 2.1664, 2.1678]
[DT-GP] iter=  7 | dt_loss=0.004301  target_RTG=0.7824  floor=0.7824(active=1)
[DT-GP] iter=  8 | zero_steps=71.4%  mean_RTG=0.0021±0.0050  max_RTG=0.0232  avg_len=1.4  min_len=1  ls=[2.1718, 2.1703, 2.1711, 2.171, 2.1694]
[DT-GP] iter=  8 | dt_loss=0.007489  target_RTG=0.7824  floor=0.7824(active=1)
[DT-GP] iter=  9 | zero_steps=81.1%  mean_RTG=0.0027±0.0063  max_RTG=0.0231  avg_len=1.2  min_len=1  ls=[2.2193, 2.2178, 2.2184, 2.2184, 2.2171]
[DT-GP] iter=  9 | dt_loss=0.005317  target_RTG=0.7824  floor=0.7824(active=1)
[DT-GP] iter= 10 | zero_steps=76.9%  mean_RTG=0.0026±0.0051  max_RTG=0.0186  avg_len=1.3  min_len=1  ls=[2.2269, 2.2259, 2.2251, 2.2251, 2.2267]
[DT-GP] iter= 10 | dt_loss=0.002127  target_RTG=0.7824  floor=0.7824(active=1)
[DT-GP] iter= 11 | zero_steps=78.9%  mean_RTG=0.0022±0.0045  max_RTG=0.0145  avg_len=1.3  min_len=1  ls=[2.2351, 2.2355, 2.2362, 2.2362, 2.2347]
[DT-GP] iter= 11 | dt_loss=0.003211  target_RTG=0.7824  floor=0.7824(active=1)
[DT-GP] iter= 12 | zero_steps=78.9%  mean_RTG=0.0033±0.0063  max_RTG=0.0245  avg_len=1.3  min_len=1  ls=[2.2243, 2.2242, 2.2256, 2.2256, 2.2243]
[DT-GP] iter= 12 | dt_loss=0.002166  target_RTG=0.7824  floor=0.7824(active=1)
[DT-GP] iter= 13 | zero_steps=83.3%  mean_RTG=0.0014±0.0034  max_RTG=0.0127  avg_len=1.2  min_len=1  ls=[2.2334, 2.2336, 2.2327, 2.2327, 2.2333]
[DT-GP] iter= 13 | dt_loss=0.002149  target_RTG=0.7824  floor=0.7824(active=1)
[DT-GP] iter= 14 | zero_steps=81.1%  mean_RTG=0.0024±0.0059  max_RTG=0.0222  avg_len=1.2  min_len=1  ls=[2.2288, 2.2285, 2.2243, 2.2243, 2.2245]
[DT-GP] iter= 14 | dt_loss=0.002996  target_RTG=0.7824  floor=0.7824(active=1)
[DT-GP] iter= 15 | zero_steps=81.1%  mean_RTG=0.0015±0.0035  max_RTG=0.0144  avg_len=1.2  min_len=1  ls=[2.2292, 2.2242, 2.2268, 2.2268, 2.2267]
[DT-GP] iter= 15 | dt_loss=0.002778  target_RTG=0.7824  floor=0.7824(active=1)
[DT-GP] iter= 16 | zero_steps=88.2%  mean_RTG=0.0009±0.0030  max_RTG=0.0155  avg_len=1.1  min_len=1  ls=[2.2169, 2.2128, 2.2145, 2.2145, 2.2145]
[DT-GP] iter= 16 | dt_loss=0.001743  target_RTG=0.7824  floor=0.7824(active=1)
[DT-GP] iter= 17 | zero_steps=81.1%  mean_RTG=0.0023±0.0055  max_RTG=0.0268  avg_len=1.2  min_len=1  ls=[2.1771, 2.1752, 2.1753, 2.1753, 2.1753]
[DT-GP] iter= 17 | dt_loss=0.002756  target_RTG=0.7824  floor=0.7824(active=1)
[DT-GP] iter= 18 | zero_steps=73.2%  mean_RTG=0.0023±0.0047  max_RTG=0.0156  avg_len=1.4  min_len=1  ls=[2.1306, 2.1284, 2.1287, 2.1287, 2.1287]
[DT-GP] iter= 18 | dt_loss=0.009006  target_RTG=0.7824  floor=0.7824(active=1)
[DT-GP] iter= 19 | zero_steps=73.2%  mean_RTG=0.0022±0.0043  max_RTG=0.0160  avg_len=1.4  min_len=1  ls=[2.1297, 2.1316, 2.1314, 2.1314, 2.1314]
[DT-GP] iter= 19 | dt_loss=0.005865  target_RTG=0.7824  floor=0.7824(active=1)
[DT-GP] iter= 20 | zero_steps=75.0%  mean_RTG=0.0026±0.0054  max_RTG=0.0208  avg_len=1.3  min_len=1  ls=[2.1311, 2.1287, 2.129, 2.129, 2.129]
[DT-GP] iter= 20 | dt_loss=0.008841  target_RTG=0.7824  floor=0.7824(active=1)
[DT-GP] iter= 21 | zero_steps=69.8%  mean_RTG=0.0037±0.0061  max_RTG=0.0196  avg_len=1.4  min_len=1  ls=[2.1231, 2.1258, 2.1255, 2.1255, 2.1255]
[DT-GP] iter= 21 | dt_loss=0.005759  target_RTG=0.7824  floor=0.7824(active=1)
[DT-GP] iter= 22 | zero_steps=75.0%  mean_RTG=0.0017±0.0037  max_RTG=0.0115  avg_len=1.3  min_len=1  ls=[2.119, 2.1267, 2.127, 2.127, 2.127]
[DT-GP] iter= 22 | dt_loss=0.008311  target_RTG=0.7824  floor=0.7824(active=1)
[DT-GP] iter= 23 | zero_steps=83.3%  mean_RTG=0.0020±0.0049  max_RTG=0.0208  avg_len=1.2  min_len=1  ls=[2.1233, 2.1261, 2.1258, 2.1258, 2.1258]
[DT-GP] iter= 23 | dt_loss=0.002026  target_RTG=0.7824  floor=0.7824(active=1)
[DT-GP] iter= 24 | zero_steps=90.9%  mean_RTG=0.0006±0.0020  max_RTG=0.0089  avg_len=1.1  min_len=1  ls=[2.0727, 2.0716, 2.0718, 2.0718, 2.0718]
[DT-GP] iter= 24 | dt_loss=0.000955  target_RTG=0.7824  floor=0.7824(active=1)
[DT-GP] iter= 25 | zero_steps=71.4%  mean_RTG=0.0041±0.0063  max_RTG=0.0245  avg_len=1.4  min_len=1  ls=[1.9573, 1.9563, 1.9564, 1.9564, 1.9564]
[DT-GP] iter= 25 | dt_loss=0.001054  target_RTG=0.7824  floor=0.7824(active=1)
[DT-GP] iter= 26 | zero_steps=75.0%  mean_RTG=0.0029±0.0057  max_RTG=0.0250  avg_len=1.3  min_len=1  ls=[1.9316, 1.9305, 1.9307, 1.9307, 1.9307]
[DT-GP] iter= 26 | dt_loss=0.000895  target_RTG=0.7824  floor=0.7824(active=1)
[DT-GP] iter= 27 | zero_steps=63.8%  mean_RTG=0.0059±0.0086  max_RTG=0.0320  avg_len=1.6  min_len=1  ls=[1.9186, 1.9196, 1.9195, 1.9195, 1.9195]
[DT-GP] iter= 27 | dt_loss=0.000939  target_RTG=0.7824  floor=0.7824(active=1)
[DT-GP] iter= 28 | zero_steps=58.8%  mean_RTG=0.0068±0.0087  max_RTG=0.0276  avg_len=1.7  min_len=1  ls=[1.9208, 1.9197, 1.9197, 1.9197, 1.9197]
[DT-GP] iter= 28 | dt_loss=0.001353  target_RTG=0.7824  floor=0.7824(active=1)
[DT-GP] iter= 29 | zero_steps=58.8%  mean_RTG=0.0058±0.0067  max_RTG=0.0235  avg_len=1.7  min_len=1  ls=[1.9205, 1.9216, 1.9215, 1.9215, 1.9215]
[DT-GP] iter= 29 | dt_loss=0.001937  target_RTG=0.7824  floor=0.7824(active=1)
[DT-GP] iter= 30 | zero_steps=53.6%  mean_RTG=0.0063±0.0068  max_RTG=0.0196  avg_len=1.9  min_len=1  ls=[1.9226, 1.9214, 1.9214, 1.9214, 1.9214]
[DT-GP] iter= 30 | dt_loss=0.00301  target_RTG=0.7824  floor=0.7824(active=1)
final best = -0.0001
  [DT-GP-floor01] running... Using device: cpu, dtype: torch.float64
Set random seed: 2
Save directory set to: res
Sampling 10 initial points using 'sobol' method...
Initializing BoTorch GP ensemble...
[DT-GP] iter=  1 | zero_steps=76.9%  mean_RTG=0.5661±1.1377  max_RTG=3.9122  avg_len=1.3  min_len=1  ls=[0.1, 1.3784, 1.3812, 1.383, 1.1898]
[DT-GP] iter=  1 | dt_loss=0.009806  target_RTG=3.9122  floor=0.0000(active=0)
[DT-GP] iter=  2 | zero_steps=69.8%  mean_RTG=0.5136±0.7377  max_RTG=2.4875  avg_len=1.4  min_len=1  ls=[0.1, 1.5179, 1.5181, 1.5182, 1.5114]
[DT-GP] iter=  2 | dt_loss=0.33564  target_RTG=2.4875  floor=0.3912(active=0)
[DT-GP] iter=  3 | zero_steps=71.4%  mean_RTG=0.2907±0.5493  max_RTG=1.9135  avg_len=1.4  min_len=1  ls=[0.1, 1.7071, 1.7, 1.699, 1.7004]
[DT-GP] iter=  3 | dt_loss=0.69586  target_RTG=1.9135  floor=0.3912(active=0)
[DT-GP] iter=  4 | zero_steps=73.2%  mean_RTG=0.2267±0.4759  max_RTG=2.0596  avg_len=1.4  min_len=1  ls=[1.6211, 1.8168, 1.8193, 1.8195, 1.8163]
[DT-GP] iter=  4 | dt_loss=1.421302  target_RTG=2.0596  floor=0.3912(active=0)
[DT-GP] iter=  5 | zero_steps=50.0%  mean_RTG=0.0725±0.0814  max_RTG=0.3447  avg_len=1.9  min_len=1  ls=[1.8657, 1.9451, 1.9455, 1.9456, 1.9478]
[DT-GP] iter=  5 | dt_loss=0.019454  target_RTG=0.3912  floor=0.3912(active=1)
[DT-GP] iter=  6 | zero_steps=81.1%  mean_RTG=0.0083±0.0257  max_RTG=0.1377  avg_len=1.2  min_len=1  ls=[2.0953, 2.1174, 2.1189, 2.1188, 2.1154]
[DT-GP] iter=  6 | dt_loss=0.010941  target_RTG=0.3912  floor=0.3912(active=1)
[DT-GP] iter=  7 | zero_steps=66.7%  mean_RTG=0.0055±0.0084  max_RTG=0.0304  avg_len=1.5  min_len=1  ls=[2.1639, 2.1567, 2.1573, 2.1573, 2.1567]
[DT-GP] iter=  7 | dt_loss=0.006148  target_RTG=0.3912  floor=0.3912(active=1)
[DT-GP] iter=  8 | zero_steps=71.4%  mean_RTG=0.0026±0.0054  max_RTG=0.0246  avg_len=1.4  min_len=1  ls=[2.1512, 2.1497, 2.1494, 2.1494, 2.1497]
[DT-GP] iter=  8 | dt_loss=0.002721  target_RTG=0.3912  floor=0.3912(active=1)
[DT-GP] iter=  9 | zero_steps=73.2%  mean_RTG=0.0034±0.0065  max_RTG=0.0233  avg_len=1.4  min_len=1  ls=[2.2206, 2.2223, 2.2224, 2.2224, 2.2223]
[DT-GP] iter=  9 | dt_loss=0.003943  target_RTG=0.3912  floor=0.3912(active=1)
[DT-GP] iter= 10 | zero_steps=73.2%  mean_RTG=0.0024±0.0045  max_RTG=0.0171  avg_len=1.4  min_len=1  ls=[2.2504, 2.2538, 2.2538, 2.2538, 2.2538]
[DT-GP] iter= 10 | dt_loss=0.005535  target_RTG=0.3912  floor=0.3912(active=1)
[DT-GP] iter= 11 | zero_steps=71.4%  mean_RTG=0.0033±0.0057  max_RTG=0.0210  avg_len=1.4  min_len=1  ls=[2.2361, 2.235, 2.2351, 2.2351, 2.235]
[DT-GP] iter= 11 | dt_loss=0.008667  target_RTG=0.3912  floor=0.3912(active=1)
[DT-GP] iter= 12 | zero_steps=83.3%  mean_RTG=0.0022±0.0045  max_RTG=0.0135  avg_len=1.2  min_len=1  ls=[2.2327, 2.2336, 2.2336, 2.2336, 2.2336]
[DT-GP] iter= 12 | dt_loss=0.004739  target_RTG=0.3912  floor=0.3912(active=1)
[DT-GP] iter= 13 | zero_steps=83.3%  mean_RTG=0.0012±0.0038  max_RTG=0.0179  avg_len=1.2  min_len=1  ls=[2.1272, 2.1275, 2.1275, 2.1275, 2.1275]
[DT-GP] iter= 13 | dt_loss=0.00161  target_RTG=0.3912  floor=0.3912(active=1)
[DT-GP] iter= 14 | zero_steps=78.9%  mean_RTG=0.0035±0.0072  max_RTG=0.0262  avg_len=1.3  min_len=1  ls=[2.0259, 2.0258, 2.0258, 2.0258, 2.0258]
[DT-GP] iter= 14 | dt_loss=0.001482  target_RTG=0.3912  floor=0.3912(active=1)
[DT-GP] iter= 15 | zero_steps=66.7%  mean_RTG=0.0042±0.0066  max_RTG=0.0254  avg_len=1.5  min_len=1  ls=[1.9979, 1.9979, 1.9979, 1.9979, 1.9979]
[DT-GP] iter= 15 | dt_loss=0.00337  target_RTG=0.3912  floor=0.3912(active=1)
[DT-GP] iter= 16 | zero_steps=65.2%  mean_RTG=0.0045±0.0071  max_RTG=0.0261  avg_len=1.5  min_len=1  ls=[1.995, 1.995, 1.995, 1.995, 1.995]
[DT-GP] iter= 16 | dt_loss=0.001889  target_RTG=0.3912  floor=0.3912(active=1)
[DT-GP] iter= 17 | zero_steps=69.8%  mean_RTG=0.0027±0.0050  max_RTG=0.0190  avg_len=1.4  min_len=1  ls=[2.0001, 2.0001, 2.0001, 2.0001, 2.0001]
[DT-GP] iter= 17 | dt_loss=0.001691  target_RTG=0.3912  floor=0.3912(active=1)
[DT-GP] iter= 18 | zero_steps=65.2%  mean_RTG=0.0034±0.0050  max_RTG=0.0154  avg_len=1.5  min_len=1  ls=[1.9999, 2.0, 2.0, 2.0, 2.0]
[DT-GP] iter= 18 | dt_loss=0.002158  target_RTG=0.3912  floor=0.3912(active=1)
[DT-GP] iter= 19 | zero_steps=66.7%  mean_RTG=0.0043±0.0067  max_RTG=0.0227  avg_len=1.5  min_len=1  ls=[2.0036, 2.0035, 2.0035, 2.0035, 2.0035]
[DT-GP] iter= 19 | dt_loss=0.005063  target_RTG=0.3912  floor=0.3912(active=1)
[DT-GP] iter= 20 | zero_steps=58.8%  mean_RTG=0.0058±0.0072  max_RTG=0.0223  avg_len=1.7  min_len=1  ls=[2.0018, 2.0019, 2.0019, 2.0019, 2.0019]
[DT-GP] iter= 20 | dt_loss=0.003316  target_RTG=0.3912  floor=0.3912(active=1)
[DT-GP] iter= 21 | zero_steps=63.8%  mean_RTG=0.0035±0.0055  max_RTG=0.0226  avg_len=1.6  min_len=1  ls=[2.0051, 2.005, 2.005, 2.005, 2.005]
[DT-GP] iter= 21 | dt_loss=0.006109  target_RTG=0.3912  floor=0.3912(active=1)
[DT-GP] iter= 22 | zero_steps=71.4%  mean_RTG=0.0014±0.0027  max_RTG=0.0095  avg_len=1.4  min_len=1  ls=[2.0032, 2.0032, 2.0032, 2.0032, 2.0032]
[DT-GP] iter= 22 | dt_loss=0.003039  target_RTG=0.3912  floor=0.3912(active=1)
[DT-GP] iter= 23 | zero_steps=68.2%  mean_RTG=0.0042±0.0070  max_RTG=0.0255  avg_len=1.5  min_len=1  ls=[2.0064, 2.0064, 2.0064, 2.0064, 2.0064]
[DT-GP] iter= 23 | dt_loss=0.003099  target_RTG=0.3912  floor=0.3912(active=1)
[DT-GP] iter= 24 | zero_steps=68.2%  mean_RTG=0.0025±0.0051  max_RTG=0.0254  avg_len=1.5  min_len=1  ls=[2.0043, 2.0044, 2.0044, 2.0044, 2.0044]
[DT-GP] iter= 24 | dt_loss=0.003263  target_RTG=0.3912  floor=0.3912(active=1)
[DT-GP] iter= 25 | zero_steps=66.7%  mean_RTG=0.0037±0.0052  max_RTG=0.0178  avg_len=1.5  min_len=1  ls=[2.0075, 2.0074, 2.0074, 2.0074, 2.0074]
[DT-GP] iter= 25 | dt_loss=0.00653  target_RTG=0.3912  floor=0.3912(active=1)
[DT-GP] iter= 26 | zero_steps=65.9%  mean_RTG=0.0042±0.0070  max_RTG=0.0263  avg_len=1.5  min_len=1  ls=[2.0044, 2.0045, 2.0045, 2.0045, 2.0045]
[DT-GP] iter= 26 | dt_loss=0.004573  target_RTG=0.3912  floor=0.3912(active=1)
[DT-GP] iter= 27 | zero_steps=68.2%  mean_RTG=0.0028±0.0047  max_RTG=0.0150  avg_len=1.5  min_len=1  ls=[2.0082, 2.0082, 2.0082, 2.0082, 2.0082]
[DT-GP] iter= 27 | dt_loss=0.003445  target_RTG=0.3912  floor=0.3912(active=1)
[DT-GP] iter= 28 | zero_steps=66.7%  mean_RTG=0.0053±0.0073  max_RTG=0.0250  avg_len=1.5  min_len=1  ls=[2.0052, 2.0053, 2.0053, 2.0053, 2.0053]
[DT-GP] iter= 28 | dt_loss=0.008508  target_RTG=0.3912  floor=0.3912(active=1)
[DT-GP] iter= 29 | zero_steps=69.8%  mean_RTG=0.0030±0.0046  max_RTG=0.0132  avg_len=1.4  min_len=1  ls=[2.006, 2.006, 2.006, 2.006, 2.006]
[DT-GP] iter= 29 | dt_loss=0.003989  target_RTG=0.3912  floor=0.3912(active=1)
[DT-GP] iter= 30 | zero_steps=66.7%  mean_RTG=0.0040±0.0070  max_RTG=0.0268  avg_len=1.5  min_len=1  ls=[2.0053, 2.0053, 2.0053, 2.0053, 2.0053]
[DT-GP] iter= 30 | dt_loss=0.005318  target_RTG=0.3912  floor=0.3912(active=1)
final best = -0.0000
  [DT-GT-dynamic] running... Using device: cpu, dtype: torch.float64
Set random seed: 2
Save directory set to: res
Sampling 10 initial points using 'sobol' method...
Initializing BoTorch GP ensemble...
[DT-GT] iter=  1 | zero_steps=39.5%  mean_RTG=0.1300±0.0728  max_RTG=0.1949  avg_len=2.5  min_len=1  ls=[0.1, 1.3784, 1.3812, 1.383, 1.1898]
[DT-GT] iter=  1 | dt_loss=0.047406  target_RTG=0.1949
[DT-GT] iter=  2 | zero_steps=54.5%  mean_RTG=0.0529±0.0323  max_RTG=0.1052  avg_len=1.8  min_len=1  ls=[1.3412, 1.4457, 1.4425, 1.4389, 1.4066]
[DT-GT] iter=  2 | dt_loss=0.016778  target_RTG=0.1052
[DT-GT] iter=  3 | zero_steps=48.4%  mean_RTG=0.0489±0.0308  max_RTG=0.1066  avg_len=2.1  min_len=1  ls=[1.7049, 1.7128, 1.7126, 1.7106, 1.6987]
[DT-GT] iter=  3 | dt_loss=0.012831  target_RTG=0.1066
[DT-GT] iter=  4 | zero_steps=76.9%  mean_RTG=0.0314±0.0480  max_RTG=0.1066  avg_len=1.3  min_len=1  ls=[1.9565, 1.9537, 1.9525, 1.9534, 1.956]
[DT-GT] iter=  4 | dt_loss=0.005758  target_RTG=0.1066
[DT-GT] iter=  5 | zero_steps=100.0%  mean_RTG=0.0000±0.0000  max_RTG=0.0000  avg_len=1.0  min_len=1  ls=[2.105, 2.1044, 2.1048, 2.1043, 2.1055]
[DT-GT] iter=  5 | dt_loss=0.00999  target_RTG=0.0000
[DT-GT] iter=  6 | zero_steps=100.0%  mean_RTG=0.0000±0.0000  max_RTG=0.0000  avg_len=1.0  min_len=1  ls=[2.2482, 2.248, 2.2484, 2.248, 2.2491]
[DT-GT] iter=  6 | dt_loss=0.00733  target_RTG=0.0000
[DT-GT] iter=  7 | zero_steps=85.7%  mean_RTG=0.0004±0.0009  max_RTG=0.0029  avg_len=1.2  min_len=1  ls=[2.1295, 2.1144, 2.1146, 2.1164, 2.1365]
[DT-GT] iter=  7 | dt_loss=0.009047  target_RTG=0.0029
[DT-GT] iter=  8 | zero_steps=90.9%  mean_RTG=0.0002±0.0006  max_RTG=0.0029  avg_len=1.1  min_len=1  ls=[2.0834, 2.084, 2.0839, 2.0835, 2.0842]
[DT-GT] iter=  8 | dt_loss=0.0041  target_RTG=0.0029
[DT-GT] iter=  9 | zero_steps=93.8%  mean_RTG=0.0001±0.0002  max_RTG=0.0013  avg_len=1.1  min_len=1  ls=[2.1141, 2.1141, 2.1142, 2.1143, 2.1137]
[DT-GT] iter=  9 | dt_loss=0.005967  target_RTG=0.0013
[DT-GT] iter= 10 | zero_steps=96.8%  mean_RTG=0.0000±0.0001  max_RTG=0.0004  avg_len=1.0  min_len=1  ls=[2.1547, 2.1547, 2.1547, 2.1547, 2.1549]
[DT-GT] iter= 10 | dt_loss=0.003908  target_RTG=0.0004
[DT-GT] iter= 11 | zero_steps=100.0%  mean_RTG=0.0000±0.0000  max_RTG=0.0000  avg_len=1.0  min_len=1  ls=[1.49, 1.49, 1.49, 1.49, 1.4901]
[DT-GT] iter= 11 | dt_loss=0.011762  target_RTG=0.0000
[DT-GT] iter= 12 | zero_steps=93.8%  mean_RTG=0.0002±0.0009  max_RTG=0.0036  avg_len=1.1  min_len=1  ls=[1.3209, 1.3188, 1.3188, 1.319, 1.322]
[DT-GT] iter= 12 | dt_loss=0.002944  target_RTG=0.0036
[DT-GT] iter= 13 | zero_steps=85.7%  mean_RTG=0.0004±0.0009  max_RTG=0.0029  avg_len=1.2  min_len=1  ls=[1.9091, 1.9222, 1.9221, 1.9188, 1.9122]
[DT-GT] iter= 13 | dt_loss=0.007136  target_RTG=0.0029
[DT-GT] iter= 14 | zero_steps=88.2%  mean_RTG=0.0001±0.0004  max_RTG=0.0019  avg_len=1.1  min_len=1  ls=[2.2243, 2.2108, 2.2107, 2.211, 2.2262]
[DT-GT] iter= 14 | dt_loss=0.233839  target_RTG=0.0019
[DT-GT] iter= 15 | zero_steps=48.4%  mean_RTG=0.0024±0.0019  max_RTG=0.0049  avg_len=2.1  min_len=1  ls=[2.2465, 2.2523, 2.2522, 2.252, 2.2466]
[DT-GT] iter= 15 | dt_loss=0.08102  target_RTG=0.0049
[DT-GT] iter= 16 | zero_steps=83.3%  mean_RTG=0.0001±0.0003  max_RTG=0.0013  avg_len=1.2  min_len=1  ls=[2.1735, 2.1735, 2.1735, 2.1736, 2.1737]
[DT-GT] iter= 16 | dt_loss=0.002272  target_RTG=0.0013
[DT-GT] iter= 17 | zero_steps=90.9%  mean_RTG=0.0002±0.0007  max_RTG=0.0025  avg_len=1.1  min_len=1  ls=[2.1822, 2.1833, 2.1833, 2.1832, 2.1823]
[DT-GT] iter= 17 | dt_loss=0.001799  target_RTG=0.0025
[DT-GT] iter= 18 | zero_steps=88.2%  mean_RTG=0.0001±0.0003  max_RTG=0.0013  avg_len=1.1  min_len=1  ls=[2.1833, 2.1846, 2.1846, 2.1845, 2.1837]
[DT-GT] iter= 18 | dt_loss=0.001166  target_RTG=0.0013
[DT-GT] iter= 19 | zero_steps=83.3%  mean_RTG=0.0003±0.0007  max_RTG=0.0032  avg_len=1.2  min_len=1  ls=[2.1831, 2.1843, 2.1843, 2.1841, 2.1832]
[DT-GT] iter= 19 | dt_loss=0.002514  target_RTG=0.0032
[DT-GT] iter= 20 | zero_steps=83.3%  mean_RTG=0.0002±0.0005  max_RTG=0.0024  avg_len=1.2  min_len=1  ls=[2.1819, 2.1822, 2.1822, 2.1821, 2.1819]
[DT-GT] iter= 20 | dt_loss=0.001597  target_RTG=0.0024
[DT-GT] iter= 21 | zero_steps=83.3%  mean_RTG=0.0001±0.0003  max_RTG=0.0014  avg_len=1.2  min_len=1  ls=[2.1806, 2.1807, 2.1807, 2.1807, 2.1806]
[DT-GT] iter= 21 | dt_loss=0.001395  target_RTG=0.0014
[DT-GT] iter= 22 | zero_steps=75.0%  mean_RTG=0.0003±0.0007  max_RTG=0.0024  avg_len=1.3  min_len=1  ls=[2.1805, 2.1805, 2.1805, 2.1805, 2.1805]
[DT-GT] iter= 22 | dt_loss=0.0019  target_RTG=0.0024
[DT-GT] iter= 23 | zero_steps=85.7%  mean_RTG=0.0001±0.0002  max_RTG=0.0011  avg_len=1.2  min_len=1  ls=[2.1674, 2.1674, 2.1674, 2.1674, 2.1674]
[DT-GT] iter= 23 | dt_loss=0.006572  target_RTG=0.0011
[DT-GT] iter= 24 | zero_steps=83.3%  mean_RTG=0.0001±0.0002  max_RTG=0.0008  avg_len=1.2  min_len=1  ls=[2.1525, 2.1525, 2.1525, 2.1525, 2.1525]
[DT-GT] iter= 24 | dt_loss=0.002903  target_RTG=0.0008
[DT-GT] iter= 25 | zero_steps=85.7%  mean_RTG=0.0001±0.0004  max_RTG=0.0018  avg_len=1.2  min_len=1  ls=[2.1196, 2.1196, 2.1196, 2.1196, 2.1196]
[DT-GT] iter= 25 | dt_loss=0.004515  target_RTG=0.0018
[DT-GT] iter= 26 | zero_steps=85.7%  mean_RTG=0.0001±0.0003  max_RTG=0.0012  avg_len=1.2  min_len=1  ls=[2.0721, 2.0721, 2.0721, 2.0721, 2.0721]
[DT-GT] iter= 26 | dt_loss=0.00203  target_RTG=0.0012
[DT-GT] iter= 27 | zero_steps=100.0%  mean_RTG=0.0000±0.0000  max_RTG=0.0000  avg_len=1.0  min_len=1  ls=[1.3084, 1.3084, 1.3084, 1.3084, 1.3084]
[DT-GT] iter= 27 | dt_loss=0.001431  target_RTG=0.0000
[DT-GT] iter= 28 | zero_steps=96.8%  mean_RTG=0.0000±0.0001  max_RTG=0.0005  avg_len=1.0  min_len=1  ls=[1.3343, 1.3343, 1.3343, 1.3343, 1.3343]
[DT-GT] iter= 28 | dt_loss=0.002071  target_RTG=0.0005
[DT-GT] iter= 29 | zero_steps=93.8%  mean_RTG=0.0000±0.0001  max_RTG=0.0007  avg_len=1.1  min_len=1  ls=[1.335, 1.335, 1.335, 1.335, 1.335]
[DT-GT] iter= 29 | dt_loss=0.00156  target_RTG=0.0007
[DT-GT] iter= 30 | zero_steps=88.2%  mean_RTG=0.0001±0.0004  max_RTG=0.0018  avg_len=1.1  min_len=1  ls=[1.3344, 1.3344, 1.3344, 1.3344, 1.3344]
[DT-GT] iter= 30 | dt_loss=0.001237  target_RTG=0.0018
final best = -0.0029
  [ckpt] 3/10 saved → res/floored_rtg_dtgp_levy/floored_rtg_dtgp.ckpt.json

── Trial 4/10  (seed=3) ────────────────────────────────────────
  [DT-GP-floor05] running... Using device: cpu, dtype: torch.float64
Set random seed: 3
Save directory set to: res
Sampling 10 initial points using 'sobol' method...
Initializing BoTorch GP ensemble...
[DT-GP] iter=  1 | zero_steps=75.0%  mean_RTG=0.2649±0.4795  max_RTG=1.8009  avg_len=1.3  min_len=1  ls=[1.7333, 1.7261, 1.7326, 1.7495, 1.6665]
[DT-GP] iter=  1 | dt_loss=0.104395  target_RTG=1.8009  floor=0.0000(active=0)
[DT-GP] iter=  2 | zero_steps=73.2%  mean_RTG=0.2192±0.3580  max_RTG=1.1336  avg_len=1.4  min_len=1  ls=[1.7873, 1.7939, 1.7878, 1.7908, 1.8411]
[DT-GP] iter=  2 | dt_loss=0.083762  target_RTG=1.1336  floor=0.9005(active=0)
[DT-GP] iter=  3 | zero_steps=46.0%  mean_RTG=0.1488±0.1246  max_RTG=0.3539  avg_len=2.1  min_len=1  ls=[1.9033, 1.8994, 1.9032, 1.9024, 1.9089]
[DT-GP] iter=  3 | dt_loss=0.071548  target_RTG=0.9005  floor=0.9005(active=1)
[DT-GP] iter=  4 | zero_steps=40.0%  mean_RTG=0.1080±0.0756  max_RTG=0.3011  avg_len=2.3  min_len=1  ls=[2.0265, 2.0265, 2.0265, 2.0265, 2.0229]
[DT-GP] iter=  4 | dt_loss=0.097271  target_RTG=0.9005  floor=0.9005(active=1)
[DT-GP] iter=  5 | zero_steps=54.5%  mean_RTG=0.1497±0.1486  max_RTG=0.4834  avg_len=1.8  min_len=1  ls=[1.8154, 1.8211, 1.8173, 1.8218, 1.8222]
[DT-GP] iter=  5 | dt_loss=0.03519  target_RTG=0.9005  floor=0.9005(active=1)
[DT-GP] iter=  6 | zero_steps=36.8%  mean_RTG=0.1819±0.1985  max_RTG=1.1464  avg_len=2.5  min_len=1  ls=[1.8584, 1.8586, 1.8602, 1.8573, 1.8597]
[DT-GP] iter=  6 | dt_loss=0.0212  target_RTG=1.1464  floor=0.9005(active=0)
[DT-GP] iter=  7 | zero_steps=28.0%  mean_RTG=0.2291±0.2190  max_RTG=1.3571  avg_len=3.1  min_len=2  ls=[1.9285, 1.9292, 1.9284, 1.9289, 1.9296]
[DT-GP] iter=  7 | dt_loss=0.00781  target_RTG=1.3571  floor=0.9005(active=0)
[DT-GP] iter=  8 | zero_steps=31.9%  mean_RTG=0.1923±0.1348  max_RTG=0.8958  avg_len=3.0  min_len=2  ls=[1.9486, 1.9495, 1.9494, 1.9486, 1.9499]
[DT-GP] iter=  8 | dt_loss=0.01197  target_RTG=0.9005  floor=0.9005(active=1)
[DT-GP] iter=  9 | zero_steps=29.6%  mean_RTG=0.1856±0.0432  max_RTG=0.3126  avg_len=3.3  min_len=2  ls=[1.8089, 1.8092, 1.8092, 1.8089, 1.8094]
[DT-GP] iter=  9 | dt_loss=0.013962  target_RTG=0.9005  floor=0.9005(active=1)
[DT-GP] iter= 10 | zero_steps=58.8%  mean_RTG=0.1749±0.3005  max_RTG=1.3619  avg_len=1.7  min_len=1  ls=[1.4902, 1.4904, 1.4904, 1.4903, 1.4905]
[DT-GP] iter= 10 | dt_loss=0.274091  target_RTG=1.3619  floor=0.9005(active=0)
[DT-GP] iter= 11 | zero_steps=42.6%  mean_RTG=0.1552±0.1343  max_RTG=0.7549  avg_len=2.3  min_len=1  ls=[1.6033, 1.6296, 1.611, 1.6356, 1.6509]
[DT-GP] iter= 11 | dt_loss=0.065756  target_RTG=0.9005  floor=0.9005(active=1)
[DT-GP] iter= 12 | zero_steps=47.6%  mean_RTG=0.1450±0.1188  max_RTG=0.4564  avg_len=2.1  min_len=1  ls=[1.9602, 1.9584, 1.9603, 1.9577, 1.9557]
[DT-GP] iter= 12 | dt_loss=0.210227  target_RTG=0.9005  floor=0.9005(active=1)
[DT-GP] iter= 13 | zero_steps=42.0%  mean_RTG=0.1329±0.0832  max_RTG=0.2708  avg_len=2.3  min_len=1  ls=[1.9221, 1.9226, 1.9223, 1.9228, 1.9256]
[DT-GP] iter= 13 | dt_loss=0.231673  target_RTG=0.9005  floor=0.9005(active=1)
[DT-GP] iter= 14 | zero_steps=29.2%  mean_RTG=0.2224±0.1276  max_RTG=0.6728  avg_len=3.0  min_len=1  ls=[1.9222, 1.9223, 1.9222, 1.9223, 1.9209]
[DT-GP] iter= 14 | dt_loss=0.008232  target_RTG=0.9005  floor=0.9005(active=1)
[DT-GP] iter= 15 | zero_steps=57.7%  mean_RTG=0.0403±0.0424  max_RTG=0.1437  avg_len=1.7  min_len=1  ls=[1.9337, 1.9336, 1.9337, 1.9336, 1.9341]
[DT-GP] iter= 15 | dt_loss=0.005718  target_RTG=0.9005  floor=0.9005(active=1)
[DT-GP] iter= 16 | zero_steps=65.2%  mean_RTG=0.0167±0.0257  max_RTG=0.0791  avg_len=1.5  min_len=1  ls=[1.907, 1.9069, 1.907, 1.9069, 1.9069]
[DT-GP] iter= 16 | dt_loss=0.006581  target_RTG=0.9005  floor=0.9005(active=1)
[DT-GP] iter= 17 | zero_steps=73.2%  mean_RTG=0.0059±0.0115  max_RTG=0.0345  avg_len=1.4  min_len=1  ls=[1.6967, 1.6967, 1.6967, 1.6967, 1.6966]
[DT-GP] iter= 17 | dt_loss=0.004741  target_RTG=0.9005  floor=0.9005(active=1)
[DT-GP] iter= 18 | zero_steps=68.2%  mean_RTG=0.0061±0.0092  max_RTG=0.0272  avg_len=1.5  min_len=1  ls=[1.617, 1.6171, 1.6171, 1.6171, 1.6171]
[DT-GP] iter= 18 | dt_loss=0.002422  target_RTG=0.9005  floor=0.9005(active=1)
[DT-GP] iter= 19 | zero_steps=76.9%  mean_RTG=0.0024±0.0051  max_RTG=0.0199  avg_len=1.3  min_len=1  ls=[1.5899, 1.5899, 1.5899, 1.5899, 1.59]
[DT-GP] iter= 19 | dt_loss=0.002992  target_RTG=0.9005  floor=0.9005(active=1)
[DT-GP] iter= 20 | zero_steps=69.8%  mean_RTG=0.0054±0.0079  max_RTG=0.0240  avg_len=1.4  min_len=1  ls=[1.5873, 1.5873, 1.5873, 1.5873, 1.5873]
[DT-GP] iter= 20 | dt_loss=0.002995  target_RTG=0.9005  floor=0.9005(active=1)
[DT-GP] iter= 21 | zero_steps=61.2%  mean_RTG=0.0049±0.0067  max_RTG=0.0231  avg_len=1.6  min_len=1  ls=[1.5909, 1.5909, 1.5909, 1.5909, 1.5909]
[DT-GP] iter= 21 | dt_loss=0.006484  target_RTG=0.9005  floor=0.9005(active=1)
[DT-GP] iter= 22 | zero_steps=52.7%  mean_RTG=0.0064±0.0100  max_RTG=0.0427  avg_len=1.8  min_len=1  ls=[1.588, 1.588, 1.588, 1.588, 1.588]
[DT-GP] iter= 22 | dt_loss=0.008061  target_RTG=0.9005  floor=0.9005(active=1)
[DT-GP] iter= 23 | zero_steps=68.2%  mean_RTG=0.0042±0.0076  max_RTG=0.0290  avg_len=1.5  min_len=1  ls=[1.5907, 1.5907, 1.5907, 1.5907, 1.5907]
[DT-GP] iter= 23 | dt_loss=0.016249  target_RTG=0.9005  floor=0.9005(active=1)
[DT-GP] iter= 24 | zero_steps=66.7%  mean_RTG=0.0047±0.0073  max_RTG=0.0255  avg_len=1.5  min_len=1  ls=[1.5907, 1.5907, 1.5907, 1.5907, 1.5907]
[DT-GP] iter= 24 | dt_loss=0.004079  target_RTG=0.9005  floor=0.9005(active=1)
[DT-GP] iter= 25 | zero_steps=68.2%  mean_RTG=0.0043±0.0069  max_RTG=0.0250  avg_len=1.5  min_len=1  ls=[1.5934, 1.5934, 1.5934, 1.5934, 1.5934]
[DT-GP] iter= 25 | dt_loss=0.008739  target_RTG=0.9005  floor=0.9005(active=1)
[DT-GP] iter= 26 | zero_steps=63.8%  mean_RTG=0.0048±0.0067  max_RTG=0.0263  avg_len=1.6  min_len=1  ls=[1.5924, 1.5924, 1.5924, 1.5924, 1.5924]
[DT-GP] iter= 26 | dt_loss=0.013425  target_RTG=0.9005  floor=0.9005(active=1)
[DT-GP] iter= 27 | zero_steps=58.8%  mean_RTG=0.0065±0.0076  max_RTG=0.0278  avg_len=1.7  min_len=1  ls=[1.5933, 1.5933, 1.5933, 1.5933, 1.5933]
[DT-GP] iter= 27 | dt_loss=0.008673  target_RTG=0.9005  floor=0.9005(active=1)
[DT-GP] iter= 28 | zero_steps=57.7%  mean_RTG=0.0058±0.0073  max_RTG=0.0311  avg_len=1.7  min_len=1  ls=[1.593, 1.593, 1.593, 1.593, 1.593]
[DT-GP] iter= 28 | dt_loss=0.007342  target_RTG=0.9005  floor=0.9005(active=1)
[DT-GP] iter= 29 | zero_steps=71.4%  mean_RTG=0.0031±0.0047  max_RTG=0.0198  avg_len=1.4  min_len=1  ls=[1.5937, 1.5937, 1.5937, 1.5937, 1.5937]
[DT-GP] iter= 29 | dt_loss=0.005283  target_RTG=0.9005  floor=0.9005(active=1)
[DT-GP] iter= 30 | zero_steps=63.8%  mean_RTG=0.0047±0.0066  max_RTG=0.0203  avg_len=1.6  min_len=1  ls=[1.5933, 1.5933, 1.5933, 1.5933, 1.5933]
[DT-GP] iter= 30 | dt_loss=0.007098  target_RTG=0.9005  floor=0.9005(active=1)
final best = -0.0001
  [DT-GP-floor02] running... Using device: cpu, dtype: torch.float64
Set random seed: 3
Save directory set to: res
Sampling 10 initial points using 'sobol' method...
Initializing BoTorch GP ensemble...
[DT-GP] iter=  1 | zero_steps=75.0%  mean_RTG=0.2649±0.4795  max_RTG=1.8009  avg_len=1.3  min_len=1  ls=[1.7333, 1.7261, 1.7326, 1.7495, 1.6665]
[DT-GP] iter=  1 | dt_loss=0.104395  target_RTG=1.8009  floor=0.0000(active=0)
[DT-GP] iter=  2 | zero_steps=73.2%  mean_RTG=0.2192±0.3580  max_RTG=1.1336  avg_len=1.4  min_len=1  ls=[1.7873, 1.7939, 1.7878, 1.7908, 1.8411]
[DT-GP] iter=  2 | dt_loss=0.083762  target_RTG=1.1336  floor=0.3602(active=0)
[DT-GP] iter=  3 | zero_steps=46.0%  mean_RTG=0.1488±0.1246  max_RTG=0.3539  avg_len=2.1  min_len=1  ls=[1.9033, 1.8994, 1.9032, 1.9024, 1.9089]
[DT-GP] iter=  3 | dt_loss=0.071548  target_RTG=0.3602  floor=0.3602(active=1)
[DT-GP] iter=  4 | zero_steps=41.4%  mean_RTG=0.1010±0.0762  max_RTG=0.3246  avg_len=2.3  min_len=1  ls=[2.0638, 2.0647, 2.0638, 2.0639, 2.0635]
[DT-GP] iter=  4 | dt_loss=0.015824  target_RTG=0.3602  floor=0.3602(active=1)
[DT-GP] iter=  5 | zero_steps=61.2%  mean_RTG=0.1089±0.1630  max_RTG=0.6879  avg_len=1.6  min_len=1  ls=[1.7368, 1.7369, 1.7368, 1.7369, 1.7368]
[DT-GP] iter=  5 | dt_loss=0.01196  target_RTG=0.6879  floor=0.3602(active=0)
[DT-GP] iter=  6 | zero_steps=40.0%  mean_RTG=0.2012±0.2229  max_RTG=1.0400  avg_len=2.3  min_len=1  ls=[1.8254, 1.8252, 1.8254, 1.8253, 1.8256]
[DT-GP] iter=  6 | dt_loss=0.016706  target_RTG=1.0400  floor=0.3602(active=0)
[DT-GP] iter=  7 | zero_steps=25.5%  mean_RTG=0.2530±0.0910  max_RTG=0.4682  avg_len=3.3  min_len=1  ls=[1.8701, 1.8701, 1.8701, 1.8701, 1.8701]
[DT-GP] iter=  7 | dt_loss=0.007389  target_RTG=0.4682  floor=0.3602(active=0)
[DT-GP] iter=  8 | zero_steps=31.0%  mean_RTG=0.2701±0.1605  max_RTG=0.6951  avg_len=2.9  min_len=1  ls=[1.7582, 1.7581, 1.7582, 1.7582, 1.7582]
[DT-GP] iter=  8 | dt_loss=0.105928  target_RTG=0.6951  floor=0.3602(active=0)
[DT-GP] iter=  9 | zero_steps=30.5%  mean_RTG=0.2431±0.1116  max_RTG=0.6031  avg_len=3.2  min_len=1  ls=[1.8297, 1.8297, 1.8297, 1.8297, 1.8297]
[DT-GP] iter=  9 | dt_loss=0.008153  target_RTG=0.6031  floor=0.3602(active=0)
[DT-GP] iter= 10 | zero_steps=33.3%  mean_RTG=0.4248±0.3356  max_RTG=1.6116  avg_len=2.8  min_len=1  ls=[1.5854, 1.5854, 1.5854, 1.5854, 1.5854]
[DT-GP] iter= 10 | dt_loss=0.103455  target_RTG=1.6116  floor=0.3602(active=0)
[DT-GP] iter= 11 | zero_steps=35.8%  mean_RTG=0.2396±0.1805  max_RTG=0.8336  avg_len=2.7  min_len=1  ls=[1.5861, 1.5861, 1.5861, 1.5861, 1.5861]
[DT-GP] iter= 11 | dt_loss=0.014355  target_RTG=0.8336  floor=0.3602(active=0)
[DT-GP] iter= 12 | zero_steps=35.8%  mean_RTG=0.2386±0.1270  max_RTG=0.5623  avg_len=2.7  min_len=1  ls=[1.6327, 1.6327, 1.6327, 1.6327, 1.6327]
[DT-GP] iter= 12 | dt_loss=0.053396  target_RTG=0.5623  floor=0.3602(active=0)
[DT-GP] iter= 13 | zero_steps=24.7%  mean_RTG=0.2617±0.0968  max_RTG=0.5191  avg_len=3.2  min_len=2  ls=[1.6587, 1.6587, 1.6587, 1.6587, 1.6587]
[DT-GP] iter= 13 | dt_loss=0.005874  target_RTG=0.5191  floor=0.3602(active=0)
[DT-GP] iter= 14 | zero_steps=34.9%  mean_RTG=0.3145±0.1993  max_RTG=0.8620  avg_len=2.9  min_len=1  ls=[1.4643, 1.4643, 1.4643, 1.4643, 1.4643]
[DT-GP] iter= 14 | dt_loss=0.00831  target_RTG=0.8620  floor=0.3602(active=0)
[DT-GP] iter= 15 | zero_steps=21.4%  mean_RTG=0.2787±0.0609  max_RTG=0.4341  avg_len=3.4  min_len=2  ls=[1.5095, 1.5096, 1.5096, 1.5096, 1.5099]
[DT-GP] iter= 15 | dt_loss=0.006402  target_RTG=0.4341  floor=0.3602(active=0)
[DT-GP] iter= 16 | zero_steps=36.4%  mean_RTG=0.1894±0.0758  max_RTG=0.3803  avg_len=2.6  min_len=2  ls=[1.5181, 1.5242, 1.52, 1.525, 1.6291]
[DT-GP] iter= 16 | dt_loss=0.004201  target_RTG=0.3803  floor=0.3602(active=0)
[DT-GP] iter= 17 | zero_steps=35.3%  mean_RTG=0.1491±0.0377  max_RTG=0.2497  avg_len=2.8  min_len=2  ls=[1.4795, 1.4795, 1.4795, 1.4795, 1.486]
[DT-GP] iter= 17 | dt_loss=0.00335  target_RTG=0.3602  floor=0.3602(active=1)
[DT-GP] iter= 18 | zero_steps=30.0%  mean_RTG=0.1209±0.0245  max_RTG=0.1815  avg_len=3.0  min_len=2  ls=[1.4807, 1.4816, 1.481, 1.4818, 1.4873]
[DT-GP] iter= 18 | dt_loss=0.002645  target_RTG=0.3602  floor=0.3602(active=1)
[DT-GP] iter= 19 | zero_steps=29.3%  mean_RTG=0.1209±0.0198  max_RTG=0.1715  avg_len=3.1  min_len=2  ls=[1.4792, 1.479, 1.4791, 1.479, 1.4807]
[DT-GP] iter= 19 | dt_loss=0.001933  target_RTG=0.3602  floor=0.3602(active=1)
[DT-GP] iter= 20 | zero_steps=30.3%  mean_RTG=0.1079±0.0257  max_RTG=0.1797  avg_len=3.0  min_len=2  ls=[1.4812, 1.4814, 1.4813, 1.4814, 1.4801]
[DT-GP] iter= 20 | dt_loss=0.002153  target_RTG=0.3602  floor=0.3602(active=1)
[DT-GP] iter= 21 | zero_steps=33.0%  mean_RTG=0.1013±0.0198  max_RTG=0.1550  avg_len=2.9  min_len=2  ls=[1.4806, 1.4805, 1.4806, 1.4805, 1.4813]
[DT-GP] iter= 21 | dt_loss=0.001735  target_RTG=0.3602  floor=0.3602(active=1)
[DT-GP] iter= 22 | zero_steps=35.3%  mean_RTG=0.0958±0.0272  max_RTG=0.1489  avg_len=2.8  min_len=1  ls=[1.4814, 1.4815, 1.4814, 1.4815, 1.481]
[DT-GP] iter= 22 | dt_loss=0.001493  target_RTG=0.3602  floor=0.3602(active=1)
[DT-GP] iter= 23 | zero_steps=29.0%  mean_RTG=0.0983±0.0244  max_RTG=0.1533  avg_len=3.1  min_len=2  ls=[1.482, 1.4819, 1.4819, 1.4819, 1.4823]
[DT-GP] iter= 23 | dt_loss=0.001337  target_RTG=0.3602  floor=0.3602(active=1)
[DT-GP] iter= 24 | zero_steps=31.5%  mean_RTG=0.0940±0.0248  max_RTG=0.1739  avg_len=3.0  min_len=2  ls=[1.4825, 1.4825, 1.4825, 1.4825, 1.4823]
[DT-GP] iter= 24 | dt_loss=0.002232  target_RTG=0.3602  floor=0.3602(active=1)
[DT-GP] iter= 25 | zero_steps=26.3%  mean_RTG=0.1010±0.0305  max_RTG=0.1680  avg_len=3.2  min_len=2  ls=[1.4793, 1.4793, 1.4793, 1.4793, 1.4793]
[DT-GP] iter= 25 | dt_loss=0.002903  target_RTG=0.3602  floor=0.3602(active=1)
[DT-GP] iter= 26 | zero_steps=27.4%  mean_RTG=0.0955±0.0256  max_RTG=0.1456  avg_len=3.2  min_len=2  ls=[1.4779, 1.4779, 1.4779, 1.4779, 1.4779]
[DT-GP] iter= 26 | dt_loss=0.002047  target_RTG=0.3602  floor=0.3602(active=1)
[DT-GP] iter= 27 | zero_steps=31.5%  mean_RTG=0.0856±0.0238  max_RTG=0.1470  avg_len=3.1  min_len=2  ls=[1.4741, 1.4741, 1.4741, 1.4741, 1.4741]
[DT-GP] iter= 27 | dt_loss=0.001365  target_RTG=0.3602  floor=0.3602(active=1)
[DT-GP] iter= 28 | zero_steps=29.7%  mean_RTG=0.0824±0.0216  max_RTG=0.1398  avg_len=3.0  min_len=2  ls=[1.4722, 1.4722, 1.4722, 1.4722, 1.4722]
[DT-GP] iter= 28 | dt_loss=0.001372  target_RTG=0.3602  floor=0.3602(active=1)
[DT-GP] iter= 29 | zero_steps=30.2%  mean_RTG=0.0853±0.0242  max_RTG=0.1499  avg_len=2.9  min_len=2  ls=[1.4698, 1.4698, 1.4698, 1.4698, 1.4698]
[DT-GP] iter= 29 | dt_loss=0.001202  target_RTG=0.3602  floor=0.3602(active=1)
[DT-GP] iter= 30 | zero_steps=34.9%  mean_RTG=0.0780±0.0182  max_RTG=0.1140  avg_len=2.9  min_len=2  ls=[1.4693, 1.4693, 1.4693, 1.4693, 1.4693]
[DT-GP] iter= 30 | dt_loss=0.002107  target_RTG=0.3602  floor=0.3602(active=1)
final best = -0.0615
  [DT-GP-floor01] running... Using device: cpu, dtype: torch.float64
Set random seed: 3
Save directory set to: res
Sampling 10 initial points using 'sobol' method...
Initializing BoTorch GP ensemble...
[DT-GP] iter=  1 | zero_steps=75.0%  mean_RTG=0.2649±0.4795  max_RTG=1.8009  avg_len=1.3  min_len=1  ls=[1.7333, 1.7261, 1.7326, 1.7495, 1.6665]
[DT-GP] iter=  1 | dt_loss=0.104395  target_RTG=1.8009  floor=0.0000(active=0)
[DT-GP] iter=  2 | zero_steps=73.2%  mean_RTG=0.2192±0.3580  max_RTG=1.1336  avg_len=1.4  min_len=1  ls=[1.7873, 1.7939, 1.7878, 1.7908, 1.8411]
[DT-GP] iter=  2 | dt_loss=0.083762  target_RTG=1.1336  floor=0.1801(active=0)
[DT-GP] iter=  3 | zero_steps=46.0%  mean_RTG=0.1488±0.1246  max_RTG=0.3539  avg_len=2.1  min_len=1  ls=[1.9033, 1.8994, 1.9032, 1.9024, 1.9089]
[DT-GP] iter=  3 | dt_loss=0.071548  target_RTG=0.3539  floor=0.1801(active=0)
[DT-GP] iter=  4 | zero_steps=40.8%  mean_RTG=0.1006±0.0765  max_RTG=0.3246  avg_len=2.4  min_len=1  ls=[2.0642, 2.0651, 2.0642, 2.0643, 2.0639]
[DT-GP] iter=  4 | dt_loss=0.032497  target_RTG=0.3246  floor=0.1801(active=0)
[DT-GP] iter=  5 | zero_steps=61.2%  mean_RTG=0.1078±0.1639  max_RTG=0.6915  avg_len=1.6  min_len=1  ls=[1.7391, 1.7392, 1.7391, 1.7391, 1.7393]
[DT-GP] iter=  5 | dt_loss=0.016144  target_RTG=0.6915  floor=0.1801(active=0)
[DT-GP] iter=  6 | zero_steps=38.9%  mean_RTG=0.2243±0.2909  max_RTG=1.4375  avg_len=2.4  min_len=1  ls=[1.8297, 1.8295, 1.8297, 1.8296, 1.8312]
[DT-GP] iter=  6 | dt_loss=0.020011  target_RTG=1.4375  floor=0.1801(active=0)
[DT-GP] iter=  7 | zero_steps=25.5%  mean_RTG=0.2559±0.0808  max_RTG=0.4270  avg_len=3.4  min_len=2  ls=[1.8824, 1.8824, 1.8824, 1.8824, 1.8827]
[DT-GP] iter=  7 | dt_loss=0.017919  target_RTG=0.4270  floor=0.1801(active=0)
[DT-GP] iter=  8 | zero_steps=28.7%  mean_RTG=0.2915±0.2849  max_RTG=1.8033  avg_len=3.1  min_len=2  ls=[1.9595, 1.9595, 1.9595, 1.9595, 1.9597]
[DT-GP] iter=  8 | dt_loss=0.011683  target_RTG=1.8033  floor=0.1801(active=0)
[DT-GP] iter=  9 | zero_steps=53.6%  mean_RTG=0.0839±0.0597  max_RTG=0.1713  avg_len=1.9  min_len=1  ls=[1.82, 1.82, 1.82, 1.82, 1.8208]
[DT-GP] iter=  9 | dt_loss=1.086838  target_RTG=0.1803  floor=0.1803(active=1)
[DT-GP] iter= 10 | zero_steps=44.1%  mean_RTG=0.2048±0.1472  max_RTG=0.7647  avg_len=2.3  min_len=1  ls=[1.8252, 1.8294, 1.8264, 1.8301, 1.9616]
[DT-GP] iter= 10 | dt_loss=0.265504  target_RTG=0.7647  floor=0.1803(active=0)
[DT-GP] iter= 11 | zero_steps=39.2%  mean_RTG=0.2585±0.1590  max_RTG=0.6101  avg_len=2.5  min_len=1  ls=[1.8737, 1.8703, 1.8728, 1.8697, 1.8436]
[DT-GP] iter= 11 | dt_loss=0.011838  target_RTG=0.6101  floor=0.1803(active=0)
[DT-GP] iter= 12 | zero_steps=43.5%  mean_RTG=0.3003±0.2267  max_RTG=0.7690  avg_len=2.3  min_len=1  ls=[1.5382, 1.5368, 1.5378, 1.5366, 1.5289]
[DT-GP] iter= 12 | dt_loss=0.286589  target_RTG=0.7690  floor=0.1803(active=0)
[DT-GP] iter= 13 | zero_steps=46.9%  mean_RTG=0.2206±0.2130  max_RTG=0.8431  avg_len=2.1  min_len=1  ls=[1.494, 1.4939, 1.494, 1.4938, 1.4912]
[DT-GP] iter= 13 | dt_loss=0.017766  target_RTG=0.8431  floor=0.1803(active=0)
[DT-GP] iter= 14 | zero_steps=29.5%  mean_RTG=0.3557±0.2819  max_RTG=1.2135  avg_len=2.9  min_len=1  ls=[1.5237, 1.5239, 1.5237, 1.5239, 1.5261]
[DT-GP] iter= 14 | dt_loss=0.063932  target_RTG=1.2135  floor=0.1803(active=0)
[DT-GP] iter= 15 | zero_steps=37.0%  mean_RTG=0.1957±0.1267  max_RTG=0.7398  avg_len=2.7  min_len=1  ls=[1.518, 1.5181, 1.5181, 1.5182, 1.52]
[DT-GP] iter= 15 | dt_loss=0.03435  target_RTG=0.7398  floor=0.1803(active=0)
[DT-GP] iter= 16 | zero_steps=36.7%  mean_RTG=0.3997±0.2535  max_RTG=1.0205  avg_len=2.6  min_len=1  ls=[1.5755, 1.5755, 1.5755, 1.5755, 1.5747]
[DT-GP] iter= 16 | dt_loss=0.006297  target_RTG=1.0205  floor=0.1803(active=0)
[DT-GP] iter= 17 | zero_steps=40.3%  mean_RTG=0.1184±0.0975  max_RTG=0.3526  avg_len=2.4  min_len=1  ls=[1.6182, 1.6182, 1.6182, 1.6183, 1.6198]
[DT-GP] iter= 17 | dt_loss=0.003547  target_RTG=0.3526  floor=0.1803(active=0)
[DT-GP] iter= 18 | zero_steps=47.6%  mean_RTG=0.0355±0.0252  max_RTG=0.0870  avg_len=2.1  min_len=1  ls=[1.4033, 1.4033, 1.4033, 1.4034, 1.4044]
[DT-GP] iter= 18 | dt_loss=0.004794  target_RTG=0.1803  floor=0.1803(active=1)
[DT-GP] iter= 19 | zero_steps=56.6%  mean_RTG=0.0073±0.0079  max_RTG=0.0261  avg_len=1.8  min_len=1  ls=[1.3714, 1.3713, 1.3714, 1.3712, 1.3727]
[DT-GP] iter= 19 | dt_loss=0.014964  target_RTG=0.1803  floor=0.1803(active=1)
[DT-GP] iter= 20 | zero_steps=51.7%  mean_RTG=0.0103±0.0085  max_RTG=0.0242  avg_len=1.9  min_len=1  ls=[1.3664, 1.3664, 1.3664, 1.3663, 1.369]
[DT-GP] iter= 20 | dt_loss=0.002192  target_RTG=0.1803  floor=0.1803(active=1)
[DT-GP] iter= 21 | zero_steps=65.2%  mean_RTG=0.0048±0.0080  max_RTG=0.0371  avg_len=1.5  min_len=1  ls=[1.3681, 1.3682, 1.3681, 1.3682, 1.367]
[DT-GP] iter= 21 | dt_loss=0.033145  target_RTG=0.1803  floor=0.1803(active=1)
[DT-GP] iter= 22 | zero_steps=56.6%  mean_RTG=0.0091±0.0099  max_RTG=0.0297  avg_len=1.8  min_len=1  ls=[1.3772, 1.3771, 1.3772, 1.3771, 1.3785]
[DT-GP] iter= 22 | dt_loss=0.003613  target_RTG=0.1803  floor=0.1803(active=1)
[DT-GP] iter= 23 | zero_steps=60.0%  mean_RTG=0.0059±0.0073  max_RTG=0.0275  avg_len=1.7  min_len=1  ls=[1.3738, 1.3738, 1.3738, 1.3738, 1.3751]
[DT-GP] iter= 23 | dt_loss=0.00662  target_RTG=0.1803  floor=0.1803(active=1)
[DT-GP] iter= 24 | zero_steps=62.5%  mean_RTG=0.0063±0.0079  max_RTG=0.0240  avg_len=1.6  min_len=1  ls=[1.374, 1.374, 1.374, 1.374, 1.3737]
[DT-GP] iter= 24 | dt_loss=0.022705  target_RTG=0.1803  floor=0.1803(active=1)
[DT-GP] iter= 25 | zero_steps=83.3%  mean_RTG=0.0020±0.0045  max_RTG=0.0162  avg_len=1.2  min_len=1  ls=[1.3738, 1.3738, 1.3738, 1.3738, 1.374]
[DT-GP] iter= 25 | dt_loss=0.004272  target_RTG=0.1803  floor=0.1803(active=1)
[DT-GP] iter= 26 | zero_steps=71.4%  mean_RTG=0.0035±0.0054  max_RTG=0.0160  avg_len=1.4  min_len=1  ls=[1.372, 1.372, 1.372, 1.372, 1.372]
[DT-GP] iter= 26 | dt_loss=0.014727  target_RTG=0.1803  floor=0.1803(active=1)
[DT-GP] iter= 27 | zero_steps=62.5%  mean_RTG=0.0052±0.0079  max_RTG=0.0305  avg_len=1.6  min_len=1  ls=[1.374, 1.374, 1.374, 1.374, 1.374]
[DT-GP] iter= 27 | dt_loss=0.011558  target_RTG=0.1803  floor=0.1803(active=1)
[DT-GP] iter= 28 | zero_steps=66.7%  mean_RTG=0.0039±0.0059  max_RTG=0.0186  avg_len=1.5  min_len=1  ls=[1.3721, 1.3721, 1.3721, 1.3721, 1.3722]
[DT-GP] iter= 28 | dt_loss=0.016235  target_RTG=0.1803  floor=0.1803(active=1)
[DT-GP] iter= 29 | zero_steps=58.8%  mean_RTG=0.0055±0.0082  max_RTG=0.0330  avg_len=1.7  min_len=1  ls=[1.3728, 1.3728, 1.3728, 1.3728, 1.3728]
[DT-GP] iter= 29 | dt_loss=0.025072  target_RTG=0.1803  floor=0.1803(active=1)
[DT-GP] iter= 30 | zero_steps=66.7%  mean_RTG=0.0034±0.0054  max_RTG=0.0206  avg_len=1.5  min_len=1  ls=[1.3727, 1.3727, 1.3727, 1.3727, 1.3728]
[DT-GP] iter= 30 | dt_loss=0.013485  target_RTG=0.1803  floor=0.1803(active=1)
final best = -0.0002
  [DT-GT-dynamic] running... Using device: cpu, dtype: torch.float64
Set random seed: 3
Save directory set to: res
Sampling 10 initial points using 'sobol' method...
Initializing BoTorch GP ensemble...
[DT-GT] iter=  1 | zero_steps=90.9%  mean_RTG=0.0067±0.0362  max_RTG=0.2019  avg_len=1.1  min_len=1  ls=[1.7333, 1.7261, 1.7326, 1.7495, 1.6665]
[DT-GT] iter=  1 | dt_loss=0.064964  target_RTG=0.2019
[DT-GT] iter=  2 | zero_steps=46.9%  mean_RTG=0.2106±0.0386  max_RTG=0.2329  avg_len=2.1  min_len=2  ls=[1.7783, 1.7762, 1.7779, 1.7815, 1.8303]
[DT-GT] iter=  2 | dt_loss=0.056777  target_RTG=0.2329
[DT-GT] iter=  3 | zero_steps=43.3%  mean_RTG=0.0780±0.0818  max_RTG=0.2067  avg_len=2.0  min_len=1  ls=[1.8772, 1.8875, 1.8771, 1.886, 1.8894]
[DT-GT] iter=  3 | dt_loss=0.03225  target_RTG=0.2067
[DT-GT] iter=  4 | zero_steps=34.2%  mean_RTG=0.1233±0.0675  max_RTG=0.2311  avg_len=2.6  min_len=1  ls=[2.0385, 2.0384, 2.0383, 2.0399, 2.041]
[DT-GT] iter=  4 | dt_loss=0.006113  target_RTG=0.2311
[DT-GT] iter=  5 | zero_steps=25.8%  mean_RTG=0.2192±0.0157  max_RTG=0.2325  avg_len=3.1  min_len=2  ls=[1.8056, 1.8132, 1.8078, 1.8131, 2.0431]
[DT-GT] iter=  5 | dt_loss=0.011037  target_RTG=0.2325
[DT-GT] iter=  6 | zero_steps=50.0%  mean_RTG=0.0934±0.0740  max_RTG=0.1785  avg_len=1.9  min_len=1  ls=[1.9504, 1.9586, 1.9551, 1.9589, 1.9672]
[DT-GT] iter=  6 | dt_loss=0.008666  target_RTG=0.1785
[DT-GT] iter=  7 | zero_steps=31.4%  mean_RTG=0.1675±0.0198  max_RTG=0.1786  avg_len=2.9  min_len=2  ls=[1.9224, 1.921, 1.9215, 1.9207, 1.9153]
[DT-GT] iter=  7 | dt_loss=0.010528  target_RTG=0.1786
[DT-GT] iter=  8 | zero_steps=27.4%  mean_RTG=0.1699±0.0126  max_RTG=0.1779  avg_len=3.2  min_len=2  ls=[1.8793, 1.8793, 1.8793, 1.8792, 1.8819]
[DT-GT] iter=  8 | dt_loss=0.00851  target_RTG=0.1779
[DT-GT] iter=  9 | zero_steps=28.0%  mean_RTG=0.1733±0.0051  max_RTG=0.1781  avg_len=3.3  min_len=2  ls=[1.894, 1.894, 1.894, 1.894, 1.8921]
[DT-GT] iter=  9 | dt_loss=0.006689  target_RTG=0.1781
[DT-GT] iter= 10 | zero_steps=25.5%  mean_RTG=0.1745±0.0065  max_RTG=0.1788  avg_len=3.3  min_len=2  ls=[1.8288, 1.8288, 1.8288, 1.8288, 1.8286]
[DT-GT] iter= 10 | dt_loss=0.014756  target_RTG=0.1788
[DT-GT] iter= 11 | zero_steps=34.5%  mean_RTG=0.1268±0.0059  max_RTG=0.1308  avg_len=2.9  min_len=2  ls=[1.8416, 1.8415, 1.8416, 1.8415, 1.8415]
[DT-GT] iter= 11 | dt_loss=0.010751  target_RTG=0.1308
[DT-GT] iter= 12 | zero_steps=24.0%  mean_RTG=0.0918±0.0006  max_RTG=0.0922  avg_len=3.5  min_len=3  ls=[1.864, 1.864, 1.864, 1.864, 1.864]
[DT-GT] iter= 12 | dt_loss=0.004549  target_RTG=0.0922
[DT-GT] iter= 13 | zero_steps=22.0%  mean_RTG=0.0902±0.0009  max_RTG=0.0919  avg_len=3.6  min_len=3  ls=[1.8517, 1.8517, 1.8517, 1.8517, 1.8517]
[DT-GT] iter= 13 | dt_loss=0.003581  target_RTG=0.0919
[DT-GT] iter= 14 | zero_steps=21.4%  mean_RTG=0.0899±0.0010  max_RTG=0.0915  avg_len=3.4  min_len=2  ls=[1.8269, 1.8269, 1.8269, 1.8269, 1.8269]
[DT-GT] iter= 14 | dt_loss=0.002634  target_RTG=0.0915
[DT-GT] iter= 15 | zero_steps=25.2%  mean_RTG=0.0899±0.0015  max_RTG=0.0918  avg_len=3.4  min_len=2  ls=[1.8188, 1.8188, 1.8188, 1.8188, 1.8188]
[DT-GT] iter= 15 | dt_loss=0.00257  target_RTG=0.0918
[DT-GT] iter= 16 | zero_steps=24.0%  mean_RTG=0.0896±0.0023  max_RTG=0.0917  avg_len=3.3  min_len=2  ls=[1.7978, 1.7978, 1.7978, 1.7978, 1.7978]
[DT-GT] iter= 16 | dt_loss=0.002016  target_RTG=0.0917
[DT-GT] iter= 17 | zero_steps=29.9%  mean_RTG=0.0897±0.0013  max_RTG=0.0916  avg_len=3.2  min_len=2  ls=[1.7896, 1.7896, 1.7896, 1.7896, 1.7896]
[DT-GT] iter= 17 | dt_loss=0.001791  target_RTG=0.0916
[DT-GT] iter= 18 | zero_steps=19.6%  mean_RTG=0.0898±0.0011  max_RTG=0.0915  avg_len=3.6  min_len=2  ls=[1.7851, 1.7851, 1.7851, 1.7851, 1.7851]
[DT-GT] iter= 18 | dt_loss=0.001872  target_RTG=0.0915
[DT-GT] iter= 19 | zero_steps=23.1%  mean_RTG=0.0898±0.0018  max_RTG=0.0917  avg_len=3.5  min_len=2  ls=[1.7771, 1.7771, 1.7771, 1.7771, 1.7771]
[DT-GT] iter= 19 | dt_loss=0.002011  target_RTG=0.0917
[DT-GT] iter= 20 | zero_steps=21.7%  mean_RTG=0.0900±0.0009  max_RTG=0.0919  avg_len=3.5  min_len=2  ls=[1.7757, 1.7757, 1.7757, 1.7757, 1.7757]
[DT-GT] iter= 20 | dt_loss=0.001307  target_RTG=0.0919
[DT-GT] iter= 21 | zero_steps=27.6%  mean_RTG=0.0899±0.0015  max_RTG=0.0920  avg_len=3.3  min_len=2  ls=[1.7717, 1.7717, 1.7717, 1.7717, 1.7717]
[DT-GT] iter= 21 | dt_loss=0.001309  target_RTG=0.0920
[DT-GT] iter= 22 | zero_steps=27.7%  mean_RTG=0.0899±0.0016  max_RTG=0.0916  avg_len=3.4  min_len=2  ls=[1.7739, 1.7739, 1.7739, 1.7739, 1.7739]
[DT-GT] iter= 22 | dt_loss=0.001572  target_RTG=0.0916
[DT-GT] iter= 23 | zero_steps=22.1%  mean_RTG=0.0897±0.0018  max_RTG=0.0920  avg_len=3.5  min_len=2  ls=[1.7718, 1.7718, 1.7718, 1.7718, 1.7718]
[DT-GT] iter= 23 | dt_loss=0.001529  target_RTG=0.0920
[DT-GT] iter= 24 | zero_steps=23.1%  mean_RTG=0.0896±0.0012  max_RTG=0.0918  avg_len=3.6  min_len=2  ls=[1.774, 1.774, 1.774, 1.774, 1.774]
[DT-GT] iter= 24 | dt_loss=0.001645  target_RTG=0.0918
[DT-GT] iter= 25 | zero_steps=21.8%  mean_RTG=0.0895±0.0015  max_RTG=0.0918  avg_len=3.4  min_len=2  ls=[1.7721, 1.7721, 1.7721, 1.7721, 1.7721]
[DT-GT] iter= 25 | dt_loss=0.001378  target_RTG=0.0918
[DT-GT] iter= 26 | zero_steps=23.3%  mean_RTG=0.0899±0.0010  max_RTG=0.0917  avg_len=3.4  min_len=2  ls=[1.7721, 1.7721, 1.7721, 1.7721, 1.7721]
[DT-GT] iter= 26 | dt_loss=0.001228  target_RTG=0.0917
[DT-GT] iter= 27 | zero_steps=21.6%  mean_RTG=0.0898±0.0015  max_RTG=0.0918  avg_len=3.4  min_len=2  ls=[1.7693, 1.7693, 1.7693, 1.7693, 1.7693]
[DT-GT] iter= 27 | dt_loss=0.001156  target_RTG=0.0918
[DT-GT] iter= 28 | zero_steps=28.1%  mean_RTG=0.0864±0.0016  max_RTG=0.0889  avg_len=3.2  min_len=2  ls=[1.7622, 1.7622, 1.7622, 1.7622, 1.7622]
[DT-GT] iter= 28 | dt_loss=0.001364  target_RTG=0.0889
[DT-GT] iter= 29 | zero_steps=24.2%  mean_RTG=0.0855±0.0021  max_RTG=0.0885  avg_len=3.3  min_len=2  ls=[1.7563, 1.7563, 1.7563, 1.7563, 1.7563]
[DT-GT] iter= 29 | dt_loss=0.001033  target_RTG=0.0885
[DT-GT] iter= 30 | zero_steps=27.4%  mean_RTG=0.0845±0.0023  max_RTG=0.0884  avg_len=3.2  min_len=2  ls=[1.7552, 1.7552, 1.7552, 1.7552, 1.7552]
[DT-GT] iter= 30 | dt_loss=0.000911  target_RTG=0.0884
final best = -0.0923
  [ckpt] 4/10 saved → res/floored_rtg_dtgp_levy/floored_rtg_dtgp.ckpt.json

── Trial 5/10  (seed=4) ────────────────────────────────────────
  [DT-GP-floor05] running... Using device: cpu, dtype: torch.float64
Set random seed: 4
Save directory set to: res
Sampling 10 initial points using 'sobol' method...
Initializing BoTorch GP ensemble...
[DT-GP] iter=  1 | zero_steps=75.0%  mean_RTG=0.4184±0.7495  max_RTG=2.6127  avg_len=1.3  min_len=1  ls=[0.1, 2.3813, 2.3951, 2.3876, 7.3406]
[DT-GP] iter=  1 | dt_loss=1.649996  target_RTG=2.6127  floor=0.0000(active=0)
[DT-GP] iter=  2 | zero_steps=78.9%  mean_RTG=0.0958±0.2408  max_RTG=1.2047  avg_len=1.3  min_len=1  ls=[0.1, 2.3518, 2.349, 2.3668, 3.4442]
[DT-GP] iter=  2 | dt_loss=0.03727  target_RTG=1.3064  floor=1.3064(active=1)
[DT-GP] iter=  3 | zero_steps=51.8%  mean_RTG=0.8797±0.9845  max_RTG=3.2119  avg_len=1.9  min_len=1  ls=[0.1, 2.1892, 2.1945, 2.1866, 2.1902]
[DT-GP] iter=  3 | dt_loss=0.073761  target_RTG=3.2119  floor=1.3064(active=0)
[DT-GP] iter=  4 | zero_steps=63.8%  mean_RTG=0.0671±0.2005  max_RTG=1.1115  avg_len=1.6  min_len=1  ls=[0.1, 1.9271, 1.9303, 1.9243, 2.1212]
[DT-GP] iter=  4 | dt_loss=0.315735  target_RTG=1.6059  floor=1.6059(active=1)
[DT-GP] iter=  5 | zero_steps=56.6%  mean_RTG=0.0664±0.1029  max_RTG=0.4587  avg_len=1.8  min_len=1  ls=[2.2917, 1.9731, 1.9756, 1.9735, 1.948]
[DT-GP] iter=  5 | dt_loss=0.020167  target_RTG=1.6059  floor=1.6059(active=1)
[DT-GP] iter=  6 | zero_steps=47.6%  mean_RTG=0.0209±0.0187  max_RTG=0.0774  avg_len=2.1  min_len=1  ls=[1.9709, 2.0192, 2.0186, 2.0189, 2.0151]
[DT-GP] iter=  6 | dt_loss=0.009321  target_RTG=1.6059  floor=1.6059(active=1)
[DT-GP] iter=  7 | zero_steps=85.7%  mean_RTG=0.0027±0.0091  max_RTG=0.0449  avg_len=1.2  min_len=1  ls=[2.0102, 2.0053, 2.0054, 2.0053, 2.007]
[DT-GP] iter=  7 | dt_loss=0.005477  target_RTG=1.6059  floor=1.6059(active=1)
[DT-GP] iter=  8 | zero_steps=38.7%  mean_RTG=0.1101±0.0864  max_RTG=0.3230  avg_len=2.5  min_len=1  ls=[1.7918, 1.7923, 1.7923, 1.7923, 1.7936]
[DT-GP] iter=  8 | dt_loss=0.007633  target_RTG=1.6059  floor=1.6059(active=1)
[DT-GP] iter=  9 | zero_steps=40.3%  mean_RTG=0.0541±0.0448  max_RTG=0.1863  avg_len=2.4  min_len=1  ls=[1.8261, 1.8243, 1.8243, 1.8243, 1.825]
[DT-GP] iter=  9 | dt_loss=0.004795  target_RTG=1.6059  floor=1.6059(active=1)
[DT-GP] iter= 10 | zero_steps=54.5%  mean_RTG=0.0216±0.0299  max_RTG=0.1437  avg_len=1.8  min_len=1  ls=[1.8573, 1.8586, 1.8586, 1.8586, 1.8581]
[DT-GP] iter= 10 | dt_loss=0.004878  target_RTG=1.6059  floor=1.6059(active=1)
[DT-GP] iter= 11 | zero_steps=63.8%  mean_RTG=0.0077±0.0106  max_RTG=0.0416  avg_len=1.6  min_len=1  ls=[1.8842, 1.8849, 1.885, 1.8849, 1.8848]
[DT-GP] iter= 11 | dt_loss=0.01252  target_RTG=1.6059  floor=1.6059(active=1)
[DT-GP] iter= 12 | zero_steps=68.2%  mean_RTG=0.0033±0.0064  max_RTG=0.0247  avg_len=1.5  min_len=1  ls=[1.8871, 1.8861, 1.8861, 1.8861, 1.8863]
[DT-GP] iter= 12 | dt_loss=0.003688  target_RTG=1.6059  floor=1.6059(active=1)
[DT-GP] iter= 13 | zero_steps=100.0%  mean_RTG=0.0000±0.0000  max_RTG=0.0000  avg_len=1.0  min_len=1  ls=[1.8195, 1.8187, 1.8187, 1.8187, 1.8188]
[DT-GP] iter= 13 | dt_loss=0.002916  target_RTG=1.6059  floor=1.6059(active=1)
[DT-GP] iter= 14 | zero_steps=93.8%  mean_RTG=0.0043±0.0226  max_RTG=0.1261  avg_len=1.1  min_len=1  ls=[1.7864, 1.7866, 1.7866, 1.7866, 1.7865]
[DT-GP] iter= 14 | dt_loss=0.00646  target_RTG=1.6059  floor=1.6059(active=1)
[DT-GP] iter= 15 | zero_steps=83.3%  mean_RTG=0.0169±0.0584  max_RTG=0.3043  avg_len=1.2  min_len=1  ls=[1.7798, 1.7797, 1.7797, 1.7797, 1.7797]
[DT-GP] iter= 15 | dt_loss=0.004834  target_RTG=1.6059  floor=1.6059(active=1)
[DT-GP] iter= 16 | zero_steps=90.9%  mean_RTG=0.0031±0.0110  max_RTG=0.0565  avg_len=1.1  min_len=1  ls=[1.772, 1.7719, 1.7719, 1.7719, 1.772]
[DT-GP] iter= 16 | dt_loss=0.003624  target_RTG=1.6059  floor=1.6059(active=1)
[DT-GP] iter= 17 | zero_steps=83.3%  mean_RTG=0.0258±0.0904  max_RTG=0.4431  avg_len=1.2  min_len=1  ls=[1.7653, 1.7653, 1.7653, 1.7653, 1.7653]
[DT-GP] iter= 17 | dt_loss=0.013993  target_RTG=1.6059  floor=1.6059(active=1)
[DT-GP] iter= 18 | zero_steps=66.7%  mean_RTG=0.0076±0.0124  max_RTG=0.0417  avg_len=1.5  min_len=1  ls=[1.7475, 1.7475, 1.7475, 1.7475, 1.7475]
[DT-GP] iter= 18 | dt_loss=0.0672  target_RTG=1.6059  floor=1.6059(active=1)
[DT-GP] iter= 19 | zero_steps=63.8%  mean_RTG=0.0069±0.0140  max_RTG=0.0589  avg_len=1.6  min_len=1  ls=[1.7409, 1.7409, 1.7409, 1.7409, 1.7409]
[DT-GP] iter= 19 | dt_loss=0.074348  target_RTG=1.6059  floor=1.6059(active=1)
[DT-GP] iter= 20 | zero_steps=62.5%  mean_RTG=0.0070±0.0125  max_RTG=0.0583  avg_len=1.6  min_len=1  ls=[1.7209, 1.7209, 1.7209, 1.7209, 1.7209]
[DT-GP] iter= 20 | dt_loss=0.077203  target_RTG=1.6059  floor=1.6059(active=1)
[DT-GP] iter= 21 | zero_steps=55.6%  mean_RTG=0.0111±0.0100  max_RTG=0.0380  avg_len=1.8  min_len=1  ls=[1.7441, 1.7441, 1.7441, 1.7441, 1.7441]
[DT-GP] iter= 21 | dt_loss=0.00166  target_RTG=1.6059  floor=1.6059(active=1)
[DT-GP] iter= 22 | zero_steps=75.0%  mean_RTG=0.0082±0.0226  max_RTG=0.0984  avg_len=1.3  min_len=1  ls=[1.7393, 1.7393, 1.7393, 1.7393, 1.7393]
[DT-GP] iter= 22 | dt_loss=0.06272  target_RTG=1.6059  floor=1.6059(active=1)
[DT-GP] iter= 23 | zero_steps=61.2%  mean_RTG=0.0057±0.0086  max_RTG=0.0384  avg_len=1.6  min_len=1  ls=[1.7525, 1.7525, 1.7525, 1.7525, 1.7525]
[DT-GP] iter= 23 | dt_loss=0.041015  target_RTG=1.6059  floor=1.6059(active=1)
[DT-GP] iter= 24 | zero_steps=73.2%  mean_RTG=0.0033±0.0063  max_RTG=0.0222  avg_len=1.4  min_len=1  ls=[1.7352, 1.7352, 1.7352, 1.7352, 1.7352]
[DT-GP] iter= 24 | dt_loss=0.075615  target_RTG=1.6059  floor=1.6059(active=1)
[DT-GP] iter= 25 | zero_steps=68.2%  mean_RTG=0.0053±0.0089  max_RTG=0.0366  avg_len=1.5  min_len=1  ls=[1.7193, 1.7193, 1.7193, 1.7193, 1.7193]
[DT-GP] iter= 25 | dt_loss=0.002523  target_RTG=1.6059  floor=1.6059(active=1)
[DT-GP] iter= 26 | zero_steps=69.8%  mean_RTG=0.0030±0.0047  max_RTG=0.0198  avg_len=1.4  min_len=1  ls=[1.7517, 1.7517, 1.7517, 1.7517, 1.7517]
[DT-GP] iter= 26 | dt_loss=0.001419  target_RTG=1.6059  floor=1.6059(active=1)
[DT-GP] iter= 27 | zero_steps=68.2%  mean_RTG=0.0035±0.0065  max_RTG=0.0265  avg_len=1.5  min_len=1  ls=[1.7479, 1.7479, 1.7479, 1.7479, 1.7479]
[DT-GP] iter= 27 | dt_loss=0.002216  target_RTG=1.6059  floor=1.6059(active=1)
[DT-GP] iter= 28 | zero_steps=71.4%  mean_RTG=0.0021±0.0035  max_RTG=0.0120  avg_len=1.4  min_len=1  ls=[1.7517, 1.7517, 1.7517, 1.7517, 1.7517]
[DT-GP] iter= 28 | dt_loss=0.002338  target_RTG=1.6059  floor=1.6059(active=1)
[DT-GP] iter= 29 | zero_steps=68.2%  mean_RTG=0.0030±0.0052  max_RTG=0.0175  avg_len=1.5  min_len=1  ls=[1.749, 1.749, 1.749, 1.749, 1.749]
[DT-GP] iter= 29 | dt_loss=0.004956  target_RTG=1.6059  floor=1.6059(active=1)
[DT-GP] iter= 30 | zero_steps=71.4%  mean_RTG=0.0025±0.0053  max_RTG=0.0195  avg_len=1.4  min_len=1  ls=[1.7518, 1.7518, 1.7518, 1.7518, 1.7518]
[DT-GP] iter= 30 | dt_loss=0.01099  target_RTG=1.6059  floor=1.6059(active=1)
final best = -0.0004
  [DT-GP-floor02] running... Using device: cpu, dtype: torch.float64
Set random seed: 4
Save directory set to: res
Sampling 10 initial points using 'sobol' method...
Initializing BoTorch GP ensemble...
[DT-GP] iter=  1 | zero_steps=75.0%  mean_RTG=0.4184±0.7495  max_RTG=2.6127  avg_len=1.3  min_len=1  ls=[0.1, 2.3813, 2.3951, 2.3876, 7.3406]
[DT-GP] iter=  1 | dt_loss=1.649996  target_RTG=2.6127  floor=0.0000(active=0)
[DT-GP] iter=  2 | zero_steps=78.9%  mean_RTG=0.0958±0.2408  max_RTG=1.2047  avg_len=1.3  min_len=1  ls=[0.1, 2.3518, 2.349, 2.3668, 3.4442]
[DT-GP] iter=  2 | dt_loss=0.03727  target_RTG=1.2047  floor=0.5225(active=0)
[DT-GP] iter=  3 | zero_steps=48.3%  mean_RTG=0.9124±0.9425  max_RTG=3.1529  avg_len=2.0  min_len=1  ls=[0.1, 2.1919, 2.1966, 2.1886, 2.1859]
[DT-GP] iter=  3 | dt_loss=0.063904  target_RTG=3.1529  floor=0.5225(active=0)
[DT-GP] iter=  4 | zero_steps=76.9%  mean_RTG=0.0495±0.1668  max_RTG=0.9141  avg_len=1.3  min_len=1  ls=[0.1, 1.922, 1.9228, 1.9203, 2.1235]
[DT-GP] iter=  4 | dt_loss=0.442877  target_RTG=0.9141  floor=0.6306(active=0)
[DT-GP] iter=  5 | zero_steps=50.8%  mean_RTG=0.1055±0.1120  max_RTG=0.4591  avg_len=2.0  min_len=1  ls=[2.2151, 1.879, 1.879, 1.8788, 1.9141]
[DT-GP] iter=  5 | dt_loss=0.011462  target_RTG=0.6306  floor=0.6306(active=1)
[DT-GP] iter=  6 | zero_steps=51.7%  mean_RTG=0.0246±0.0238  max_RTG=0.0790  avg_len=1.9  min_len=1  ls=[1.9432, 1.94, 1.9401, 1.9403, 1.9369]
[DT-GP] iter=  6 | dt_loss=0.008612  target_RTG=0.6306  floor=0.6306(active=1)
[DT-GP] iter=  7 | zero_steps=57.7%  mean_RTG=0.0104±0.0138  max_RTG=0.0476  avg_len=1.7  min_len=1  ls=[1.9208, 1.9285, 1.9285, 1.9192, 1.9286]
[DT-GP] iter=  7 | dt_loss=0.004588  target_RTG=0.6306  floor=0.6306(active=1)
[DT-GP] iter=  8 | zero_steps=76.9%  mean_RTG=0.0046±0.0099  max_RTG=0.0404  avg_len=1.3  min_len=1  ls=[1.9364, 1.9375, 1.9375, 1.9382, 1.937]
[DT-GP] iter=  8 | dt_loss=0.006344  target_RTG=0.6306  floor=0.6306(active=1)
[DT-GP] iter=  9 | zero_steps=75.0%  mean_RTG=0.0029±0.0052  max_RTG=0.0195  avg_len=1.3  min_len=1  ls=[1.9463, 1.9446, 1.9446, 1.9443, 1.9454]
[DT-GP] iter=  9 | dt_loss=0.00249  target_RTG=0.6306  floor=0.6306(active=1)
[DT-GP] iter= 10 | zero_steps=93.8%  mean_RTG=0.0007±0.0025  max_RTG=0.0115  avg_len=1.1  min_len=1  ls=[1.9558, 1.9579, 1.9579, 1.9582, 1.957]
[DT-GP] iter= 10 | dt_loss=0.004011  target_RTG=0.6306  floor=0.6306(active=1)
[DT-GP] iter= 11 | zero_steps=88.2%  mean_RTG=0.0019±0.0057  max_RTG=0.0254  avg_len=1.1  min_len=1  ls=[1.9551, 1.9546, 1.9546, 1.9546, 1.9547]
[DT-GP] iter= 11 | dt_loss=0.002972  target_RTG=0.6306  floor=0.6306(active=1)
[DT-GP] iter= 12 | zero_steps=85.7%  mean_RTG=0.0011±0.0032  max_RTG=0.0138  avg_len=1.2  min_len=1  ls=[1.9711, 1.9716, 1.9716, 1.9716, 1.9715]
[DT-GP] iter= 12 | dt_loss=0.002527  target_RTG=0.6306  floor=0.6306(active=1)
[DT-GP] iter= 13 | zero_steps=83.3%  mean_RTG=0.0027±0.0072  max_RTG=0.0325  avg_len=1.2  min_len=1  ls=[1.9721, 1.9718, 1.9718, 1.9718, 1.9719]
[DT-GP] iter= 13 | dt_loss=0.003111  target_RTG=0.6306  floor=0.6306(active=1)
[DT-GP] iter= 14 | zero_steps=75.0%  mean_RTG=0.0027±0.0047  max_RTG=0.0173  avg_len=1.3  min_len=1  ls=[1.9986, 1.9982, 1.9982, 1.9982, 1.9983]
[DT-GP] iter= 14 | dt_loss=0.001337  target_RTG=0.6306  floor=0.6306(active=1)
[DT-GP] iter= 15 | zero_steps=78.9%  mean_RTG=0.0009±0.0022  max_RTG=0.0097  avg_len=1.3  min_len=1  ls=[1.9942, 1.9946, 1.9946, 1.9945, 1.9945]
[DT-GP] iter= 15 | dt_loss=0.001712  target_RTG=0.6306  floor=0.6306(active=1)
[DT-GP] iter= 16 | zero_steps=81.1%  mean_RTG=0.0016±0.0041  max_RTG=0.0194  avg_len=1.2  min_len=1  ls=[1.9843, 1.9844, 1.9844, 1.9844, 1.9844]
[DT-GP] iter= 16 | dt_loss=0.001609  target_RTG=0.6306  floor=0.6306(active=1)
[DT-GP] iter= 17 | zero_steps=83.3%  mean_RTG=0.0016±0.0038  max_RTG=0.0130  avg_len=1.2  min_len=1  ls=[1.9805, 1.9805, 1.9805, 1.9805, 1.9805]
[DT-GP] iter= 17 | dt_loss=0.012042  target_RTG=0.6306  floor=0.6306(active=1)
[DT-GP] iter= 18 | zero_steps=81.1%  mean_RTG=0.0037±0.0132  max_RTG=0.0721  avg_len=1.2  min_len=1  ls=[1.978, 1.978, 1.978, 1.978, 1.978]
[DT-GP] iter= 18 | dt_loss=0.029519  target_RTG=0.6306  floor=0.6306(active=1)
[DT-GP] iter= 19 | zero_steps=96.8%  mean_RTG=0.0006±0.0033  max_RTG=0.0184  avg_len=1.0  min_len=1  ls=[1.9095, 1.9095, 1.9095, 1.9095, 1.9095]
[DT-GP] iter= 19 | dt_loss=0.001382  target_RTG=0.6306  floor=0.6306(active=1)
[DT-GP] iter= 20 | zero_steps=81.1%  mean_RTG=0.0024±0.0064  max_RTG=0.0318  avg_len=1.2  min_len=1  ls=[1.8651, 1.8651, 1.8651, 1.8651, 1.8651]
[DT-GP] iter= 20 | dt_loss=0.004507  target_RTG=0.6306  floor=0.6306(active=1)
[DT-GP] iter= 21 | zero_steps=96.8%  mean_RTG=0.0003±0.0017  max_RTG=0.0092  avg_len=1.0  min_len=1  ls=[1.8482, 1.8482, 1.8482, 1.8482, 1.8482]
[DT-GP] iter= 21 | dt_loss=0.001313  target_RTG=0.6306  floor=0.6306(active=1)
[DT-GP] iter= 22 | zero_steps=85.7%  mean_RTG=0.0018±0.0069  max_RTG=0.0375  avg_len=1.2  min_len=1  ls=[1.8267, 1.8267, 1.8267, 1.8267, 1.8267]
[DT-GP] iter= 22 | dt_loss=0.001955  target_RTG=0.6306  floor=0.6306(active=1)
[DT-GP] iter= 23 | zero_steps=56.6%  mean_RTG=0.0065±0.0073  max_RTG=0.0231  avg_len=1.8  min_len=1  ls=[1.8346, 1.8346, 1.8346, 1.8346, 1.8346]
[DT-GP] iter= 23 | dt_loss=0.005721  target_RTG=0.6306  floor=0.6306(active=1)
[DT-GP] iter= 24 | zero_steps=76.9%  mean_RTG=0.0018±0.0039  max_RTG=0.0161  avg_len=1.3  min_len=1  ls=[1.8326, 1.8326, 1.8326, 1.8326, 1.8326]
[DT-GP] iter= 24 | dt_loss=0.015956  target_RTG=0.6306  floor=0.6306(active=1)
[DT-GP] iter= 25 | zero_steps=61.2%  mean_RTG=0.0049±0.0062  max_RTG=0.0212  avg_len=1.6  min_len=1  ls=[1.8253, 1.8253, 1.8253, 1.8253, 1.8253]
[DT-GP] iter= 25 | dt_loss=0.00682  target_RTG=0.6306  floor=0.6306(active=1)
[DT-GP] iter= 26 | zero_steps=68.2%  mean_RTG=0.0045±0.0066  max_RTG=0.0223  avg_len=1.5  min_len=1  ls=[1.8223, 1.8223, 1.8223, 1.8223, 1.8223]
[DT-GP] iter= 26 | dt_loss=0.008646  target_RTG=0.6306  floor=0.6306(active=1)
[DT-GP] iter= 27 | zero_steps=65.2%  mean_RTG=0.0042±0.0059  max_RTG=0.0177  avg_len=1.5  min_len=1  ls=[1.823, 1.823, 1.823, 1.823, 1.823]
[DT-GP] iter= 27 | dt_loss=0.0161  target_RTG=0.6306  floor=0.6306(active=1)
[DT-GP] iter= 28 | zero_steps=69.8%  mean_RTG=0.0033±0.0055  max_RTG=0.0202  avg_len=1.4  min_len=1  ls=[1.8191, 1.8191, 1.8191, 1.8191, 1.8191]
[DT-GP] iter= 28 | dt_loss=0.016336  target_RTG=0.6306  floor=0.6306(active=1)
[DT-GP] iter= 29 | zero_steps=68.2%  mean_RTG=0.0032±0.0057  max_RTG=0.0199  avg_len=1.5  min_len=1  ls=[1.8198, 1.8198, 1.8198, 1.8198, 1.8198]
[DT-GP] iter= 29 | dt_loss=0.024513  target_RTG=0.6306  floor=0.6306(active=1)
[DT-GP] iter= 30 | zero_steps=61.2%  mean_RTG=0.0054±0.0065  max_RTG=0.0216  avg_len=1.6  min_len=1  ls=[1.8176, 1.8176, 1.8176, 1.8176, 1.8176]
[DT-GP] iter= 30 | dt_loss=0.013653  target_RTG=0.6306  floor=0.6306(active=1)
final best = -0.0013
  [DT-GP-floor01] running... Using device: cpu, dtype: torch.float64
Set random seed: 4
Save directory set to: res
Sampling 10 initial points using 'sobol' method...
Initializing BoTorch GP ensemble...
[DT-GP] iter=  1 | zero_steps=75.0%  mean_RTG=0.4184±0.7495  max_RTG=2.6127  avg_len=1.3  min_len=1  ls=[0.1, 2.3813, 2.3951, 2.3876, 7.3406]
[DT-GP] iter=  1 | dt_loss=1.649996  target_RTG=2.6127  floor=0.0000(active=0)
[DT-GP] iter=  2 | zero_steps=78.9%  mean_RTG=0.0958±0.2408  max_RTG=1.2047  avg_len=1.3  min_len=1  ls=[0.1, 2.3518, 2.349, 2.3668, 3.4442]
[DT-GP] iter=  2 | dt_loss=0.03727  target_RTG=1.2047  floor=0.2613(active=0)
[DT-GP] iter=  3 | zero_steps=48.3%  mean_RTG=0.9124±0.9425  max_RTG=3.1529  avg_len=2.0  min_len=1  ls=[0.1, 2.1919, 2.1966, 2.1886, 2.1859]
[DT-GP] iter=  3 | dt_loss=0.063904  target_RTG=3.1529  floor=0.2613(active=0)
[DT-GP] iter=  4 | zero_steps=76.9%  mean_RTG=0.0495±0.1668  max_RTG=0.9141  avg_len=1.3  min_len=1  ls=[0.1, 1.922, 1.9228, 1.9203, 2.1235]
[DT-GP] iter=  4 | dt_loss=0.442877  target_RTG=0.9141  floor=0.3153(active=0)
[DT-GP] iter=  5 | zero_steps=50.8%  mean_RTG=0.1055±0.1120  max_RTG=0.4591  avg_len=2.0  min_len=1  ls=[2.2151, 1.879, 1.879, 1.8788, 1.9141]
[DT-GP] iter=  5 | dt_loss=0.011462  target_RTG=0.4591  floor=0.3153(active=0)
[DT-GP] iter=  6 | zero_steps=51.7%  mean_RTG=0.0240±0.0233  max_RTG=0.0782  avg_len=1.9  min_len=1  ls=[1.9417, 1.9384, 1.9385, 1.9386, 1.9353]
[DT-GP] iter=  6 | dt_loss=0.007327  target_RTG=0.3153  floor=0.3153(active=1)
[DT-GP] iter=  7 | zero_steps=56.6%  mean_RTG=0.0099±0.0127  max_RTG=0.0426  avg_len=1.8  min_len=1  ls=[1.9252, 1.9333, 1.9333, 1.9333, 1.9326]
[DT-GP] iter=  7 | dt_loss=0.003343  target_RTG=0.3153  floor=0.3153(active=1)
[DT-GP] iter=  8 | zero_steps=71.4%  mean_RTG=0.0058±0.0103  max_RTG=0.0420  avg_len=1.4  min_len=1  ls=[1.9439, 1.9353, 1.9353, 1.9353, 1.936]
[DT-GP] iter=  8 | dt_loss=0.004901  target_RTG=0.3153  floor=0.3153(active=1)
[DT-GP] iter=  9 | zero_steps=88.2%  mean_RTG=0.0008±0.0024  max_RTG=0.0111  avg_len=1.1  min_len=1  ls=[1.941, 1.9401, 1.9401, 1.9401, 1.9395]
[DT-GP] iter=  9 | dt_loss=0.00449  target_RTG=0.3153  floor=0.3153(active=1)
[DT-GP] iter= 10 | zero_steps=96.8%  mean_RTG=0.0005±0.0027  max_RTG=0.0150  avg_len=1.0  min_len=1  ls=[1.9389, 1.9393, 1.9393, 1.9393, 1.9396]
[DT-GP] iter= 10 | dt_loss=0.002447  target_RTG=0.3153  floor=0.3153(active=1)
[DT-GP] iter= 11 | zero_steps=88.2%  mean_RTG=0.0021±0.0064  max_RTG=0.0276  avg_len=1.1  min_len=1  ls=[1.943, 1.9426, 1.9426, 1.9426, 1.9422]
[DT-GP] iter= 11 | dt_loss=0.002844  target_RTG=0.3153  floor=0.3153(active=1)
[DT-GP] iter= 12 | zero_steps=85.7%  mean_RTG=0.0006±0.0015  max_RTG=0.0057  avg_len=1.2  min_len=1  ls=[1.9593, 1.9596, 1.9596, 1.9596, 1.9601]
[DT-GP] iter= 12 | dt_loss=0.00421  target_RTG=0.3153  floor=0.3153(active=1)
[DT-GP] iter= 13 | zero_steps=85.7%  mean_RTG=0.0027±0.0095  max_RTG=0.0494  avg_len=1.2  min_len=1  ls=[1.9535, 1.9533, 1.9533, 1.9533, 1.953]
[DT-GP] iter= 13 | dt_loss=0.005399  target_RTG=0.3153  floor=0.3153(active=1)
[DT-GP] iter= 14 | zero_steps=65.2%  mean_RTG=0.0046±0.0063  max_RTG=0.0215  avg_len=1.5  min_len=1  ls=[1.9802, 1.9801, 1.9801, 1.9801, 1.98]
[DT-GP] iter= 14 | dt_loss=0.00193  target_RTG=0.3153  floor=0.3153(active=1)
[DT-GP] iter= 15 | zero_steps=73.2%  mean_RTG=0.0020±0.0035  max_RTG=0.0138  avg_len=1.4  min_len=1  ls=[1.9781, 1.9781, 1.9781, 1.9781, 1.9782]
[DT-GP] iter= 15 | dt_loss=0.001291  target_RTG=0.3153  floor=0.3153(active=1)
[DT-GP] iter= 16 | zero_steps=85.7%  mean_RTG=0.0015±0.0042  max_RTG=0.0189  avg_len=1.2  min_len=1  ls=[1.9799, 1.9798, 1.9798, 1.9798, 1.9797]
[DT-GP] iter= 16 | dt_loss=0.001405  target_RTG=0.3153  floor=0.3153(active=1)
[DT-GP] iter= 17 | zero_steps=83.3%  mean_RTG=0.0011±0.0027  max_RTG=0.0107  avg_len=1.2  min_len=1  ls=[1.9798, 1.9798, 1.9798, 1.9798, 1.9799]
[DT-GP] iter= 17 | dt_loss=0.001444  target_RTG=0.3153  floor=0.3153(active=1)
[DT-GP] iter= 18 | zero_steps=85.7%  mean_RTG=0.0019±0.0063  max_RTG=0.0316  avg_len=1.2  min_len=1  ls=[1.9814, 1.9814, 1.9814, 1.9814, 1.9813]
[DT-GP] iter= 18 | dt_loss=0.001224  target_RTG=0.3153  floor=0.3153(active=1)
[DT-GP] iter= 19 | zero_steps=83.3%  mean_RTG=0.0016±0.0045  max_RTG=0.0219  avg_len=1.2  min_len=1  ls=[1.9821, 1.9822, 1.9822, 1.9822, 1.9822]
[DT-GP] iter= 19 | dt_loss=0.001398  target_RTG=0.3153  floor=0.3153(active=1)
[DT-GP] iter= 20 | zero_steps=83.3%  mean_RTG=0.0017±0.0039  max_RTG=0.0166  avg_len=1.2  min_len=1  ls=[1.9799, 1.9799, 1.9799, 1.9799, 1.9798]
[DT-GP] iter= 20 | dt_loss=0.001291  target_RTG=0.3153  floor=0.3153(active=1)
[DT-GP] iter= 21 | zero_steps=76.9%  mean_RTG=0.0019±0.0039  max_RTG=0.0135  avg_len=1.3  min_len=1  ls=[1.9762, 1.9762, 1.9762, 1.9762, 1.9762]
[DT-GP] iter= 21 | dt_loss=0.01064  target_RTG=0.3153  floor=0.3153(active=1)
[DT-GP] iter= 22 | zero_steps=73.2%  mean_RTG=0.0021±0.0044  max_RTG=0.0209  avg_len=1.4  min_len=1  ls=[1.9681, 1.9681, 1.9681, 1.9681, 1.9681]
[DT-GP] iter= 22 | dt_loss=0.020951  target_RTG=0.3153  floor=0.3153(active=1)
[DT-GP] iter= 23 | zero_steps=93.8%  mean_RTG=0.0002±0.0006  max_RTG=0.0024  avg_len=1.1  min_len=1  ls=[1.9032, 1.9032, 1.9032, 1.9032, 1.9032]
[DT-GP] iter= 23 | dt_loss=0.002948  target_RTG=0.3153  floor=0.3153(active=1)
[DT-GP] iter= 24 | zero_steps=96.8%  mean_RTG=0.0001±0.0004  max_RTG=0.0020  avg_len=1.0  min_len=1  ls=[1.8937, 1.8937, 1.8937, 1.8937, 1.8937]
[DT-GP] iter= 24 | dt_loss=0.001665  target_RTG=0.3153  floor=0.3153(active=1)
[DT-GP] iter= 25 | zero_steps=90.9%  mean_RTG=0.0011±0.0035  max_RTG=0.0152  avg_len=1.1  min_len=1  ls=[1.8903, 1.8903, 1.8903, 1.8903, 1.8903]
[DT-GP] iter= 25 | dt_loss=0.001654  target_RTG=0.3153  floor=0.3153(active=1)
[DT-GP] iter= 26 | zero_steps=96.8%  mean_RTG=0.0004±0.0019  max_RTG=0.0107  avg_len=1.0  min_len=1  ls=[1.8892, 1.8892, 1.8892, 1.8892, 1.8892]
[DT-GP] iter= 26 | dt_loss=0.000794  target_RTG=0.3153  floor=0.3153(active=1)
[DT-GP] iter= 27 | zero_steps=96.8%  mean_RTG=0.0005±0.0028  max_RTG=0.0155  avg_len=1.0  min_len=1  ls=[1.8884, 1.8884, 1.8884, 1.8884, 1.8884]
[DT-GP] iter= 27 | dt_loss=0.001016  target_RTG=0.3153  floor=0.3153(active=1)
[DT-GP] iter= 28 | zero_steps=93.8%  mean_RTG=0.0020±0.0077  max_RTG=0.0343  avg_len=1.1  min_len=1  ls=[1.8886, 1.8886, 1.8886, 1.8886, 1.8886]
[DT-GP] iter= 28 | dt_loss=0.000947  target_RTG=0.3153  floor=0.3153(active=1)
[DT-GP] iter= 29 | zero_steps=93.8%  mean_RTG=0.0006±0.0032  max_RTG=0.0179  avg_len=1.1  min_len=1  ls=[1.8877, 1.8877, 1.8877, 1.8877, 1.8877]
[DT-GP] iter= 29 | dt_loss=0.000864  target_RTG=0.3153  floor=0.3153(active=1)
[DT-GP] iter= 30 | zero_steps=90.9%  mean_RTG=0.0020±0.0073  max_RTG=0.0369  avg_len=1.1  min_len=1  ls=[1.8896, 1.8896, 1.8896, 1.8896, 1.8896]
[DT-GP] iter= 30 | dt_loss=0.00062  target_RTG=0.3153  floor=0.3153(active=1)
final best = -0.0008
  [DT-GT-dynamic] running... Using device: cpu, dtype: torch.float64
Set random seed: 4
Save directory set to: res
Sampling 10 initial points using 'sobol' method...
Initializing BoTorch GP ensemble...
[DT-GT] iter=  1 | zero_steps=96.8%  mean_RTG=0.0001±0.0005  max_RTG=0.0028  avg_len=1.0  min_len=1  ls=[0.1, 2.3813, 2.3951, 2.3876, 7.3406]
[DT-GT] iter=  1 | dt_loss=0.075298  target_RTG=0.0028
[DT-GT] iter=  2 | zero_steps=76.9%  mean_RTG=0.0164±0.0371  max_RTG=0.1295  avg_len=1.3  min_len=1  ls=[1.5507, 2.4223, 2.4212, 2.3075, 3.97]
[DT-GT] iter=  2 | dt_loss=0.105283  target_RTG=0.1295
[DT-GT] iter=  3 | zero_steps=66.7%  mean_RTG=0.0438±0.0568  max_RTG=0.1299  avg_len=1.5  min_len=1  ls=[1.9961, 2.0032, 2.0031, 1.9856, 1.9342]
[DT-GT] iter=  3 | dt_loss=0.211632  target_RTG=0.1299
[DT-GT] iter=  4 | zero_steps=73.2%  mean_RTG=0.0298±0.0499  max_RTG=0.1298  avg_len=1.4  min_len=1  ls=[2.093, 2.1013, 2.0999, 2.0905, 2.464]
[DT-GT] iter=  4 | dt_loss=0.314064  target_RTG=0.1298
[DT-GT] iter=  5 | zero_steps=53.6%  mean_RTG=0.0604±0.0581  max_RTG=0.1305  avg_len=1.9  min_len=1  ls=[2.1817, 2.1826, 2.1828, 2.1809, 2.1433]
[DT-GT] iter=  5 | dt_loss=0.331246  target_RTG=0.1305
[DT-GT] iter=  6 | zero_steps=43.5%  mean_RTG=0.1039±0.0412  max_RTG=0.1287  avg_len=2.3  min_len=1  ls=[2.2816, 2.2813, 2.2813, 2.2817, 2.2612]
[DT-GT] iter=  6 | dt_loss=0.020834  target_RTG=0.1287
[DT-GT] iter=  7 | zero_steps=36.1%  mean_RTG=0.1199±0.0040  max_RTG=0.1294  avg_len=2.8  min_len=2  ls=[2.3192, 2.3193, 2.3193, 2.3189, 2.319]
[DT-GT] iter=  7 | dt_loss=0.00852  target_RTG=0.1294
[DT-GT] iter=  8 | zero_steps=40.5%  mean_RTG=0.1024±0.0406  max_RTG=0.1284  avg_len=2.5  min_len=1  ls=[1.7669, 1.7669, 1.7669, 1.767, 1.7756]
[DT-GT] iter=  8 | dt_loss=0.01954  target_RTG=0.1284
[DT-GT] iter=  9 | zero_steps=37.7%  mean_RTG=0.1191±0.0055  max_RTG=0.1287  avg_len=2.6  min_len=2  ls=[1.8229, 1.8206, 1.8205, 1.8249, 2.2526]
[DT-GT] iter=  9 | dt_loss=0.005876  target_RTG=0.1287
[DT-GT] iter= 10 | zero_steps=35.3%  mean_RTG=0.1177±0.0315  max_RTG=0.1296  avg_len=2.8  min_len=1  ls=[2.2766, 1.9654, 1.8881, 2.2784, 2.2538]
[DT-GT] iter= 10 | dt_loss=0.008659  target_RTG=0.1296
[DT-GT] iter= 11 | zero_steps=35.3%  mean_RTG=0.1211±0.0226  max_RTG=0.1282  avg_len=2.8  min_len=1  ls=[2.2513, 2.2425, 2.2342, 2.2442, 2.2432]
[DT-GT] iter= 11 | dt_loss=0.003522  target_RTG=0.1282
[DT-GT] iter= 12 | zero_steps=43.5%  mean_RTG=0.1169±0.0221  max_RTG=0.1260  avg_len=2.3  min_len=1  ls=[2.226, 2.2281, 2.2279, 2.2291, 2.2294]
[DT-GT] iter= 12 | dt_loss=0.011628  target_RTG=0.1260
[DT-GT] iter= 13 | zero_steps=46.2%  mean_RTG=0.0941±0.0427  max_RTG=0.1305  avg_len=2.2  min_len=1  ls=[1.8922, 1.8932, 1.8931, 1.8934, 1.8935]
[DT-GT] iter= 13 | dt_loss=0.191873  target_RTG=0.1305
[DT-GT] iter= 14 | zero_steps=46.9%  mean_RTG=0.0904±0.0501  max_RTG=0.1265  avg_len=2.1  min_len=1  ls=[1.8813, 1.8819, 1.8818, 1.8819, 1.882]
[DT-GT] iter= 14 | dt_loss=0.558408  target_RTG=0.1265
[DT-GT] iter= 15 | zero_steps=46.9%  mean_RTG=0.1025±0.0291  max_RTG=0.1282  avg_len=2.1  min_len=1  ls=[1.7133, 1.7129, 1.7129, 1.7128, 1.7128]
[DT-GT] iter= 15 | dt_loss=0.226437  target_RTG=0.1282
[DT-GT] iter= 16 | zero_steps=75.0%  mean_RTG=0.0392±0.0554  max_RTG=0.1226  avg_len=1.3  min_len=1  ls=[1.6505, 1.6502, 1.6503, 1.6502, 1.6502]
[DT-GT] iter= 16 | dt_loss=0.004258  target_RTG=0.1226
[DT-GT] iter= 17 | zero_steps=35.7%  mean_RTG=0.1186±0.0230  max_RTG=0.1303  avg_len=2.8  min_len=1  ls=[1.7315, 1.7314, 1.7314, 1.7314, 1.7314]
[DT-GT] iter= 17 | dt_loss=0.009593  target_RTG=0.1303
[DT-GT] iter= 18 | zero_steps=34.5%  mean_RTG=0.1235±0.0076  max_RTG=0.1297  avg_len=2.8  min_len=2  ls=[1.5878, 1.5877, 1.5878, 1.5877, 1.5877]
[DT-GT] iter= 18 | dt_loss=0.010747  target_RTG=0.1297
[DT-GT] iter= 19 | zero_steps=40.0%  mean_RTG=0.1193±0.0231  max_RTG=0.1309  avg_len=2.5  min_len=1  ls=[1.5344, 1.5343, 1.5343, 1.5343, 1.5343]
[DT-GT] iter= 19 | dt_loss=0.013073  target_RTG=0.1309
[DT-GT] iter= 20 | zero_steps=40.0%  mean_RTG=0.1169±0.0317  max_RTG=0.1311  avg_len=2.5  min_len=1  ls=[1.551, 1.5509, 1.5509, 1.5509, 1.5509]
[DT-GT] iter= 20 | dt_loss=0.004981  target_RTG=0.1311
[DT-GT] iter= 21 | zero_steps=27.2%  mean_RTG=0.1167±0.0318  max_RTG=0.1304  avg_len=3.1  min_len=1  ls=[1.5088, 1.5088, 1.5088, 1.5088, 1.5088]
[DT-GT] iter= 21 | dt_loss=0.005985  target_RTG=0.1304
[DT-GT] iter= 22 | zero_steps=28.7%  mean_RTG=0.1071±0.0428  max_RTG=0.1307  avg_len=2.9  min_len=1  ls=[1.5028, 1.5028, 1.5028, 1.5028, 1.5028]
[DT-GT] iter= 22 | dt_loss=0.00823  target_RTG=0.1307
[DT-GT] iter= 23 | zero_steps=29.3%  mean_RTG=0.1194±0.0321  max_RTG=0.1309  avg_len=3.1  min_len=1  ls=[1.472, 1.472, 1.472, 1.472, 1.472]
[DT-GT] iter= 23 | dt_loss=0.137156  target_RTG=0.1309
[DT-GT] iter= 24 | zero_steps=35.3%  mean_RTG=0.1224±0.0233  max_RTG=0.1308  avg_len=2.8  min_len=1  ls=[1.4415, 1.4415, 1.4415, 1.4415, 1.4415]
[DT-GT] iter= 24 | dt_loss=0.017727  target_RTG=0.1308
[DT-GT] iter= 25 | zero_steps=26.2%  mean_RTG=0.1228±0.0235  max_RTG=0.1307  avg_len=3.4  min_len=1  ls=[1.4605, 1.4605, 1.4605, 1.4605, 1.4605]
[DT-GT] iter= 25 | dt_loss=0.03661  target_RTG=0.1307
[DT-GT] iter= 26 | zero_steps=55.6%  mean_RTG=0.0006±0.0007  max_RTG=0.0022  avg_len=1.8  min_len=1  ls=[1.4054, 1.4054, 1.4054, 1.4054, 1.4054]
[DT-GT] iter= 26 | dt_loss=0.002123  target_RTG=0.0022
[DT-GT] iter= 27 | zero_steps=93.8%  mean_RTG=0.0000±0.0001  max_RTG=0.0005  avg_len=1.1  min_len=1  ls=[1.3946, 1.3946, 1.3946, 1.3946, 1.3946]
[DT-GT] iter= 27 | dt_loss=0.003397  target_RTG=0.0005
[DT-GT] iter= 28 | zero_steps=100.0%  mean_RTG=0.0000±0.0000  max_RTG=0.0000  avg_len=1.0  min_len=1  ls=[1.3959, 1.3959, 1.3959, 1.3959, 1.3959]
[DT-GT] iter= 28 | dt_loss=0.007044  target_RTG=0.0000
[DT-GT] iter= 29 | zero_steps=100.0%  mean_RTG=0.0000±0.0000  max_RTG=0.0000  avg_len=1.0  min_len=1  ls=[1.3985, 1.3985, 1.3985, 1.3985, 1.3985]
[DT-GT] iter= 29 | dt_loss=0.002527  target_RTG=0.0000
[DT-GT] iter= 30 | zero_steps=100.0%  mean_RTG=0.0000±0.0000  max_RTG=0.0000  avg_len=1.0  min_len=1  ls=[1.3982, 1.3982, 1.3982, 1.3982, 1.3982]
[DT-GT] iter= 30 | dt_loss=0.003001  target_RTG=0.0000
final best = -0.0002
  [ckpt] 5/10 saved → res/floored_rtg_dtgp_levy/floored_rtg_dtgp.ckpt.json

── Trial 6/10  (seed=5) ────────────────────────────────────────
  [DT-GP-floor05] running... 